symbol,name,market,strategy,score,price,pb_proxy,volume_ratio,returns_3m,rsi,ma_aligned,checks
032850,비트컴퓨터,KOSDAQ,그레이엄 순유동자산,100,5610.0,1.26,1.59,14.37,49.3,True,"['✅ 52주 저가 대비 1.26', '✅ 거래량 1.6배', '✅ 3M 수익 14.4%', '✅ RSI 49.3', '✅ 정배열']"
048910,대원미디어,KOSDAQ,그레이엄 순유동자산,100,8740.0,1.25,1.95,5.81,57.6,True,"['✅ 52주 저가 대비 1.25', '✅ 거래량 2.0배', '✅ 3M 수익 5.8%', '✅ RSI 57.6', '✅ 정배열']"
065530,와이어블,KOSDAQ,그레이엄 순유동자산,100,1424.0,1.21,3.38,2.45,56.3,True,"['✅ 52주 저가 대비 1.21', '✅ 거래량 3.4배', '✅ 3M 수익 2.4%', '✅ RSI 56.3', '✅ 정배열']"
081150,티플랙스,KOSDAQ,그레이엄 순유동자산,100,3345.0,1.23,3.22,15.34,58.3,True,"['✅ 52주 저가 대비 1.23', '✅ 거래량 3.2배', '✅ 3M 수익 15.3%', '✅ RSI 58.3', '✅ 정배열']"
097870,효성오앤비,KOSDAQ,그레이엄 순유동자산,100,6560.0,1.18,2.21,6.15,54.6,True,"['✅ 52주 저가 대비 1.18', '✅ 거래량 2.2배', '✅ 3M 수익 6.1%', '✅ RSI 54.6', '✅ 정배열']"
137950,제이씨케미칼,KOSDAQ,그레이엄 순유동자산,100,3975.0,1.27,2.75,17.95,59.4,True,"['✅ 52주 저가 대비 1.27', '✅ 거래량 2.7배', '✅ 3M 수익 18.0%', '✅ RSI 59.4', '✅ 정배열']"
002870,신풍,KOSPI,그레이엄 순유동자산,100,1246.0,1.25,1.58,8.73,53.3,True,"['✅ 52주 저가 대비 1.25', '✅ 거래량 1.6배', '✅ 3M 수익 8.7%', '✅ RSI 53.3', '✅ 정배열']"
005010,휴스틸,KOSPI,그레이엄 순유동자산,100,4810.0,1.26,1.84,17.03,57.1,True,"['✅ 52주 저가 대비 1.26', '✅ 거래량 1.8배', '✅ 3M 수익 17.0%', '✅ RSI 57.1', '✅ 정배열']"
017860,단석,KOSPI,그레이엄 순유동자산,100,19410.0,1.24,2.4,1.71,52.3,True,"['✅ 52주 저가 대비 1.24', '✅ 거래량 2.4배', '✅ 3M 수익 1.7%', '✅ RSI 52.3', '✅ 정배열']"
047400,유니온머티리얼,KOSPI,그레이엄 순유동자산,100,1580.0,1.22,2.78,12.06,52.4,True,"['✅ 52주 저가 대비 1.22', '✅ 거래량 2.8배', '✅ 3M 수익 12.1%', '✅ RSI 52.4', '✅ 정배열']"
122260,통안채1년,KOSPI,그레이엄 순유동자산,100,103070.0,1.02,3.07,0.59,60.0,True,"['✅ 52주 저가 대비 1.02', '✅ 거래량 3.1배', '✅ 3M 수익 0.6%', '✅ RSI 60.0', '✅ 정배열']"
013990,아가방컴퍼니,KOSDAQ,그레이엄 순유동자산,90,4985.0,1.18,1.0,10.78,53.4,True,"['✅ 52주 저가 대비 1.18', '⚡ 거래량 1.0배', '✅ 3M 수익 10.8%', '✅ RSI 53.4', '✅ 정배열']"
023900,풍국주정,KOSDAQ,그레이엄 순유동자산,90,9950.0,1.21,1.23,5.63,58.6,True,"['✅ 52주 저가 대비 1.21', '⚡ 거래량 1.2배', '✅ 3M 수익 5.6%', '✅ RSI 58.6', '✅ 정배열']"
064240,홈캐스트,KOSDAQ,그레이엄 순유동자산,90,2150.0,1.24,1.19,12.62,47.9,True,"['✅ 52주 저가 대비 1.24', '⚡ 거래량 1.2배', '✅ 3M 수익 12.6%', '✅ RSI 47.9', '✅ 정배열']"
105760,포스뱅크,KOSDAQ,그레이엄 순유동자산,90,5600.0,1.19,1.08,3.9,49.6,True,"['✅ 52주 저가 대비 1.19', '⚡ 거래량 1.1배', '✅ 3M 수익 3.9%', '✅ RSI 49.6', '✅ 정배열']"
109080,옵티시스,KOSDAQ,그레이엄 순유동자산,90,10390.0,1.32,3.07,24.58,59.1,True,"['⚡ 52주 저가 대비 1.32', '✅ 거래량 3.1배', '✅ 3M 수익 24.6%', '✅ RSI 59.1', '✅ 정배열']"
110790,크리스에프앤씨,KOSDAQ,그레이엄 순유동자산,90,4305.0,1.13,1.17,0.82,59.3,True,"['✅ 52주 저가 대비 1.13', '⚡ 거래량 1.2배', '✅ 3M 수익 0.8%', '✅ RSI 59.3', '✅ 정배열']"
215480,토박스코리아,KOSDAQ,그레이엄 순유동자산,90,2115.0,1.2,1.03,4.19,55.4,True,"['✅ 52주 저가 대비 1.20', '⚡ 거래량 1.0배', '✅ 3M 수익 4.2%', '✅ RSI 55.4', '✅ 정배열']"
000700,유수홀딩스,KOSPI,그레이엄 순유동자산,90,6450.0,1.25,1.09,3.7,48.2,True,"['✅ 52주 저가 대비 1.25', '⚡ 거래량 1.1배', '✅ 3M 수익 3.7%', '✅ RSI 48.2', '✅ 정배열']"
002100,경농,KOSPI,그레이엄 순유동자산,90,9690.0,1.14,1.34,2.76,48.6,True,"['✅ 52주 저가 대비 1.14', '⚡ 거래량 1.3배', '✅ 3M 수익 2.8%', '✅ RSI 48.6', '✅ 정배열']"
002780,진흥기업,KOSPI,그레이엄 순유동자산,90,793.0,1.26,1.07,8.78,43.6,True,"['✅ 52주 저가 대비 1.26', '⚡ 거래량 1.1배', '✅ 3M 수익 8.8%', '✅ RSI 43.6', '✅ 정배열']"
005680,삼영전자,KOSPI,그레이엄 순유동자산,90,12750.0,1.29,1.09,17.95,49.7,True,"['✅ 52주 저가 대비 1.29', '⚡ 거래량 1.1배', '✅ 3M 수익 17.9%', '✅ RSI 49.7', '✅ 정배열']"
006880,신송홀딩스,KOSPI,그레이엄 순유동자산,90,7150.0,1.1,1.1,0.99,51.8,True,"['✅ 52주 저가 대비 1.10', '⚡ 거래량 1.1배', '✅ 3M 수익 1.0%', '✅ RSI 51.8', '✅ 정배열']"
009680,모토닉,KOSPI,그레이엄 순유동자산,90,11020.0,1.23,1.62,-3.76,44.9,True,"['✅ 52주 저가 대비 1.23', '✅ 거래량 1.6배', '⚡ 3M 수익 -3.8%', '✅ RSI 44.9', '✅ 정배열']"
017900,광전자,KOSPI,그레이엄 순유동자산,90,2050.0,1.22,1.09,12.89,52.5,True,"['✅ 52주 저가 대비 1.22', '⚡ 거래량 1.1배', '✅ 3M 수익 12.9%', '✅ RSI 52.5', '✅ 정배열']"
145720,덴티움,KOSPI,그레이엄 순유동자산,90,52500.0,1.2,1.07,6.82,50.0,True,"['✅ 52주 저가 대비 1.20', '⚡ 거래량 1.1배', '✅ 3M 수익 6.8%', '✅ RSI 50.0', '✅ 정배열']"
282000,국고채3년선물인버스,KOSPI,그레이엄 순유동자산,90,113025.0,1.05,1.14,0.75,56.8,True,"['✅ 52주 저가 대비 1.05', '⚡ 거래량 1.1배', '✅ 3M 수익 0.8%', '✅ RSI 56.8', '✅ 정배열']"
292770,국채선물3년인버스,KOSPI,그레이엄 순유동자산,90,56815.0,1.05,1.33,0.69,58.5,True,"['✅ 52주 저가 대비 1.05', '⚡ 거래량 1.3배', '✅ 3M 수익 0.7%', '✅ RSI 58.5', '✅ 정배열']"
300950,게임산업,KOSPI,그레이엄 순유동자산,90,6670.0,1.15,1.04,8.63,48.6,True,"['✅ 52주 저가 대비 1.15', '⚡ 거래량 1.0배', '✅ 3M 수익 8.6%', '✅ RSI 48.6', '✅ 정배열']"
306200,세아제강,KOSPI,그레이엄 순유동자산,90,138200.0,1.23,1.14,12.91,52.2,True,"['✅ 52주 저가 대비 1.23', '⚡ 거래량 1.1배', '✅ 3M 수익 12.9%', '✅ RSI 52.2', '✅ 정배열']"
373790,미국방어배당성장나스닥,KOSPI,그레이엄 순유동자산,90,17100.0,1.2,1.11,8.78,55.9,True,"['✅ 52주 저가 대비 1.20', '⚡ 거래량 1.1배', '✅ 3M 수익 8.8%', '✅ RSI 55.9', '✅ 정배열']"
409810,미국나스닥100선물인버스,KOSPI,그레이엄 순유동자산,90,6650.0,1.08,1.38,5.81,54.1,True,"['✅ 52주 저가 대비 1.08', '⚡ 거래량 1.4배', '✅ 3M 수익 5.8%', '✅ RSI 54.1', '✅ 정배열']"
025880,케이씨피드,KOSDAQ,그레이엄 순유동자산,85,2970.0,1.18,1.96,7.22,62.6,True,"['✅ 52주 저가 대비 1.18', '✅ 거래량 2.0배', '✅ 3M 수익 7.2%', '❌ RSI 62.6', '✅ 정배열']"
052330,코텍,KOSDAQ,그레이엄 순유동자산,85,10000.0,1.18,2.15,11.61,40.9,False,"['✅ 52주 저가 대비 1.18', '✅ 거래량 2.1배', '✅ 3M 수익 11.6%', '✅ RSI 40.9', '❌ 역배열/혼조']"
072870,메가스터디,KOSDAQ,그레이엄 순유동자산,85,12820.0,1.26,1.9,9.76,65.7,True,"['✅ 52주 저가 대비 1.26', '✅ 거래량 1.9배', '✅ 3M 수익 9.8%', '❌ RSI 65.7', '✅ 정배열']"
187220,디티앤씨,KOSDAQ,그레이엄 순유동자산,85,2835.0,1.3,2.8,10.74,63.5,True,"['✅ 52주 저가 대비 1.30', '✅ 거래량 2.8배', '✅ 3M 수익 10.7%', '❌ RSI 63.5', '✅ 정배열']"
000910,유니온,KOSPI,그레이엄 순유동자산,85,4415.0,1.14,2.45,1.38,46.6,False,"['✅ 52주 저가 대비 1.14', '✅ 거래량 2.4배', '✅ 3M 수익 1.4%', '✅ RSI 46.6', '❌ 역배열/혼조']"
003920,남양유업,KOSPI,그레이엄 순유동자산,85,55900.0,1.21,1.69,11.35,62.0,True,"['✅ 52주 저가 대비 1.21', '✅ 거래량 1.7배', '✅ 3M 수익 11.4%', '❌ RSI 62.0', '✅ 정배열']"
008355,남선알미우,KOSPI,그레이엄 순유동자산,85,14960.0,1.24,1.73,22.52,58.0,False,"['✅ 52주 저가 대비 1.24', '✅ 거래량 1.7배', '✅ 3M 수익 22.5%', '✅ RSI 58.0', '❌ 역배열/혼조']"
018470,조일알미늄,KOSPI,그레이엄 순유동자산,85,1344.0,1.23,2.1,5.74,55.9,False,"['✅ 52주 저가 대비 1.23', '✅ 거래량 2.1배', '✅ 3M 수익 5.7%', '✅ RSI 55.9', '❌ 역배열/혼조']"
072130,유엔젤,KOSPI,그레이엄 순유동자산,85,5030.0,1.2,2.66,1.51,61.0,True,"['✅ 52주 저가 대비 1.20', '✅ 거래량 2.7배', '✅ 3M 수익 1.5%', '❌ RSI 61.0', '✅ 정배열']"
196230,단기통안채,KOSPI,그레이엄 순유동자산,85,115670.0,1.02,1.5,0.56,89.7,True,"['✅ 52주 저가 대비 1.02', '✅ 거래량 1.5배', '✅ 3M 수익 0.6%', '❌ RSI 89.7', '✅ 정배열']"
225800,미국달러선물레버리지,KOSPI,그레이엄 순유동자산,85,17520.0,1.27,1.68,4.03,67.3,True,"['✅ 52주 저가 대비 1.27', '✅ 거래량 1.7배', '✅ 3M 수익 4.0%', '❌ RSI 67.3', '✅ 정배열']"
465780,마이티,KOSPI,그레이엄 순유동자산,85,105080.0,1.03,1.62,0.72,89.2,True,"['✅ 52주 저가 대비 1.03', '✅ 거래량 1.6배', '✅ 3M 수익 0.7%', '❌ RSI 89.2', '✅ 정배열']"
481050,년금리플러스액티브,KOSPI,그레이엄 순유동자산,85,1022510.0,1.03,1.88,0.72,100.0,True,"['✅ 52주 저가 대비 1.03', '✅ 거래량 1.9배', '✅ 3M 수익 0.7%', '❌ RSI 100.0', '✅ 정배열']"
495710,특수채,KOSPI,그레이엄 순유동자산,85,51435.0,1.03,3.49,0.7,89.5,True,"['✅ 52주 저가 대비 1.03', '✅ 거래량 3.5배', '✅ 3M 수익 0.7%', '❌ RSI 89.5', '✅ 정배열']"
496020,전단채플러스액티브,KOSPI,그레이엄 순유동자산,85,51640.0,1.03,1.81,0.92,100.0,True,"['✅ 52주 저가 대비 1.03', '✅ 거래량 1.8배', '✅ 3M 수익 0.9%', '❌ RSI 100.0', '✅ 정배열']"
006620,동구바이오제약,KOSDAQ,그레이엄 순유동자산,80,5490.0,1.15,1.1,-4.19,47.2,True,"['✅ 52주 저가 대비 1.15', '⚡ 거래량 1.1배', '⚡ 3M 수익 -4.2%', '✅ RSI 47.2', '✅ 정배열']"
013810,스페코,KOSDAQ,그레이엄 순유동자산,80,2840.0,1.21,0.41,19.83,52.2,True,"['✅ 52주 저가 대비 1.21', '✅ 3M 수익 19.8%', '✅ RSI 52.2', '✅ 정배열']"
015710,코콤,KOSDAQ,그레이엄 순유동자산,80,3845.0,1.14,0.95,4.63,48.7,True,"['✅ 52주 저가 대비 1.14', '✅ 3M 수익 4.6%', '✅ RSI 48.7', '✅ 정배열']"
027710,팜스토리,KOSDAQ,그레이엄 순유동자산,80,1324.0,1.2,0.58,11.26,41.4,True,"['✅ 52주 저가 대비 1.20', '✅ 3M 수익 11.3%', '✅ RSI 41.4', '✅ 정배열']"
032080,아즈텍WB,KOSDAQ,그레이엄 순유동자산,80,1315.0,1.14,0.32,2.9,50.8,True,"['✅ 52주 저가 대비 1.14', '✅ 3M 수익 2.9%', '✅ RSI 50.8', '✅ 정배열']"
033050,제이엠아이,KOSDAQ,그레이엄 순유동자산,80,897.0,1.2,0.77,12.27,51.7,True,"['✅ 52주 저가 대비 1.20', '✅ 3M 수익 12.3%', '✅ RSI 51.7', '✅ 정배열']"
033320,제이씨현시스템,KOSDAQ,그레이엄 순유동자산,80,4525.0,1.14,0.43,6.85,52.0,True,"['✅ 52주 저가 대비 1.14', '✅ 3M 수익 6.8%', '✅ RSI 52.0', '✅ 정배열']"
033500,동성화인텍,KOSDAQ,그레이엄 순유동자산,80,28200.0,1.31,1.01,6.42,43.3,True,"['⚡ 52주 저가 대비 1.31', '⚡ 거래량 1.0배', '✅ 3M 수익 6.4%', '✅ RSI 43.3', '✅ 정배열']"
033560,블루콤,KOSDAQ,그레이엄 순유동자산,80,3165.0,1.15,0.64,5.68,53.2,True,"['✅ 52주 저가 대비 1.15', '✅ 3M 수익 5.7%', '✅ RSI 53.2', '✅ 정배열']"
036120,서울평가정보,KOSDAQ,그레이엄 순유동자산,80,2190.0,1.14,0.26,1.86,58.6,True,"['✅ 52주 저가 대비 1.14', '✅ 3M 수익 1.9%', '✅ RSI 58.6', '✅ 정배열']"
038060,루멘스,KOSDAQ,그레이엄 순유동자산,80,725.0,1.2,0.45,9.35,56.6,True,"['✅ 52주 저가 대비 1.20', '✅ 3M 수익 9.4%', '✅ RSI 56.6', '✅ 정배열']"
038620,위즈코프,KOSDAQ,그레이엄 순유동자산,80,616.0,1.13,0.49,4.76,54.3,True,"['✅ 52주 저가 대비 1.13', '✅ 3M 수익 4.8%', '✅ RSI 54.3', '✅ 정배열']"
039740,한국정보공학,KOSDAQ,그레이엄 순유동자산,80,3130.0,1.18,0.83,4.16,42.5,True,"['✅ 52주 저가 대비 1.18', '✅ 3M 수익 4.2%', '✅ RSI 42.5', '✅ 정배열']"
043150,바텍,KOSDAQ,그레이엄 순유동자산,80,23200.0,1.23,0.66,17.41,55.3,True,"['✅ 52주 저가 대비 1.23', '✅ 3M 수익 17.4%', '✅ RSI 55.3', '✅ 정배열']"
053260,금강철강,KOSDAQ,그레이엄 순유동자산,80,4265.0,1.14,0.89,3.9,49.4,True,"['✅ 52주 저가 대비 1.14', '✅ 3M 수익 3.9%', '✅ RSI 49.4', '✅ 정배열']"
053290,능률,KOSDAQ,그레이엄 순유동자산,80,2040.0,1.14,0.45,10.03,53.1,True,"['✅ 52주 저가 대비 1.14', '✅ 3M 수익 10.0%', '✅ RSI 53.1', '✅ 정배열']"
053620,태양,KOSDAQ,그레이엄 순유동자산,80,6870.0,1.16,0.72,3.93,49.0,True,"['✅ 52주 저가 대비 1.16', '✅ 3M 수익 3.9%', '✅ RSI 49.0', '✅ 정배열']"
056700,신화인터텍,KOSDAQ,그레이엄 순유동자산,80,1871.0,1.2,0.73,8.59,49.3,True,"['✅ 52주 저가 대비 1.20', '✅ 3M 수익 8.6%', '✅ RSI 49.3', '✅ 정배열']"
066310,큐에스아이,KOSDAQ,그레이엄 순유동자산,80,9780.0,1.42,1.28,29.02,57.5,True,"['⚡ 52주 저가 대비 1.42', '⚡ 거래량 1.3배', '✅ 3M 수익 29.0%', '✅ RSI 57.5', '✅ 정배열']"
078150,테크놀러지,KOSDAQ,그레이엄 순유동자산,80,2100.0,1.22,0.78,9.26,48.9,True,"['✅ 52주 저가 대비 1.22', '✅ 3M 수익 9.3%', '✅ RSI 48.9', '✅ 정배열']"
079650,서산,KOSDAQ,그레이엄 순유동자산,80,1512.0,1.29,0.57,8.23,37.3,True,"['✅ 52주 저가 대비 1.29', '✅ 3M 수익 8.2%', '✅ RSI 37.3', '✅ 정배열']"
086040,바이오톡스텍,KOSDAQ,그레이엄 순유동자산,80,3215.0,1.27,0.32,20.41,49.5,True,"['✅ 52주 저가 대비 1.27', '✅ 3M 수익 20.4%', '✅ RSI 49.5', '✅ 정배열']"
090150,아이윈,KOSDAQ,그레이엄 순유동자산,80,790.0,1.12,0.14,3.0,52.4,True,"['✅ 52주 저가 대비 1.12', '✅ 3M 수익 3.0%', '✅ RSI 52.4', '✅ 정배열']"
091700,파트론,KOSDAQ,그레이엄 순유동자산,80,8370.0,1.33,1.0,13.11,54.8,True,"['⚡ 52주 저가 대비 1.33', '⚡ 거래량 1.0배', '✅ 3M 수익 13.1%', '✅ RSI 54.8', '✅ 정배열']"
094840,슈프리마에이치큐,KOSDAQ,그레이엄 순유동자산,80,7140.0,1.21,0.95,7.85,43.7,True,"['✅ 52주 저가 대비 1.21', '✅ 3M 수익 7.9%', '✅ RSI 43.7', '✅ 정배열']"
095190,이엠코리아,KOSDAQ,그레이엄 순유동자산,80,2315.0,1.22,0.54,9.46,49.2,True,"['✅ 52주 저가 대비 1.22', '✅ 3M 수익 9.5%', '✅ RSI 49.2', '✅ 정배열']"
095270,웨이브일렉트로,KOSDAQ,그레이엄 순유동자산,80,5480.0,1.41,1.47,19.39,57.1,True,"['⚡ 52주 저가 대비 1.41', '⚡ 거래량 1.5배', '✅ 3M 수익 19.4%', '✅ RSI 57.1', '✅ 정배열']"
104460,디와이피엔에프,KOSDAQ,그레이엄 순유동자산,80,15530.0,1.19,0.65,8.0,55.2,True,"['✅ 52주 저가 대비 1.19', '✅ 3M 수익 8.0%', '✅ RSI 55.2', '✅ 정배열']"
120240,대정화금,KOSDAQ,그레이엄 순유동자산,80,13650.0,1.13,0.78,2.55,53.4,True,"['✅ 52주 저가 대비 1.13', '✅ 3M 수익 2.6%', '✅ RSI 53.4', '✅ 정배열']"
123040,엠에스오토텍,KOSDAQ,그레이엄 순유동자산,80,2555.0,1.26,0.33,14.83,54.4,True,"['✅ 52주 저가 대비 1.26', '✅ 3M 수익 14.8%', '✅ RSI 54.4', '✅ 정배열']"
126640,화신정공,KOSDAQ,그레이엄 순유동자산,80,1550.0,1.26,0.49,17.51,52.3,True,"['✅ 52주 저가 대비 1.26', '✅ 3M 수익 17.5%', '✅ RSI 52.3', '✅ 정배열']"
128660,피제이메탈,KOSDAQ,그레이엄 순유동자산,80,3255.0,1.24,0.77,15.63,52.5,True,"['✅ 52주 저가 대비 1.24', '✅ 3M 수익 15.6%', '✅ RSI 52.5', '✅ 정배열']"
153490,우리이앤엘,KOSDAQ,그레이엄 순유동자산,80,784.0,1.23,0.41,12.16,59.1,True,"['✅ 52주 저가 대비 1.23', '✅ 3M 수익 12.2%', '✅ RSI 59.1', '✅ 정배열']"
192440,슈피겐코리아,KOSDAQ,그레이엄 순유동자산,80,24550.0,1.14,0.46,2.94,41.9,True,"['✅ 52주 저가 대비 1.14', '✅ 3M 수익 2.9%', '✅ RSI 41.9', '✅ 정배열']"
198080,캐프,KOSDAQ,그레이엄 순유동자산,80,2390.0,1.19,0.86,6.22,45.0,True,"['✅ 52주 저가 대비 1.19', '✅ 3M 수익 6.2%', '✅ RSI 45.0', '✅ 정배열']"
218150,미래생명자원,KOSDAQ,그레이엄 순유동자산,80,3345.0,1.16,0.75,7.38,56.7,True,"['✅ 52주 저가 대비 1.16', '✅ 3M 수익 7.4%', '✅ RSI 56.7', '✅ 정배열']"
220180,핸디소프트,KOSDAQ,그레이엄 순유동자산,80,1967.0,1.15,1.19,-1.45,52.5,True,"['✅ 52주 저가 대비 1.15', '⚡ 거래량 1.2배', '⚡ 3M 수익 -1.5%', '✅ RSI 52.5', '✅ 정배열']"
226400,오스테오닉,KOSDAQ,그레이엄 순유동자산,80,6550.0,1.16,0.87,7.91,48.7,True,"['✅ 52주 저가 대비 1.16', '✅ 3M 수익 7.9%', '✅ RSI 48.7', '✅ 정배열']"
263920,휴엠앤씨,KOSDAQ,그레이엄 순유동자산,80,4260.0,1.17,0.74,4.54,55.0,True,"['✅ 52주 저가 대비 1.17', '✅ 3M 수익 4.5%', '✅ RSI 55.0', '✅ 정배열']"
376180,피코그램,KOSDAQ,그레이엄 순유동자산,80,2610.0,1.29,0.34,3.57,42.6,True,"['✅ 52주 저가 대비 1.29', '✅ 3M 수익 3.6%', '✅ RSI 42.6', '✅ 정배열']"
432980,엠에프씨,KOSDAQ,그레이엄 순유동자산,80,3670.0,1.11,0.08,5.46,51.0,True,"['✅ 52주 저가 대비 1.11', '✅ 3M 수익 5.5%', '✅ RSI 51.0', '✅ 정배열']"
460470,아이빔테크놀로지,KOSDAQ,그레이엄 순유동자산,80,3440.0,1.26,0.41,14.29,51.3,True,"['✅ 52주 저가 대비 1.26', '✅ 3M 수익 14.3%', '✅ RSI 51.3', '✅ 정배열']"
001020,페이퍼코리아,KOSPI,그레이엄 순유동자산,80,719.0,1.23,0.24,14.86,55.4,True,"['✅ 52주 저가 대비 1.23', '✅ 3M 수익 14.9%', '✅ RSI 55.4', '✅ 정배열']"
001260,남광토건,KOSPI,그레이엄 순유동자산,80,9030.0,1.28,0.85,3.91,50.5,True,"['✅ 52주 저가 대비 1.28', '✅ 3M 수익 3.9%', '✅ RSI 50.5', '✅ 정배열']"
002140,고려산업,KOSPI,그레이엄 순유동자산,80,2765.0,1.17,0.55,11.04,57.1,True,"['✅ 52주 저가 대비 1.17', '✅ 3M 수익 11.0%', '✅ RSI 57.1', '✅ 정배열']"
002700,신일전자,KOSPI,그레이엄 순유동자산,80,1387.0,1.09,0.72,3.82,44.1,True,"['✅ 52주 저가 대비 1.09', '✅ 3M 수익 3.8%', '✅ RSI 44.1', '✅ 정배열']"
002720,국제약품,KOSPI,그레이엄 순유동자산,80,4965.0,1.21,0.34,11.45,57.9,True,"['✅ 52주 저가 대비 1.21', '✅ 3M 수익 11.4%', '✅ RSI 57.9', '✅ 정배열']"
002787,진흥기업2우B,KOSPI,그레이엄 순유동자산,80,8490.0,1.19,0.78,3.92,43.8,True,"['✅ 52주 저가 대비 1.19', '✅ 3M 수익 3.9%', '✅ RSI 43.8', '✅ 정배열']"
003070,코오롱글로벌,KOSPI,그레이엄 순유동자산,80,10040.0,1.25,0.81,4.15,45.8,True,"['✅ 52주 저가 대비 1.25', '✅ 3M 수익 4.1%', '✅ RSI 45.8', '✅ 정배열']"
003300,한일홀딩스,KOSPI,그레이엄 순유동자산,80,17900.0,1.31,1.06,1.88,56.6,True,"['⚡ 52주 저가 대비 1.31', '⚡ 거래량 1.1배', '✅ 3M 수익 1.9%', '✅ RSI 56.6', '✅ 정배열']"
004540,깨끗한나라,KOSPI,그레이엄 순유동자산,80,1947.0,1.08,1.44,-0.71,54.3,True,"['✅ 52주 저가 대비 1.08', '⚡ 거래량 1.4배', '⚡ 3M 수익 -0.7%', '✅ RSI 54.3', '✅ 정배열']"
005870,휴니드,KOSPI,그레이엄 순유동자산,80,8580.0,1.17,0.49,9.86,48.1,True,"['✅ 52주 저가 대비 1.17', '✅ 3M 수익 9.9%', '✅ RSI 48.1', '✅ 정배열']"
006125,디스커버리우,KOSPI,그레이엄 순유동자산,80,39450.0,1.24,1.06,-1.38,42.6,True,"['✅ 52주 저가 대비 1.24', '⚡ 거래량 1.1배', '⚡ 3M 수익 -1.4%', '✅ RSI 42.6', '✅ 정배열']"
006360,건설,KOSPI,그레이엄 순유동자산,80,22400.0,1.46,1.07,8.74,47.5,True,"['⚡ 52주 저가 대비 1.46', '⚡ 거래량 1.1배', '✅ 3M 수익 8.7%', '✅ RSI 47.5', '✅ 정배열']"
008040,사조동아원,KOSPI,그레이엄 순유동자산,80,1148.0,1.17,0.67,0.7,52.0,True,"['✅ 52주 저가 대비 1.17', '✅ 3M 수익 0.7%', '✅ RSI 52.0', '✅ 정배열']"
008420,문배철강,KOSPI,그레이엄 순유동자산,80,2180.0,1.09,0.53,2.83,48.4,True,"['✅ 52주 저가 대비 1.09', '✅ 3M 수익 2.8%', '✅ RSI 48.4', '✅ 정배열']"
009140,경인전자,KOSPI,그레이엄 순유동자산,80,22000.0,1.19,0.7,5.52,50.0,True,"['✅ 52주 저가 대비 1.19', '✅ 3M 수익 5.5%', '✅ RSI 50.0', '✅ 정배열']"
009410,태영건설,KOSPI,그레이엄 순유동자산,80,1837.0,1.21,0.63,2.63,50.0,True,"['✅ 52주 저가 대비 1.21', '✅ 3M 수익 2.6%', '✅ RSI 50.0', '✅ 정배열']"
014830,유니드,KOSPI,그레이엄 순유동자산,80,82600.0,1.3,1.25,20.76,51.3,True,"['⚡ 52주 저가 대비 1.30', '⚡ 거래량 1.3배', '✅ 3M 수익 20.8%', '✅ RSI 51.3', '✅ 정배열']"
017180,명문제약,KOSPI,그레이엄 순유동자산,80,1888.0,1.26,0.78,1.72,46.6,True,"['✅ 52주 저가 대비 1.26', '✅ 3M 수익 1.7%', '✅ RSI 46.6', '✅ 정배열']"
017550,수산세보틱스,KOSPI,그레이엄 순유동자산,80,1872.0,1.15,0.42,1.57,41.5,True,"['✅ 52주 저가 대비 1.15', '✅ 3M 수익 1.6%', '✅ RSI 41.5', '✅ 정배열']"
021050,서원,KOSPI,그레이엄 순유동자산,80,1292.0,1.27,0.5,18.86,49.6,True,"['✅ 52주 저가 대비 1.27', '✅ 3M 수익 18.9%', '✅ RSI 49.6', '✅ 정배열']"
033270,유나이티드제약,KOSPI,그레이엄 순유동자산,80,20200.0,1.11,0.46,2.12,43.0,True,"['✅ 52주 저가 대비 1.11', '✅ 3M 수익 2.1%', '✅ RSI 43.0', '✅ 정배열']"
034590,인천도시가스,KOSPI,그레이엄 순유동자산,80,27000.0,1.12,0.37,1.5,48.6,True,"['✅ 52주 저가 대비 1.12', '✅ 3M 수익 1.5%', '✅ RSI 48.6', '✅ 정배열']"
039570,랩스,KOSPI,그레이엄 순유동자산,80,8630.0,1.08,0.76,1.29,52.1,True,"['✅ 52주 저가 대비 1.08', '✅ 3M 수익 1.3%', '✅ RSI 52.1', '✅ 정배열']"
084695,대상홀딩스우,KOSPI,그레이엄 순유동자산,80,14450.0,1.18,0.74,1.33,41.1,True,"['✅ 52주 저가 대비 1.18', '✅ 3M 수익 1.3%', '✅ RSI 41.1', '✅ 정배열']"
100220,비상교육,KOSPI,그레이엄 순유동자산,80,5350.0,1.17,0.4,5.52,39.5,True,"['✅ 52주 저가 대비 1.17', '✅ 3M 수익 5.5%', '✅ RSI 39.5', '✅ 정배열']"
117580,대성에너지,KOSPI,그레이엄 순유동자산,80,10380.0,1.42,1.26,26.59,56.2,True,"['⚡ 52주 저가 대비 1.42', '⚡ 거래량 1.3배', '✅ 3M 수익 26.6%', '✅ RSI 56.2', '✅ 정배열']"
176950,국채선물10년인버스,KOSPI,그레이엄 순유동자산,80,57565.0,1.1,0.9,1.73,54.5,True,"['✅ 52주 저가 대비 1.10', '✅ 3M 수익 1.7%', '✅ RSI 54.5', '✅ 정배열']"
239660,우량회사채50,KOSPI,그레이엄 순유동자산,80,120610.0,1.02,0.63,0.56,51.9,True,"['✅ 52주 저가 대비 1.02', '✅ 3M 수익 0.6%', '✅ RSI 51.9', '✅ 정배열']"
271940,일진하이솔루스,KOSPI,그레이엄 순유동자산,80,16880.0,1.39,1.04,12.38,57.3,True,"['⚡ 52주 저가 대비 1.39', '⚡ 거래량 1.0배', '✅ 3M 수익 12.4%', '✅ RSI 57.3', '✅ 정배열']"
289480,커버드콜,KOSPI,그레이엄 순유동자산,80,10470.0,1.48,1.47,12.41,55.7,True,"['⚡ 52주 저가 대비 1.48', '⚡ 거래량 1.5배', '✅ 3M 수익 12.4%', '✅ RSI 55.7', '✅ 정배열']"
295020,국채선물10년인버스,KOSPI,그레이엄 순유동자산,80,57725.0,1.1,0.67,1.66,54.1,True,"['✅ 52주 저가 대비 1.10', '✅ 3M 수익 1.7%', '✅ RSI 54.1', '✅ 정배열']"
300610,게임,KOSPI,그레이엄 순유동자산,80,6890.0,1.14,0.89,6.16,46.0,True,"['✅ 52주 저가 대비 1.14', '✅ 3M 수익 6.2%', '✅ RSI 46.0', '✅ 정배열']"
364990,게임TOP10,KOSPI,그레이엄 순유동자산,80,5590.0,1.25,0.95,10.37,48.4,True,"['✅ 52주 저가 대비 1.25', '✅ 3M 수익 10.4%', '✅ RSI 48.4', '✅ 정배열']"
395280,게임,KOSPI,그레이엄 순유동자산,80,4120.0,1.15,0.75,8.56,48.3,True,"['✅ 52주 저가 대비 1.15', '✅ 3M 수익 8.6%', '✅ RSI 48.3', '✅ 정배열']"
435530,액티브,KOSPI,그레이엄 순유동자산,80,15120.0,1.23,0.34,1.65,57.0,True,"['✅ 52주 저가 대비 1.23', '✅ 3M 수익 1.6%', '✅ RSI 57.0', '✅ 정배열']"
460860,동국제강,KOSPI,그레이엄 순유동자산,80,9050.0,1.16,0.45,3.67,51.3,True,"['✅ 52주 저가 대비 1.16', '✅ 3M 수익 3.7%', '✅ RSI 51.3', '✅ 정배열']"
461490,글로벌자산배분액티브,KOSPI,그레이엄 순유동자산,80,15025.0,1.2,0.55,2.18,54.6,True,"['✅ 52주 저가 대비 1.20', '✅ 3M 수익 2.2%', '✅ RSI 54.6', '✅ 정배열']"
464470,미국채30년액티브,KOSPI,그레이엄 순유동자산,80,54550.0,1.17,0.69,1.11,55.7,True,"['✅ 52주 저가 대비 1.17', '✅ 3M 수익 1.1%', '✅ RSI 55.7', '✅ 정배열']"
465770,그린로지스,KOSPI,그레이엄 순유동자산,80,7780.0,1.39,1.3,21.37,57.3,True,"['⚡ 52주 저가 대비 1.39', '⚡ 거래량 1.3배', '✅ 3M 수익 21.4%', '✅ RSI 57.3', '✅ 정배열']"
468630,미국투자등급회사채액티브,KOSPI,그레이엄 순유동자산,80,11995.0,1.16,0.7,0.33,57.7,True,"['✅ 52주 저가 대비 1.16', '✅ 3M 수익 0.3%', '✅ RSI 57.7', '✅ 정배열']"
472830,미국30년국채커버드콜,KOSPI,그레이엄 순유동자산,80,9270.0,1.2,0.61,1.43,58.3,True,"['✅ 52주 저가 대비 1.20', '✅ 3M 수익 1.4%', '✅ RSI 58.3', '✅ 정배열']"
473290,회사채,KOSPI,그레이엄 순유동자산,80,10755.0,1.02,0.71,0.61,57.1,True,"['✅ 52주 저가 대비 1.02', '✅ 3M 수익 0.6%', '✅ RSI 57.1', '✅ 정배열']"
473330,미국30년국채커버드콜,KOSPI,그레이엄 순유동자산,80,9340.0,1.22,0.57,1.64,57.6,True,"['✅ 52주 저가 대비 1.22', '✅ 3M 수익 1.6%', '✅ RSI 57.6', '✅ 정배열']"
473440,월만기자동연장회사채AA-이상액티브,KOSPI,그레이엄 순유동자산,80,10690.0,1.03,0.09,0.75,50.0,True,"['✅ 52주 저가 대비 1.03', '✅ 3M 수익 0.8%', '✅ RSI 50.0', '✅ 정배열']"
475380,글로벌리얼티인컴,KOSPI,그레이엄 순유동자산,80,11400.0,1.2,0.58,9.3,59.4,True,"['✅ 52주 저가 대비 1.20', '✅ 3M 수익 9.3%', '✅ RSI 59.4', '✅ 정배열']"
476760,미국30년국채액티브,KOSPI,그레이엄 순유동자산,80,10190.0,1.16,0.73,1.13,56.4,True,"['✅ 52주 저가 대비 1.16', '✅ 3M 수익 1.1%', '✅ RSI 56.4', '✅ 정배열']"
480260,회사채,KOSPI,그레이엄 순유동자산,80,53325.0,1.02,0.74,0.58,52.2,True,"['✅ 52주 저가 대비 1.02', '✅ 3M 수익 0.6%', '✅ RSI 52.2', '✅ 정배열']"
480460,한국부동산TOP3플러스,KOSPI,그레이엄 순유동자산,80,10410.0,1.18,0.48,4.44,49.2,True,"['✅ 52주 저가 대비 1.18', '✅ 3M 수익 4.4%', '✅ RSI 49.2', '✅ 정배열']"
490600,미국배당100데일리고정커버드콜,KOSPI,그레이엄 순유동자산,80,9400.0,1.25,0.76,7.87,58.0,True,"['✅ 52주 저가 대비 1.25', '✅ 3M 수익 7.9%', '✅ RSI 58.0', '✅ 정배열']"
008370,원풍,KOSDAQ,그레이엄 순유동자산,75,4880.0,1.25,2.77,-3.75,51.8,False,"['✅ 52주 저가 대비 1.25', '✅ 거래량 2.8배', '⚡ 3M 수익 -3.7%', '✅ RSI 51.8', '❌ 역배열/혼조']"
025550,한국선재,KOSDAQ,그레이엄 순유동자산,75,3380.0,1.17,2.26,-4.92,44.6,False,"['✅ 52주 저가 대비 1.17', '✅ 거래량 2.3배', '⚡ 3M 수익 -4.9%', '✅ RSI 44.6', '❌ 역배열/혼조']"
031310,아이즈비전,KOSDAQ,그레이엄 순유동자산,75,1463.0,1.12,2.86,-0.95,45.0,False,"['✅ 52주 저가 대비 1.12', '✅ 거래량 2.9배', '⚡ 3M 수익 -0.9%', '✅ RSI 45.0', '❌ 역배열/혼조']"
039310,세중,KOSDAQ,그레이엄 순유동자산,75,1639.0,1.3,1.86,23.7,67.6,True,"['⚡ 52주 저가 대비 1.30', '✅ 거래량 1.9배', '✅ 3M 수익 23.7%', '❌ RSI 67.6', '✅ 정배열']"
041020,폴라리스오피스,KOSDAQ,그레이엄 순유동자산,75,4890.0,1.47,3.0,4.26,55.5,False,"['⚡ 52주 저가 대비 1.47', '✅ 거래량 3.0배', '✅ 3M 수익 4.3%', '✅ RSI 55.5', '❌ 역배열/혼조']"
056360,코위버,KOSDAQ,그레이엄 순유동자산,75,6380.0,1.41,2.47,17.5,61.1,True,"['⚡ 52주 저가 대비 1.41', '✅ 거래량 2.5배', '✅ 3M 수익 17.5%', '❌ RSI 61.1', '✅ 정배열']"
084850,아이티엠반도체,KOSDAQ,그레이엄 순유동자산,75,11170.0,1.25,1.43,4.88,61.5,True,"['✅ 52주 저가 대비 1.25', '⚡ 거래량 1.4배', '✅ 3M 수익 4.9%', '❌ RSI 61.5', '✅ 정배열']"
101680,한국정밀기계,KOSDAQ,그레이엄 순유동자산,75,2900.0,1.41,3.09,37.44,52.0,False,"['⚡ 52주 저가 대비 1.41', '✅ 거래량 3.1배', '✅ 3M 수익 37.4%', '✅ RSI 52.0', '❌ 역배열/혼조']"
114630,폴라리스우노,KOSDAQ,그레이엄 순유동자산,75,507.0,1.1,1.81,-0.2,37.3,False,"['✅ 52주 저가 대비 1.10', '✅ 거래량 1.8배', '⚡ 3M 수익 -0.2%', '✅ RSI 37.3', '❌ 역배열/혼조']"
115440,우리넷,KOSDAQ,그레이엄 순유동자산,75,7550.0,1.26,1.9,-0.26,53.7,False,"['✅ 52주 저가 대비 1.26', '✅ 거래량 1.9배', '⚡ 3M 수익 -0.3%', '✅ RSI 53.7', '❌ 역배열/혼조']"
122990,와이솔,KOSDAQ,그레이엄 순유동자산,75,7580.0,1.4,1.81,28.91,66.7,True,"['⚡ 52주 저가 대비 1.40', '✅ 거래량 1.8배', '✅ 3M 수익 28.9%', '❌ RSI 66.7', '✅ 정배열']"
154030,아시아종묘,KOSDAQ,그레이엄 순유동자산,75,2120.0,1.2,1.0,2.66,43.8,False,"['✅ 52주 저가 대비 1.20', '⚡ 거래량 1.0배', '✅ 3M 수익 2.7%', '✅ RSI 43.8', '❌ 역배열/혼조']"
169330,엠브레인,KOSDAQ,그레이엄 순유동자산,75,1929.0,1.1,1.51,-2.33,49.8,False,"['✅ 52주 저가 대비 1.10', '✅ 거래량 1.5배', '⚡ 3M 수익 -2.3%', '✅ RSI 49.8', '❌ 역배열/혼조']"
234100,폴라리스세원,KOSDAQ,그레이엄 순유동자산,75,1071.0,1.14,2.73,-4.97,40.5,False,"['✅ 52주 저가 대비 1.14', '✅ 거래량 2.7배', '⚡ 3M 수익 -5.0%', '✅ RSI 40.5', '❌ 역배열/혼조']"
263020,디케이앤디,KOSDAQ,그레이엄 순유동자산,75,3040.0,1.13,1.62,-3.18,48.6,False,"['✅ 52주 저가 대비 1.13', '✅ 거래량 1.6배', '⚡ 3M 수익 -3.2%', '✅ RSI 48.6', '❌ 역배열/혼조']"
290720,푸드나무,KOSDAQ,그레이엄 순유동자산,75,2715.0,1.44,1.53,36.09,69.7,True,"['⚡ 52주 저가 대비 1.44', '✅ 거래량 1.5배', '✅ 3M 수익 36.1%', '❌ RSI 69.7', '✅ 정배열']"
339950,아이비김영,KOSDAQ,그레이엄 순유동자산,75,2320.0,1.29,1.0,16.47,54.6,False,"['✅ 52주 저가 대비 1.29', '⚡ 거래량 1.0배', '✅ 3M 수익 16.5%', '✅ RSI 54.6', '❌ 역배열/혼조']"
347770,핌스,KOSDAQ,그레이엄 순유동자산,75,1187.0,1.31,1.52,1.37,57.4,False,"['⚡ 52주 저가 대비 1.31', '✅ 거래량 1.5배', '✅ 3M 수익 1.4%', '✅ RSI 57.4', '❌ 역배열/혼조']"
432720,퀄리타스반도체,KOSDAQ,그레이엄 순유동자산,75,14630.0,1.44,2.13,11.0,57.8,False,"['⚡ 52주 저가 대비 1.44', '✅ 거래량 2.1배', '✅ 3M 수익 11.0%', '✅ RSI 57.8', '❌ 역배열/혼조']"
443250,레뷰코퍼레이션,KOSDAQ,그레이엄 순유동자산,75,10560.0,1.15,1.54,-4.09,44.7,False,"['✅ 52주 저가 대비 1.15', '✅ 거래량 1.5배', '⚡ 3M 수익 -4.1%', '✅ RSI 44.7', '❌ 역배열/혼조']"
002760,보락,KOSPI,그레이엄 순유동자산,75,1208.0,1.22,1.57,15.6,39.6,False,"['✅ 52주 저가 대비 1.22', '✅ 거래량 1.6배', '⚡ 3M 수익 15.6%', '✅ RSI 39.6', '❌ 역배열/혼조']"
003925,남양유업우,KOSPI,그레이엄 순유동자산,75,45000.0,1.41,1.83,31.0,70.4,True,"['⚡ 52주 저가 대비 1.41', '✅ 거래량 1.8배', '✅ 3M 수익 31.0%', '❌ RSI 70.4', '✅ 정배열']"
006890,태경케미컬,KOSPI,그레이엄 순유동자산,75,9000.0,1.29,1.29,6.89,60.6,True,"['✅ 52주 저가 대비 1.29', '⚡ 거래량 1.3배', '✅ 3M 수익 6.9%', '❌ RSI 60.6', '✅ 정배열']"
012690,모나리자,KOSPI,그레이엄 순유동자산,75,2110.0,1.08,3.41,-4.74,44.9,False,"['✅ 52주 저가 대비 1.08', '✅ 거래량 3.4배', '⚡ 3M 수익 -4.7%', '✅ RSI 44.9', '❌ 역배열/혼조']"
025860,남해화학,KOSPI,그레이엄 순유동자산,75,8650.0,1.43,2.75,27.77,60.8,True,"['⚡ 52주 저가 대비 1.43', '✅ 거래량 2.8배', '✅ 3M 수익 27.8%', '❌ RSI 60.8', '✅ 정배열']"
137610,농산물선물Enhanced,KOSPI,그레이엄 순유동자산,75,5455.0,1.11,1.34,5.94,71.0,True,"['✅ 52주 저가 대비 1.11', '⚡ 거래량 1.3배', '✅ 3M 수익 5.9%', '❌ RSI 71.0', '✅ 정배열']"
152380,국채선물10년,KOSPI,그레이엄 순유동자산,75,66950.0,1.01,2.15,-0.67,46.9,False,"['✅ 52주 저가 대비 1.01', '✅ 거래량 2.2배', '⚡ 3M 수익 -0.7%', '✅ RSI 46.9', '❌ 역배열/혼조']"
225030,미국S,KOSPI,그레이엄 순유동자산,75,2565.0,1.05,1.41,3.68,60.7,True,"['✅ 52주 저가 대비 1.05', '⚡ 거래량 1.4배', '✅ 3M 수익 3.7%', '❌ RSI 60.7', '✅ 정배열']"
230480,미국달러선물인버스2X,KOSPI,그레이엄 순유동자산,75,4030.0,1.0,1.67,-4.39,31.4,False,"['✅ 52주 저가 대비 1.00', '✅ 거래량 1.7배', '⚡ 3M 수익 -4.4%', '✅ RSI 31.4', '❌ 역배열/혼조']"
261240,미국달러선물,KOSPI,그레이엄 순유동자산,75,15255.0,1.14,1.35,2.44,67.9,True,"['✅ 52주 저가 대비 1.14', '⚡ 거래량 1.4배', '✅ 3M 수익 2.4%', '❌ RSI 67.9', '✅ 정배열']"
261260,미국달러선물인버스2X,KOSPI,그레이엄 순유동자산,75,4625.0,1.0,1.56,-4.34,31.8,False,"['✅ 52주 저가 대비 1.00', '✅ 거래량 1.6배', '⚡ 3M 수익 -4.3%', '✅ RSI 31.8', '❌ 역배열/혼조']"
261270,미국달러선물인버스,KOSPI,그레이엄 순유동자산,75,7480.0,1.0,1.77,-1.71,33.1,False,"['✅ 52주 저가 대비 1.00', '✅ 거래량 1.8배', '⚡ 3M 수익 -1.7%', '✅ RSI 33.1', '❌ 역배열/혼조']"
271060,대농산물선물,KOSPI,그레이엄 순유동자산,75,8485.0,1.13,1.36,6.2,63.3,True,"['✅ 52주 저가 대비 1.13', '⚡ 거래량 1.4배', '✅ 3M 수익 6.2%', '❌ RSI 63.3', '✅ 정배열']"
272560,단기국공채액티브,KOSPI,그레이엄 순유동자산,75,113630.0,1.02,1.47,0.66,72.7,True,"['✅ 52주 저가 대비 1.02', '⚡ 거래량 1.5배', '✅ 3M 수익 0.7%', '❌ RSI 72.7', '✅ 정배열']"
295000,국채선물10년,KOSPI,그레이엄 순유동자산,75,52990.0,1.01,2.83,-0.6,47.1,False,"['✅ 52주 저가 대비 1.01', '✅ 거래량 2.8배', '⚡ 3M 수익 -0.6%', '✅ RSI 47.1', '❌ 역배열/혼조']"
314700,농업융복합산업,KOSPI,그레이엄 순유동자산,75,11185.0,1.35,1.56,0.04,34.4,False,"['⚡ 52주 저가 대비 1.35', '✅ 거래량 1.6배', '✅ 3M 수익 0.0%', '✅ RSI 34.4', '❌ 역배열/혼조']"
423160,금리액티브,KOSPI,그레이엄 순유동자산,75,110745.0,1.03,1.11,0.66,100.0,True,"['✅ 52주 저가 대비 1.03', '⚡ 거래량 1.1배', '✅ 3M 수익 0.7%', '❌ RSI 100.0', '✅ 정배열']"
437370,글로벌농업경제,KOSPI,그레이엄 순유동자산,75,11725.0,1.48,2.02,19.04,60.2,True,"['⚡ 52주 저가 대비 1.48', '✅ 거래량 2.0배', '✅ 3M 수익 19.0%', '❌ RSI 60.2', '✅ 정배열']"
453060,금리액티브,KOSPI,그레이엄 순유동자산,75,110055.0,1.03,1.07,0.64,87.8,True,"['✅ 52주 저가 대비 1.03', '⚡ 거래량 1.1배', '✅ 3M 수익 0.6%', '❌ RSI 87.8', '✅ 정배열']"
460660,미국S,KOSPI,그레이엄 순유동자산,75,11930.0,1.2,1.25,5.38,41.3,False,"['✅ 52주 저가 대비 1.20', '⚡ 거래량 1.2배', '✅ 3M 수익 5.4%', '✅ RSI 41.3', '❌ 역배열/혼조']"
461270,회사채,KOSPI,그레이엄 순유동자산,75,11125.0,1.03,1.08,0.68,89.5,True,"['✅ 52주 저가 대비 1.03', '⚡ 거래량 1.1배', '✅ 3M 수익 0.7%', '❌ RSI 89.5', '✅ 정배열']"
461460,국고채10년액티브,KOSPI,그레이엄 순유동자산,75,52970.0,1.01,2.9,-1.13,44.7,False,"['✅ 52주 저가 대비 1.01', '✅ 거래량 2.9배', '⚡ 3M 수익 -1.1%', '✅ RSI 44.7', '❌ 역배열/혼조']"
464240,회사채,KOSPI,그레이엄 순유동자산,75,52205.0,1.03,1.39,0.88,62.3,True,"['✅ 52주 저가 대비 1.03', '⚡ 거래량 1.4배', '✅ 3M 수익 0.9%', '❌ RSI 62.3', '✅ 정배열']"
481430,국고채10년액티브,KOSPI,그레이엄 순유동자산,75,101260.0,1.01,2.36,-1.26,45.5,False,"['✅ 52주 저가 대비 1.01', '✅ 거래량 2.4배', '⚡ 3M 수익 -1.3%', '✅ RSI 45.5', '❌ 역배열/혼조']"
002290,삼일기업공사,KOSDAQ,그레이엄 순유동자산,70,3915.0,1.18,0.87,-3.69,53.7,True,"['✅ 52주 저가 대비 1.18', '⚡ 3M 수익 -3.7%', '✅ RSI 53.7', '✅ 정배열']"
015750,성우하이텍,KOSDAQ,그레이엄 순유동자산,70,9850.0,2.02,2.55,40.31,56.2,True,"['❌ 52주 저가 대비 2.02', '✅ 거래량 2.5배', '✅ 3M 수익 40.3%', '✅ RSI 56.2', '✅ 정배열']"
017480,삼현철강,KOSDAQ,그레이엄 순유동자산,70,4545.0,1.07,0.31,-3.19,46.6,True,"['✅ 52주 저가 대비 1.07', '⚡ 3M 수익 -3.2%', '✅ RSI 46.6', '✅ 정배열']"
024840,메탈,KOSDAQ,그레이엄 순유동자산,70,2180.0,1.35,0.19,24.22,45.7,True,"['⚡ 52주 저가 대비 1.35', '✅ 3M 수익 24.2%', '✅ RSI 45.7', '✅ 정배열']"
032540,미디어,KOSDAQ,그레이엄 순유동자산,70,6190.0,1.34,0.29,12.34,50.8,True,"['⚡ 52주 저가 대비 1.34', '✅ 3M 수익 12.3%', '✅ RSI 50.8', '✅ 정배열']"
036190,금화피에스시,KOSDAQ,그레이엄 순유동자산,70,34650.0,1.4,0.77,11.41,39.8,True,"['⚡ 52주 저가 대비 1.40', '✅ 3M 수익 11.4%', '✅ RSI 39.8', '✅ 정배열']"
036890,진성티이씨,KOSDAQ,그레이엄 순유동자산,70,16330.0,2.09,1.66,16.64,53.4,True,"['❌ 52주 저가 대비 2.09', '✅ 거래량 1.7배', '✅ 3M 수익 16.6%', '✅ RSI 53.4', '✅ 정배열']"
038540,상상인,KOSDAQ,그레이엄 순유동자산,70,2210.0,1.47,0.7,28.19,56.8,True,"['⚡ 52주 저가 대비 1.47', '✅ 3M 수익 28.2%', '✅ RSI 56.8', '✅ 정배열']"
039560,다산네트웍스,KOSDAQ,그레이엄 순유동자산,70,4480.0,1.87,2.33,40.88,55.2,True,"['❌ 52주 저가 대비 1.87', '✅ 거래량 2.3배', '✅ 3M 수익 40.9%', '✅ RSI 55.2', '✅ 정배열']"
046210,파나진,KOSDAQ,그레이엄 순유동자산,70,2035.0,1.32,0.58,18.31,53.4,True,"['⚡ 52주 저가 대비 1.32', '✅ 3M 수익 18.3%', '✅ RSI 53.4', '✅ 정배열']"
049520,유아이엘,KOSDAQ,그레이엄 순유동자산,70,4025.0,1.38,0.82,25.78,47.3,True,"['⚡ 52주 저가 대비 1.38', '✅ 3M 수익 25.8%', '✅ RSI 47.3', '✅ 정배열']"
049720,고려신용정보,KOSDAQ,그레이엄 순유동자산,70,10540.0,1.13,0.51,-4.27,37.6,True,"['✅ 52주 저가 대비 1.13', '⚡ 3M 수익 -4.3%', '✅ RSI 37.6', '✅ 정배열']"
051370,인터플렉스,KOSDAQ,그레이엄 순유동자산,70,12620.0,1.76,1.67,9.45,51.9,True,"['❌ 52주 저가 대비 1.76', '✅ 거래량 1.7배', '✅ 3M 수익 9.5%', '✅ RSI 51.9', '✅ 정배열']"
053050,지에스이,KOSDAQ,그레이엄 순유동자산,70,2945.0,1.31,0.76,19.23,54.8,True,"['⚡ 52주 저가 대비 1.31', '✅ 3M 수익 19.2%', '✅ RSI 54.8', '✅ 정배열']"
053950,경남제약,KOSDAQ,그레이엄 순유동자산,70,695.0,1.23,0.2,-3.07,56.4,True,"['✅ 52주 저가 대비 1.23', '⚡ 3M 수익 -3.1%', '✅ RSI 56.4', '✅ 정배열']"
054670,대한뉴팜,KOSDAQ,그레이엄 순유동자산,70,6860.0,1.09,0.36,-0.44,49.1,True,"['✅ 52주 저가 대비 1.09', '⚡ 3M 수익 -0.4%', '✅ RSI 49.1', '✅ 정배열']"
068930,디지털대성,KOSDAQ,그레이엄 순유동자산,70,8860.0,1.3,0.33,9.25,54.9,True,"['⚡ 52주 저가 대비 1.30', '✅ 3M 수익 9.2%', '✅ RSI 54.9', '✅ 정배열']"
071200,인피니트헬스케어,KOSDAQ,그레이엄 순유동자산,70,6810.0,1.41,0.69,14.45,51.4,True,"['⚡ 52주 저가 대비 1.41', '✅ 3M 수익 14.5%', '✅ RSI 51.4', '✅ 정배열']"
072950,빛샘전자,KOSDAQ,그레이엄 순유동자산,70,7670.0,1.94,1.68,39.45,58.5,True,"['❌ 52주 저가 대비 1.94', '✅ 거래량 1.7배', '✅ 3M 수익 39.5%', '✅ RSI 58.5', '✅ 정배열']"
081580,성우전자,KOSDAQ,그레이엄 순유동자산,70,2990.0,1.39,0.7,29.44,52.7,True,"['⚡ 52주 저가 대비 1.39', '✅ 3M 수익 29.4%', '✅ RSI 52.7', '✅ 정배열']"
088910,동우팜투테이블,KOSDAQ,그레이엄 순유동자산,70,2435.0,1.35,0.45,15.4,53.4,True,"['⚡ 52주 저가 대비 1.35', '✅ 3M 수익 15.4%', '✅ RSI 53.4', '✅ 정배열']"
090850,현대이지웰,KOSDAQ,그레이엄 순유동자산,70,6490.0,1.35,0.4,25.78,47.7,True,"['⚡ 52주 저가 대비 1.35', '✅ 3M 수익 25.8%', '✅ RSI 47.7', '✅ 정배열']"
091970,나노캠텍,KOSDAQ,그레이엄 순유동자산,70,664.0,1.38,0.42,3.75,56.9,True,"['⚡ 52주 저가 대비 1.38', '✅ 3M 수익 3.8%', '✅ RSI 56.9', '✅ 정배열']"
095910,에스에너지,KOSDAQ,그레이엄 순유동자산,70,1812.0,2.12,2.4,89.14,59.5,True,"['❌ 52주 저가 대비 2.12', '✅ 거래량 2.4배', '✅ 3M 수익 89.1%', '✅ RSI 59.5', '✅ 정배열']"
096350,대창솔루션,KOSDAQ,그레이엄 순유동자산,70,2695.0,1.67,2.18,20.31,47.8,True,"['❌ 52주 저가 대비 1.67', '✅ 거래량 2.2배', '✅ 3M 수익 20.3%', '✅ RSI 47.8', '✅ 정배열']"
098070,한텍,KOSDAQ,그레이엄 순유동자산,70,42150.0,1.74,1.67,19.74,58.7,True,"['❌ 52주 저가 대비 1.74', '✅ 거래량 1.7배', '✅ 3M 수익 19.7%', '✅ RSI 58.7', '✅ 정배열']"
100120,뷰웍스,KOSDAQ,그레이엄 순유동자산,70,26050.0,1.44,0.7,29.28,48.0,True,"['⚡ 52주 저가 대비 1.44', '✅ 3M 수익 29.3%', '✅ RSI 48.0', '✅ 정배열']"
100130,동국S,KOSDAQ,그레이엄 순유동자산,70,2105.0,1.19,0.84,-2.09,52.2,True,"['✅ 52주 저가 대비 1.19', '⚡ 3M 수익 -2.1%', '✅ RSI 52.2', '✅ 정배열']"
106190,하이텍팜,KOSDAQ,그레이엄 순유동자산,70,16150.0,1.49,0.79,32.16,45.5,True,"['⚡ 52주 저가 대비 1.49', '✅ 3M 수익 32.2%', '✅ RSI 45.5', '✅ 정배열']"
122310,제노레이,KOSDAQ,그레이엄 순유동자산,70,4365.0,1.15,0.45,-2.24,41.2,True,"['✅ 52주 저가 대비 1.15', '⚡ 3M 수익 -2.2%', '✅ RSI 41.2', '✅ 정배열']"
123570,이엠넷,KOSDAQ,그레이엄 순유동자산,70,1979.0,1.09,0.45,-2.51,46.0,True,"['✅ 52주 저가 대비 1.09', '⚡ 3M 수익 -2.5%', '✅ RSI 46.0', '✅ 정배열']"
136540,윈스테크넷,KOSDAQ,그레이엄 순유동자산,70,11570.0,1.1,0.58,-4.06,44.3,True,"['✅ 52주 저가 대비 1.10', '⚡ 3M 수익 -4.1%', '✅ RSI 44.3', '✅ 정배열']"
153460,네이블,KOSDAQ,그레이엄 순유동자산,70,6340.0,1.0,2.1,-3.06,21.1,False,"['✅ 52주 저가 대비 1.00', '✅ 거래량 2.1배', '⚡ 3M 수익 -3.1%', '⚡ RSI 21.1 (과매도)', '❌ 역배열/혼조']"
192250,케이사인,KOSDAQ,그레이엄 순유동자산,70,10100.0,1.35,1.14,-2.51,48.8,True,"['⚡ 52주 저가 대비 1.35', '⚡ 거래량 1.1배', '⚡ 3M 수익 -2.5%', '✅ RSI 48.8', '✅ 정배열']"
194480,데브시스터즈,KOSDAQ,그레이엄 순유동자산,70,42950.0,1.5,0.91,48.36,54.1,True,"['⚡ 52주 저가 대비 1.50', '✅ 3M 수익 48.4%', '✅ RSI 54.1', '✅ 정배열']"
196450,코아시아씨엠,KOSDAQ,그레이엄 순유동자산,70,1700.0,3.07,1.64,112.5,59.9,True,"['❌ 52주 저가 대비 3.07', '✅ 거래량 1.6배', '✅ 3M 수익 112.5%', '✅ RSI 59.9', '✅ 정배열']"
206650,유바이오로직스,KOSDAQ,그레이엄 순유동자산,70,14480.0,1.44,0.43,17.92,51.8,True,"['⚡ 52주 저가 대비 1.44', '✅ 3M 수익 17.9%', '✅ RSI 51.8', '✅ 정배열']"
217190,제너셈,KOSDAQ,그레이엄 순유동자산,70,6160.0,1.42,0.68,24.07,52.7,True,"['⚡ 52주 저가 대비 1.42', '✅ 3M 수익 24.1%', '✅ RSI 52.7', '✅ 정배열']"
217730,강스템바이오텍,KOSDAQ,그레이엄 순유동자산,70,2475.0,2.11,1.59,46.45,56.1,True,"['❌ 52주 저가 대비 2.11', '✅ 거래량 1.6배', '✅ 3M 수익 46.4%', '✅ RSI 56.1', '✅ 정배열']"
219750,한국비티비,KOSDAQ,그레이엄 순유동자산,70,873.0,1.28,0.21,-4.9,59.9,True,"['✅ 52주 저가 대비 1.28', '⚡ 3M 수익 -4.9%', '✅ RSI 59.9', '✅ 정배열']"
228340,동양파일,KOSDAQ,그레이엄 순유동자산,70,2290.0,1.46,0.56,32.45,57.0,True,"['⚡ 52주 저가 대비 1.46', '✅ 3M 수익 32.4%', '✅ RSI 57.0', '✅ 정배열']"
241690,유니테크노,KOSDAQ,그레이엄 순유동자산,70,3900.0,1.41,0.47,4.56,51.0,True,"['⚡ 52주 저가 대비 1.41', '✅ 3M 수익 4.6%', '✅ RSI 51.0', '✅ 정배열']"
261780,차백신연구소,KOSDAQ,그레이엄 순유동자산,70,3005.0,1.27,2.54,2.56,61.6,False,"['✅ 52주 저가 대비 1.27', '✅ 거래량 2.5배', '✅ 3M 수익 2.6%', '❌ RSI 61.6', '❌ 역배열/혼조']"
265520,시스템,KOSDAQ,그레이엄 순유동자산,70,22350.0,1.46,0.81,11.92,47.9,True,"['⚡ 52주 저가 대비 1.46', '✅ 3M 수익 11.9%', '✅ RSI 47.9', '✅ 정배열']"
322510,제이엘케이,KOSDAQ,그레이엄 순유동자산,70,8760.0,2.17,1.77,46.49,57.1,True,"['❌ 52주 저가 대비 2.17', '✅ 거래량 1.8배', '✅ 3M 수익 46.5%', '✅ RSI 57.1', '✅ 정배열']"
331740,아우토크립트,KOSDAQ,그레이엄 순유동자산,70,19170.0,1.86,1.59,23.04,52.3,True,"['❌ 52주 저가 대비 1.86', '✅ 거래량 1.6배', '✅ 3M 수익 23.0%', '✅ RSI 52.3', '✅ 정배열']"
382800,지앤비에스,KOSDAQ,그레이엄 순유동자산,70,4485.0,1.72,1.8,61.91,58.3,True,"['❌ 52주 저가 대비 1.73', '✅ 거래량 1.8배', '✅ 3M 수익 61.9%', '✅ RSI 58.3', '✅ 정배열']"
382900,범한퓨얼셀,KOSDAQ,그레이엄 순유동자산,70,31700.0,2.49,2.16,4.79,51.3,True,"['❌ 52주 저가 대비 2.49', '✅ 거래량 2.2배', '✅ 3M 수익 4.8%', '✅ RSI 51.3', '✅ 정배열']"
389020,자람테크놀로지,KOSDAQ,그레이엄 순유동자산,70,55900.0,1.82,1.85,42.78,51.6,True,"['❌ 52주 저가 대비 1.82', '✅ 거래량 1.8배', '✅ 3M 수익 42.8%', '✅ RSI 51.6', '✅ 정배열']"
389260,대명에너지,KOSDAQ,그레이엄 순유동자산,70,20400.0,1.79,1.9,3.34,52.0,True,"['❌ 52주 저가 대비 1.79', '✅ 거래량 1.9배', '✅ 3M 수익 3.3%', '✅ RSI 52.0', '✅ 정배열']"
425040,티이엠씨,KOSDAQ,그레이엄 순유동자산,70,9710.0,1.63,1.87,28.95,51.0,True,"['❌ 52주 저가 대비 1.63', '✅ 거래량 1.9배', '✅ 3M 수익 29.0%', '✅ RSI 51.0', '✅ 정배열']"
441270,파인엠텍,KOSDAQ,그레이엄 순유동자산,70,10850.0,2.8,1.67,6.37,51.8,True,"['❌ 52주 저가 대비 2.80', '✅ 거래량 1.7배', '✅ 3M 수익 6.4%', '✅ RSI 51.8', '✅ 정배열']"
448710,코츠테크놀로지,KOSDAQ,그레이엄 순유동자산,70,21300.0,1.37,0.93,34.13,56.6,True,"['⚡ 52주 저가 대비 1.37', '✅ 3M 수익 34.1%', '✅ RSI 56.6', '✅ 정배열']"
448900,한국피아이엠,KOSDAQ,그레이엄 순유동자산,70,112500.0,9.83,1.6,85.95,57.1,True,"['❌ 52주 저가 대비 9.83', '✅ 거래량 1.6배', '✅ 3M 수익 86.0%', '✅ RSI 57.1', '✅ 정배열']"
001230,동국홀딩스,KOSPI,그레이엄 순유동자산,70,9680.0,1.49,0.8,25.23,51.0,True,"['⚡ 52주 저가 대비 1.49', '✅ 3M 수익 25.2%', '✅ RSI 51.0', '✅ 정배열']"
001550,조비,KOSPI,그레이엄 순유동자산,70,17450.0,1.75,2.33,51.87,58.8,True,"['❌ 52주 저가 대비 1.75', '✅ 거래량 2.3배', '✅ 3M 수익 51.9%', '✅ RSI 58.8', '✅ 정배열']"
001560,제일연마,KOSPI,그레이엄 순유동자산,70,11850.0,1.42,0.66,22.16,57.5,True,"['⚡ 52주 저가 대비 1.42', '✅ 3M 수익 22.2%', '✅ RSI 57.5', '✅ 정배열']"
002420,세기상사,KOSPI,그레이엄 순유동자산,70,5730.0,1.27,0.35,-4.82,55.4,True,"['✅ 52주 저가 대비 1.27', '⚡ 3M 수익 -4.8%', '✅ RSI 55.4', '✅ 정배열']"
004080,신흥,KOSPI,그레이엄 순유동자산,70,13800.0,1.03,0.46,-0.29,34.4,True,"['✅ 52주 저가 대비 1.03', '⚡ 3M 수익 -0.3%', '✅ RSI 34.4', '✅ 정배열']"
004105,태양금속우,KOSPI,그레이엄 순유동자산,70,3920.0,1.32,0.77,5.95,45.9,True,"['⚡ 52주 저가 대비 1.32', '✅ 3M 수익 5.9%', '✅ RSI 45.9', '✅ 정배열']"
005750,대림바스,KOSPI,그레이엄 순유동자산,70,5530.0,1.46,1.34,7.38,50.4,True,"['⚡ 52주 저가 대비 1.46', '⚡ 거래량 1.3배', '⚡ 3M 수익 7.4%', '✅ RSI 50.4', '✅ 정배열']"
006110,삼아알미늄,KOSPI,그레이엄 순유동자산,70,36450.0,2.07,1.74,41.55,59.1,True,"['❌ 52주 저가 대비 2.07', '✅ 거래량 1.7배', '✅ 3M 수익 41.6%', '✅ RSI 59.1', '✅ 정배열']"
006980,우성,KOSPI,그레이엄 순유동자산,70,21400.0,1.49,0.64,27.15,39.0,True,"['⚡ 52주 저가 대비 1.49', '✅ 3M 수익 27.2%', '✅ RSI 39.0', '✅ 정배열']"
009900,명신산업,KOSPI,그레이엄 순유동자산,70,10800.0,1.49,0.84,17.52,57.4,True,"['⚡ 52주 저가 대비 1.49', '✅ 3M 수익 17.5%', '✅ RSI 57.4', '✅ 정배열']"
010140,삼성중공업,KOSPI,그레이엄 순유동자산,70,28750.0,2.26,1.52,9.32,48.5,True,"['❌ 52주 저가 대비 2.26', '✅ 거래량 1.5배', '✅ 3M 수익 9.3%', '✅ RSI 48.5', '✅ 정배열']"
010770,평화홀딩스,KOSPI,그레이엄 순유동자산,70,3980.0,1.13,0.31,-0.13,51.2,True,"['✅ 52주 저가 대비 1.13', '⚡ 3M 수익 -0.1%', '✅ RSI 51.2', '✅ 정배열']"
017040,광명전기,KOSPI,그레이엄 순유동자산,70,1443.0,1.44,0.66,10.24,44.1,True,"['⚡ 52주 저가 대비 1.44', '✅ 3M 수익 10.2%', '✅ RSI 44.1', '✅ 정배열']"
031430,신세계인터내셔날,KOSPI,그레이엄 순유동자산,70,12570.0,1.41,0.52,15.22,47.9,True,"['⚡ 52주 저가 대비 1.41', '✅ 3M 수익 15.2%', '✅ RSI 47.9', '✅ 정배열']"
044820,코스맥스비티아이,KOSPI,그레이엄 순유동자산,70,14330.0,1.5,0.62,3.02,50.6,True,"['⚡ 52주 저가 대비 1.50', '✅ 3M 수익 3.0%', '✅ RSI 50.6', '✅ 정배열']"
053210,스카이라이프,KOSPI,그레이엄 순유동자산,70,5170.0,1.21,0.79,-4.26,46.2,True,"['✅ 52주 저가 대비 1.21', '⚡ 3M 수익 -4.3%', '✅ RSI 46.2', '✅ 정배열']"
090355,노루페인트우,KOSPI,그레이엄 순유동자산,70,13130.0,1.1,0.45,-2.88,48.9,True,"['✅ 52주 저가 대비 1.10', '⚡ 3M 수익 -2.9%', '✅ RSI 48.9', '✅ 정배열']"
092790,넥스틸,KOSPI,그레이엄 순유동자산,70,11830.0,1.3,0.84,20.1,47.8,True,"['⚡ 52주 저가 대비 1.30', '✅ 3M 수익 20.1%', '✅ RSI 47.8', '✅ 정배열']"
096760,홀딩스,KOSPI,그레이엄 순유동자산,70,4315.0,1.48,0.84,15.22,45.9,True,"['⚡ 52주 저가 대비 1.48', '✅ 3M 수익 15.2%', '✅ RSI 45.9', '✅ 정배열']"
097230,중공업,KOSPI,그레이엄 순유동자산,70,26550.0,4.68,1.52,9.71,52.8,True,"['❌ 52주 저가 대비 4.68', '✅ 거래량 1.5배', '✅ 3M 수익 9.7%', '✅ RSI 52.8', '✅ 정배열']"
109070,주성코퍼레이션,KOSPI,그레이엄 순유동자산,70,901.0,1.27,1.89,8.03,64.9,False,"['✅ 52주 저가 대비 1.27', '✅ 거래량 1.9배', '✅ 3M 수익 8.0%', '❌ RSI 64.9', '❌ 역배열/혼조']"
269370,글로벌인프라,KOSPI,그레이엄 순유동자산,70,19145.0,1.38,0.97,10.44,57.4,True,"['⚡ 52주 저가 대비 1.38', '✅ 3M 수익 10.4%', '✅ RSI 57.4', '✅ 정배열']"
269420,글로벌인프라,KOSPI,그레이엄 순유동자산,70,24495.0,1.37,0.62,11.35,58.8,True,"['⚡ 52주 저가 대비 1.37', '✅ 3M 수익 11.3%', '✅ RSI 58.8', '✅ 정배열']"
269530,글로벌인프라,KOSPI,그레이엄 순유동자산,70,22230.0,1.37,0.62,10.78,53.5,True,"['⚡ 52주 저가 대비 1.37', '✅ 3M 수익 10.8%', '✅ RSI 53.5', '✅ 정배열']"
336260,두산퓨얼셀,KOSPI,그레이엄 순유동자산,70,42850.0,3.36,1.64,33.49,59.9,True,"['❌ 52주 저가 대비 3.36', '✅ 거래량 1.6배', '✅ 3M 수익 33.5%', '✅ RSI 59.9', '✅ 정배열']"
435540,액티브,KOSPI,그레이엄 순유동자산,70,16697.0,1.32,0.68,1.63,51.8,True,"['⚡ 52주 저가 대비 1.32', '✅ 3M 수익 1.6%', '✅ RSI 51.8', '✅ 정배열']"
435550,액티브,KOSPI,그레이엄 순유동자산,70,17125.0,1.35,0.6,1.84,43.5,True,"['⚡ 52주 저가 대비 1.35', '✅ 3M 수익 1.8%', '✅ RSI 43.5', '✅ 정배열']"
441640,미국배당커버드콜액티브,KOSPI,그레이엄 순유동자산,70,12860.0,1.33,0.76,1.75,55.2,True,"['⚡ 52주 저가 대비 1.33', '✅ 3M 수익 1.7%', '✅ RSI 55.2', '✅ 정배열']"
449690,한중반도체,KOSPI,그레이엄 순유동자산,70,36635.0,2.59,1.83,39.67,51.7,True,"['❌ 52주 저가 대비 2.59', '✅ 거래량 1.8배', '✅ 3M 수익 39.7%', '✅ RSI 51.7', '✅ 정배열']"
476000,포스트IPO액티브,KOSPI,그레이엄 순유동자산,70,13275.0,2.37,2.04,6.88,56.5,True,"['❌ 52주 저가 대비 2.37', '✅ 거래량 2.0배', '✅ 3M 수익 6.9%', '✅ RSI 56.5', '✅ 정배열']"
487950,대만테크고배당다우존스,KOSPI,그레이엄 순유동자산,70,10800.0,1.55,1.59,9.51,57.4,True,"['❌ 52주 저가 대비 1.55', '✅ 거래량 1.6배', '✅ 3M 수익 9.5%', '✅ RSI 57.4', '✅ 정배열']"
002680,한탑,KOSDAQ,그레이엄 순유동자산,65,782.0,1.23,0.64,8.31,64.6,True,"['✅ 52주 저가 대비 1.23', '✅ 3M 수익 8.3%', '❌ RSI 64.6', '✅ 정배열']"
004780,대륙제관,KOSDAQ,그레이엄 순유동자산,65,3805.0,1.11,0.62,5.26,41.3,False,"['✅ 52주 저가 대비 1.11', '✅ 3M 수익 5.3%', '✅ RSI 41.3', '❌ 역배열/혼조']"
010470,오리콤,KOSDAQ,그레이엄 순유동자산,65,5850.0,1.07,0.36,0.52,40.4,False,"['✅ 52주 저가 대비 1.07', '✅ 3M 수익 0.5%', '✅ RSI 40.4', '❌ 역배열/혼조']"
013030,하이록코리아,KOSDAQ,그레이엄 순유동자산,65,35800.0,1.43,1.05,7.99,35.5,False,"['⚡ 52주 저가 대비 1.43', '⚡ 거래량 1.1배', '✅ 3M 수익 8.0%', '✅ RSI 35.5', '❌ 역배열/혼조']"
014620,성광벤드,KOSDAQ,그레이엄 순유동자산,65,33150.0,1.47,1.32,20.99,37.2,False,"['⚡ 52주 저가 대비 1.47', '⚡ 거래량 1.3배', '✅ 3M 수익 21.0%', '✅ RSI 37.2', '❌ 역배열/혼조']"
017250,인터엠,KOSDAQ,그레이엄 순유동자산,65,1027.0,1.05,0.35,1.68,35.2,False,"['✅ 52주 저가 대비 1.05', '✅ 3M 수익 1.7%', '✅ RSI 35.2', '❌ 역배열/혼조']"
019770,서연탑메탈,KOSDAQ,그레이엄 순유동자산,65,3900.0,1.14,0.46,3.17,40.6,False,"['✅ 52주 저가 대비 1.14', '✅ 3M 수익 3.2%', '✅ RSI 40.6', '❌ 역배열/혼조']"
024120,오토시스,KOSDAQ,그레이엄 순유동자산,65,3615.0,1.16,0.32,1.12,46.3,False,"['✅ 52주 저가 대비 1.16', '✅ 3M 수익 1.1%', '✅ RSI 46.3', '❌ 역배열/혼조']"
035610,솔본,KOSDAQ,그레이엄 순유동자산,65,3770.0,1.08,0.52,3.71,37.8,False,"['✅ 52주 저가 대비 1.08', '✅ 3M 수익 3.7%', '✅ RSI 37.8', '❌ 역배열/혼조']"
037030,파워넷,KOSDAQ,그레이엄 순유동자산,65,2905.0,1.5,1.28,4.31,47.1,False,"['⚡ 52주 저가 대비 1.50', '⚡ 거래량 1.3배', '✅ 3M 수익 4.3%', '✅ RSI 47.1', '❌ 역배열/혼조']"
042110,에스씨디,KOSDAQ,그레이엄 순유동자산,65,1330.0,1.1,1.08,0.0,40.2,False,"['✅ 52주 저가 대비 1.10', '⚡ 거래량 1.1배', '⚡ 3M 수익 0.0%', '✅ RSI 40.2', '❌ 역배열/혼조']"
045390,대아티아이,KOSDAQ,그레이엄 순유동자산,65,4400.0,1.46,1.07,9.73,42.0,False,"['⚡ 52주 저가 대비 1.46', '⚡ 거래량 1.1배', '✅ 3M 수익 9.7%', '✅ RSI 42.0', '❌ 역배열/혼조']"
047080,한빛소프트,KOSDAQ,그레이엄 순유동자산,65,1223.0,1.14,0.98,0.66,51.9,False,"['✅ 52주 저가 대비 1.14', '✅ 3M 수익 0.7%', '✅ RSI 51.9', '❌ 역배열/혼조']"
049960,쎌바이오텍,KOSDAQ,그레이엄 순유동자산,65,14000.0,1.22,0.57,1.16,37.2,False,"['✅ 52주 저가 대비 1.22', '✅ 3M 수익 1.2%', '✅ RSI 37.2', '❌ 역배열/혼조']"
050860,아세아텍,KOSDAQ,그레이엄 순유동자산,65,2030.0,1.09,0.86,6.9,42.1,False,"['✅ 52주 저가 대비 1.09', '✅ 3M 수익 6.9%', '✅ RSI 42.1', '❌ 역배열/혼조']"
051160,지어소프트,KOSDAQ,그레이엄 순유동자산,65,7680.0,1.19,0.93,10.19,56.8,False,"['✅ 52주 저가 대비 1.19', '✅ 3M 수익 10.2%', '✅ RSI 56.8', '❌ 역배열/혼조']"
051380,피씨디렉트,KOSDAQ,그레이엄 순유동자산,65,2010.0,1.2,1.23,-2.43,54.7,False,"['✅ 52주 저가 대비 1.20', '⚡ 거래량 1.2배', '⚡ 3M 수익 -2.4%', '✅ RSI 54.7', '❌ 역배열/혼조']"
052770,아이톡시,KOSDAQ,그레이엄 순유동자산,65,445.0,1.0,1.54,-56.37,48.5,False,"['✅ 52주 저가 대비 1.00', '✅ 거래량 1.5배', '❌ 3M 수익 -56.4%', '✅ RSI 48.5', '❌ 역배열/혼조']"
053160,프리엠스,KOSDAQ,그레이엄 순유동자산,65,7980.0,1.23,0.7,8.42,66.0,True,"['✅ 52주 저가 대비 1.23', '✅ 3M 수익 8.4%', '❌ RSI 66.0', '✅ 정배열']"
058110,멕아이씨에스,KOSDAQ,그레이엄 순유동자산,65,1774.0,1.19,1.6,-10.76,50.8,False,"['✅ 52주 저가 대비 1.19', '✅ 거래량 1.6배', '❌ 3M 수익 -10.8%', '✅ RSI 50.8', '❌ 역배열/혼조']"
060570,드림어스컴퍼니,KOSDAQ,그레이엄 순유동자산,65,1356.0,1.23,1.51,-12.85,49.1,False,"['✅ 52주 저가 대비 1.23', '✅ 거래량 1.5배', '❌ 3M 수익 -12.9%', '✅ RSI 49.1', '❌ 역배열/혼조']"
064520,테크엘,KOSDAQ,그레이엄 순유동자산,65,1723.0,1.19,0.3,2.19,36.4,False,"['✅ 52주 저가 대비 1.19', '✅ 3M 수익 2.2%', '✅ RSI 36.4', '❌ 역배열/혼조']"
067920,이글루,KOSDAQ,그레이엄 순유동자산,65,6050.0,1.22,0.85,10.0,77.2,True,"['✅ 52주 저가 대비 1.22', '✅ 3M 수익 10.0%', '❌ RSI 77.2', '✅ 정배열']"
071850,캐스텍코리아,KOSDAQ,그레이엄 순유동자산,65,1445.0,1.0,2.87,-5.25,31.3,False,"['✅ 52주 저가 대비 1.00', '✅ 거래량 2.9배', '❌ 3M 수익 -5.2%', '✅ RSI 31.3', '❌ 역배열/혼조']"
073110,엘엠에스,KOSDAQ,그레이엄 순유동자산,65,5160.0,1.14,0.34,0.39,39.2,False,"['✅ 52주 저가 대비 1.14', '✅ 3M 수익 0.4%', '✅ RSI 39.2', '❌ 역배열/혼조']"
076080,웰크론한텍,KOSDAQ,그레이엄 순유동자산,65,1172.0,1.2,1.16,-2.41,45.0,False,"['✅ 52주 저가 대비 1.20', '⚡ 거래량 1.2배', '⚡ 3M 수익 -2.4%', '✅ RSI 45.0', '❌ 역배열/혼조']"
078340,컴투스,KOSDAQ,그레이엄 순유동자산,65,33000.0,1.14,1.03,10.0,41.7,False,"['✅ 52주 저가 대비 1.14', '⚡ 거래량 1.0배', '⚡ 3M 수익 10.0%', '✅ RSI 41.7', '❌ 역배열/혼조']"
080420,모다이노칩,KOSDAQ,그레이엄 순유동자산,65,2115.0,1.29,0.92,5.75,53.8,False,"['✅ 52주 저가 대비 1.29', '✅ 3M 수익 5.8%', '✅ RSI 53.8', '❌ 역배열/혼조']"
082850,우리바이오,KOSDAQ,그레이엄 순유동자산,65,1820.0,1.18,1.56,-15.74,45.7,False,"['✅ 52주 저가 대비 1.18', '✅ 거래량 1.6배', '❌ 3M 수익 -15.7%', '✅ RSI 45.7', '❌ 역배열/혼조']"
086980,쇼박스,KOSDAQ,그레이엄 순유동자산,65,2785.0,1.19,0.79,12.3,45.8,False,"['✅ 52주 저가 대비 1.19', '✅ 3M 수익 12.3%', '✅ RSI 45.8', '❌ 역배열/혼조']"
087260,모바일어플라이언스,KOSDAQ,그레이엄 순유동자산,65,1905.0,1.21,1.24,16.44,42.1,False,"['✅ 52주 저가 대비 1.21', '⚡ 거래량 1.2배', '⚡ 3M 수익 16.4%', '✅ RSI 42.1', '❌ 역배열/혼조']"
088340,유라클,KOSDAQ,그레이엄 순유동자산,65,12100.0,1.23,1.54,-19.49,38.5,False,"['✅ 52주 저가 대비 1.23', '✅ 거래량 1.5배', '❌ 3M 수익 -19.5%', '✅ RSI 38.5', '❌ 역배열/혼조']"
093380,풍강,KOSDAQ,그레이엄 순유동자산,65,2615.0,1.12,1.92,-6.94,35.2,False,"['✅ 52주 저가 대비 1.12', '✅ 거래량 1.9배', '❌ 3M 수익 -6.9%', '✅ RSI 35.2', '❌ 역배열/혼조']"
096250,와이즈넛,KOSDAQ,그레이엄 순유동자산,65,11060.0,1.21,1.82,-15.57,45.8,False,"['✅ 52주 저가 대비 1.21', '✅ 거래량 1.8배', '❌ 3M 수익 -15.6%', '✅ RSI 45.8', '❌ 역배열/혼조']"
101970,우양에이치씨,KOSDAQ,그레이엄 순유동자산,65,12360.0,1.14,0.59,1.56,45.2,False,"['✅ 52주 저가 대비 1.14', '✅ 3M 수익 1.6%', '✅ RSI 45.2', '❌ 역배열/혼조']"
108860,셀바스AI,KOSDAQ,그레이엄 순유동자산,65,11900.0,1.28,2.39,-10.59,46.8,False,"['✅ 52주 저가 대비 1.28', '✅ 거래량 2.4배', '❌ 3M 수익 -10.6%', '✅ RSI 46.8', '❌ 역배열/혼조']"
110020,전진바이오팜,KOSDAQ,그레이엄 순유동자산,65,2325.0,1.3,1.85,-15.15,53.1,False,"['✅ 52주 저가 대비 1.30', '✅ 거래량 1.8배', '❌ 3M 수익 -15.1%', '✅ RSI 53.1', '❌ 역배열/혼조']"
115450,테라퓨틱스,KOSDAQ,그레이엄 순유동자산,65,2950.0,1.22,0.82,0.85,58.9,False,"['✅ 52주 저가 대비 1.22', '✅ 3M 수익 0.9%', '✅ RSI 58.9', '❌ 역배열/혼조']"
115530,씨엔플러스,KOSDAQ,그레이엄 순유동자산,65,288.0,1.13,1.67,-14.79,55.9,False,"['✅ 52주 저가 대비 1.13', '✅ 거래량 1.7배', '❌ 3M 수익 -14.8%', '✅ RSI 55.9', '❌ 역배열/혼조']"
119610,인터로조,KOSDAQ,그레이엄 순유동자산,65,17910.0,1.2,0.95,6.42,46.1,False,"['✅ 52주 저가 대비 1.20', '✅ 3M 수익 6.4%', '✅ RSI 46.1', '❌ 역배열/혼조']"
124560,태웅로직스,KOSDAQ,그레이엄 순유동자산,65,2785.0,1.12,0.26,0.18,44.6,False,"['✅ 52주 저가 대비 1.12', '✅ 3M 수익 0.2%', '✅ RSI 44.6', '❌ 역배열/혼조']"
126700,하이비젼시스템,KOSDAQ,그레이엄 순유동자산,65,17600.0,1.24,1.16,11.39,46.3,False,"['✅ 52주 저가 대비 1.24', '⚡ 거래량 1.2배', '⚡ 3M 수익 11.4%', '✅ RSI 46.3', '❌ 역배열/혼조']"
133750,메가엠디,KOSDAQ,그레이엄 순유동자산,65,1881.0,1.08,0.79,3.01,45.6,False,"['✅ 52주 저가 대비 1.08', '✅ 3M 수익 3.0%', '✅ RSI 45.6', '❌ 역배열/혼조']"
136480,하림,KOSDAQ,그레이엄 순유동자산,65,3095.0,1.08,0.49,1.48,32.0,False,"['✅ 52주 저가 대비 1.08', '✅ 3M 수익 1.5%', '✅ RSI 32.0', '❌ 역배열/혼조']"
140860,파크시스템스,KOSDAQ,그레이엄 순유동자산,65,252000.0,1.37,1.19,16.13,45.1,False,"['⚡ 52주 저가 대비 1.37', '⚡ 거래량 1.2배', '✅ 3M 수익 16.1%', '✅ RSI 45.1', '❌ 역배열/혼조']"
143240,사람인,KOSDAQ,그레이엄 순유동자산,65,13710.0,1.07,0.6,1.03,39.6,False,"['✅ 52주 저가 대비 1.07', '✅ 3M 수익 1.0%', '✅ RSI 39.6', '❌ 역배열/혼조']"
173130,오파스넷,KOSDAQ,그레이엄 순유동자산,65,7260.0,1.22,0.82,2.25,40.9,False,"['✅ 52주 저가 대비 1.22', '✅ 3M 수익 2.3%', '✅ RSI 40.9', '❌ 역배열/혼조']"
179530,애드바이오텍,KOSDAQ,그레이엄 순유동자산,65,1687.0,1.25,2.76,-42.52,52.5,False,"['✅ 52주 저가 대비 1.25', '✅ 거래량 2.8배', '❌ 3M 수익 -42.5%', '✅ RSI 52.5', '❌ 역배열/혼조']"
188260,세니젠,KOSDAQ,그레이엄 순유동자산,65,1738.0,1.13,3.28,-14.59,50.5,False,"['✅ 52주 저가 대비 1.13', '✅ 거래량 3.3배', '❌ 3M 수익 -14.6%', '✅ RSI 50.5', '❌ 역배열/혼조']"
189330,씨이랩,KOSDAQ,그레이엄 순유동자산,65,4485.0,1.29,1.38,-4.98,50.5,False,"['✅ 52주 저가 대비 1.29', '⚡ 거래량 1.4배', '⚡ 3M 수익 -5.0%', '✅ RSI 50.5', '❌ 역배열/혼조']"
206640,바디텍메드,KOSDAQ,그레이엄 순유동자산,65,12580.0,1.11,1.65,-6.26,42.9,False,"['✅ 52주 저가 대비 1.11', '✅ 거래량 1.7배', '❌ 3M 수익 -6.3%', '✅ RSI 42.9', '❌ 역배열/혼조']"
215090,솔디펜스,KOSDAQ,그레이엄 순유동자산,65,2980.0,1.28,0.55,18.25,38.1,False,"['✅ 52주 저가 대비 1.28', '✅ 3M 수익 18.3%', '✅ RSI 38.1', '❌ 역배열/혼조']"
216050,인크로스,KOSDAQ,그레이엄 순유동자산,65,6970.0,1.11,0.45,1.01,40.8,False,"['✅ 52주 저가 대비 1.11', '✅ 3M 수익 1.0%', '✅ RSI 40.8', '❌ 역배열/혼조']"
222040,코스맥스엔비티,KOSDAQ,그레이엄 순유동자산,65,3345.0,1.13,0.9,3.72,44.8,False,"['✅ 52주 저가 대비 1.13', '✅ 3M 수익 3.7%', '✅ RSI 44.8', '❌ 역배열/혼조']"
225430,케이엠제약,KOSDAQ,그레이엄 순유동자산,65,401.0,1.18,2.26,-24.62,44.5,False,"['✅ 52주 저가 대비 1.18', '✅ 거래량 2.3배', '❌ 3M 수익 -24.6%', '✅ RSI 44.5', '❌ 역배열/혼조']"
228850,레이언스,KOSDAQ,그레이엄 순유동자산,65,6050.0,1.24,0.5,17.93,66.0,True,"['✅ 52주 저가 대비 1.24', '✅ 3M 수익 17.9%', '❌ RSI 66.0', '✅ 정배열']"
250930,예선테크,KOSDAQ,그레이엄 순유동자산,65,384.0,1.25,2.13,-26.01,45.6,False,"['✅ 52주 저가 대비 1.25', '✅ 거래량 2.1배', '❌ 3M 수익 -26.0%', '✅ RSI 45.6', '❌ 역배열/혼조']"
277880,티에스아이,KOSDAQ,그레이엄 순유동자산,65,4470.0,1.0,2.18,-19.46,31.6,False,"['✅ 52주 저가 대비 1.00', '✅ 거래량 2.2배', '❌ 3M 수익 -19.5%', '✅ RSI 31.6', '❌ 역배열/혼조']"
290120,오토리드,KOSDAQ,그레이엄 순유동자산,65,2685.0,1.25,0.6,11.64,41.0,False,"['✅ 52주 저가 대비 1.25', '✅ 3M 수익 11.6%', '✅ RSI 41.0', '❌ 역배열/혼조']"
290520,신도기연,KOSDAQ,그레이엄 순유동자산,65,1694.0,1.22,0.33,0.95,56.6,False,"['✅ 52주 저가 대비 1.22', '✅ 3M 수익 1.0%', '✅ RSI 56.6', '❌ 역배열/혼조']"
302550,리메드,KOSDAQ,그레이엄 순유동자산,65,3175.0,1.15,0.08,4.27,50.7,False,"['✅ 52주 저가 대비 1.15', '✅ 3M 수익 4.3%', '✅ RSI 50.7', '❌ 역배열/혼조']"
304100,솔트룩스,KOSDAQ,그레이엄 순유동자산,65,25250.0,1.3,1.6,-21.71,44.7,False,"['✅ 52주 저가 대비 1.30', '✅ 거래량 1.6배', '❌ 3M 수익 -21.7%', '✅ RSI 44.7', '❌ 역배열/혼조']"
310870,디와이씨,KOSDAQ,그레이엄 순유동자산,65,1609.0,1.39,1.12,17.79,65.9,True,"['⚡ 52주 저가 대비 1.39', '⚡ 거래량 1.1배', '✅ 3M 수익 17.8%', '❌ RSI 65.9', '✅ 정배열']"
318010,팜스빌,KOSDAQ,그레이엄 순유동자산,65,3435.0,1.04,0.07,0.29,48.1,False,"['✅ 52주 저가 대비 1.04', '✅ 3M 수익 0.3%', '✅ RSI 48.1', '❌ 역배열/혼조']"
332290,누보,KOSDAQ,그레이엄 순유동자산,65,1362.0,1.36,1.17,2.41,60.2,True,"['⚡ 52주 저가 대비 1.36', '⚡ 거래량 1.2배', '✅ 3M 수익 2.4%', '❌ RSI 60.2', '✅ 정배열']"
332370,아이디피,KOSDAQ,그레이엄 순유동자산,65,5060.0,1.21,0.98,1.5,44.3,False,"['✅ 52주 저가 대비 1.21', '✅ 3M 수익 1.5%', '✅ RSI 44.3', '❌ 역배열/혼조']"
353190,휴럼,KOSDAQ,그레이엄 순유동자산,65,690.0,1.08,0.33,1.77,54.5,False,"['✅ 52주 저가 대비 1.08', '✅ 3M 수익 1.8%', '✅ RSI 54.5', '❌ 역배열/혼조']"
357230,에이치피오,KOSDAQ,그레이엄 순유동자산,65,2440.0,1.06,0.5,2.09,52.0,False,"['✅ 52주 저가 대비 1.06', '✅ 3M 수익 2.1%', '✅ RSI 52.0', '❌ 역배열/혼조']"
365900,브이씨,KOSDAQ,그레이엄 순유동자산,65,2935.0,1.13,0.75,3.89,48.4,False,"['✅ 52주 저가 대비 1.13', '✅ 3M 수익 3.9%', '✅ RSI 48.4', '❌ 역배열/혼조']"
376300,디어유,KOSDAQ,그레이엄 순유동자산,65,37900.0,1.23,1.33,12.8,42.7,False,"['✅ 52주 저가 대비 1.23', '⚡ 거래량 1.3배', '⚡ 3M 수익 12.8%', '✅ RSI 42.7', '❌ 역배열/혼조']"
382480,지아이텍,KOSDAQ,그레이엄 순유동자산,65,2320.0,1.22,0.24,11.0,51.8,False,"['✅ 52주 저가 대비 1.22', '✅ 3M 수익 11.0%', '✅ RSI 51.8', '❌ 역배열/혼조']"
431190,케이쓰리아이,KOSDAQ,그레이엄 순유동자산,65,4200.0,1.1,2.29,-21.79,34.1,False,"['✅ 52주 저가 대비 1.10', '✅ 거래량 2.3배', '❌ 3M 수익 -21.8%', '✅ RSI 34.1', '❌ 역배열/혼조']"
458650,성우,KOSDAQ,그레이엄 순유동자산,65,12250.0,1.27,0.55,15.57,37.7,False,"['✅ 52주 저가 대비 1.27', '✅ 3M 수익 15.6%', '✅ RSI 37.7', '❌ 역배열/혼조']"
461300,아이스크림미디어,KOSDAQ,그레이엄 순유동자산,65,16710.0,1.31,1.78,-4.51,56.4,False,"['⚡ 52주 저가 대비 1.31', '✅ 거래량 1.8배', '⚡ 3M 수익 -4.5%', '✅ RSI 56.4', '❌ 역배열/혼조']"
462980,아이지넷,KOSDAQ,그레이엄 순유동자산,65,2295.0,1.3,0.37,20.54,62.6,True,"['✅ 52주 저가 대비 1.30', '✅ 3M 수익 20.5%', '❌ RSI 62.6', '✅ 정배열']"
000220,유유제약,KOSPI,그레이엄 순유동자산,65,4305.0,1.05,0.39,0.12,33.9,False,"['✅ 52주 저가 대비 1.05', '✅ 3M 수익 0.1%', '✅ RSI 33.9', '❌ 역배열/혼조']"
000227,유유제약2우B,KOSPI,그레이엄 순유동자산,65,10810.0,1.17,1.19,-2.7,54.8,False,"['✅ 52주 저가 대비 1.17', '⚡ 거래량 1.2배', '⚡ 3M 수익 -2.7%', '✅ RSI 54.8', '❌ 역배열/혼조']"
000590,홀딩스,KOSPI,그레이엄 순유동자산,65,81000.0,1.15,0.42,1.12,32.4,False,"['✅ 52주 저가 대비 1.15', '✅ 3M 수익 1.1%', '✅ RSI 32.4', '❌ 역배열/혼조']"
001067,중외제약2우B,KOSPI,그레이엄 순유동자산,65,55500.0,1.0,1.8,-8.42,34.1,False,"['✅ 52주 저가 대비 1.00', '✅ 거래량 1.8배', '❌ 3M 수익 -8.4%', '✅ RSI 34.1', '❌ 역배열/혼조']"
001130,대한제분,KOSPI,그레이엄 순유동자산,65,148900.0,1.19,1.21,-2.62,37.7,False,"['✅ 52주 저가 대비 1.19', '⚡ 거래량 1.2배', '⚡ 3M 수익 -2.6%', '✅ RSI 37.7', '❌ 역배열/혼조']"
001250,글로벌,KOSPI,그레이엄 순유동자산,65,2515.0,1.14,0.55,4.36,41.2,False,"['✅ 52주 저가 대비 1.14', '✅ 3M 수익 4.4%', '✅ RSI 41.2', '❌ 역배열/혼조']"
001527,동양2우B,KOSPI,그레이엄 순유동자산,65,8980.0,1.24,0.9,2.86,50.4,False,"['✅ 52주 저가 대비 1.24', '✅ 3M 수익 2.9%', '✅ RSI 50.4', '❌ 역배열/혼조']"
001780,알루코,KOSPI,그레이엄 순유동자산,65,2145.0,1.14,1.12,7.25,38.7,False,"['✅ 52주 저가 대비 1.14', '⚡ 거래량 1.1배', '⚡ 3M 수익 7.3%', '✅ RSI 38.7', '❌ 역배열/혼조']"
002170,삼양통상,KOSPI,그레이엄 순유동자산,65,58700.0,1.29,0.72,5.96,42.9,False,"['✅ 52주 저가 대비 1.29', '✅ 3M 수익 6.0%', '✅ RSI 42.9', '❌ 역배열/혼조']"
002450,삼익악기,KOSPI,그레이엄 순유동자산,65,1200.0,1.07,1.15,-3.69,45.1,False,"['✅ 52주 저가 대비 1.07', '⚡ 거래량 1.1배', '⚡ 3M 수익 -3.7%', '✅ RSI 45.1', '❌ 역배열/혼조']"
002620,제일파마홀딩스,KOSPI,그레이엄 순유동자산,65,9170.0,1.28,0.36,9.43,65.3,True,"['✅ 52주 저가 대비 1.28', '✅ 3M 수익 9.4%', '❌ RSI 65.3', '✅ 정배열']"
003030,세아제강지주,KOSPI,그레이엄 순유동자산,65,159600.0,1.41,1.1,9.17,60.2,True,"['⚡ 52주 저가 대비 1.41', '⚡ 거래량 1.1배', '✅ 3M 수익 9.2%', '❌ RSI 60.2', '✅ 정배열']"
003490,대한항공,KOSPI,그레이엄 순유동자산,65,24650.0,1.22,0.7,9.07,43.8,False,"['✅ 52주 저가 대비 1.22', '✅ 3M 수익 9.1%', '✅ RSI 43.8', '❌ 역배열/혼조']"
003780,진양산업,KOSPI,그레이엄 순유동자산,65,5770.0,1.09,1.58,-19.07,38.4,False,"['✅ 52주 저가 대비 1.09', '✅ 거래량 1.6배', '❌ 3M 수익 -19.1%', '✅ RSI 38.4', '❌ 역배열/혼조']"
003850,보령,KOSPI,그레이엄 순유동자산,65,9340.0,1.21,0.35,1.63,38.3,False,"['✅ 52주 저가 대비 1.21', '✅ 3M 수익 1.6%', '✅ RSI 38.3', '❌ 역배열/혼조']"
004770,써니전자,KOSPI,그레이엄 순유동자산,65,1596.0,1.13,0.66,1.72,48.2,False,"['✅ 52주 저가 대비 1.13', '✅ 3M 수익 1.7%', '✅ RSI 48.2', '❌ 역배열/혼조']"
005320,온타이드,KOSPI,그레이엄 순유동자산,65,517.0,1.26,0.37,8.39,49.0,False,"['✅ 52주 저가 대비 1.26', '✅ 3M 수익 8.4%', '✅ RSI 49.0', '❌ 역배열/혼조']"
005820,원림,KOSPI,그레이엄 순유동자산,65,15510.0,1.2,0.54,3.54,45.6,False,"['✅ 52주 저가 대비 1.20', '✅ 3M 수익 3.5%', '✅ RSI 45.6', '❌ 역배열/혼조']"
006200,한국전자홀딩스,KOSPI,그레이엄 순유동자산,65,750.0,1.19,0.17,11.94,54.9,False,"['✅ 52주 저가 대비 1.19', '✅ 3M 수익 11.9%', '✅ RSI 54.9', '❌ 역배열/혼조']"
006345,대원전선우,KOSPI,그레이엄 순유동자산,65,4045.0,1.25,0.15,4.66,36.9,False,"['✅ 52주 저가 대비 1.25', '✅ 3M 수익 4.7%', '✅ RSI 36.9', '❌ 역배열/혼조']"
006570,대림통상,KOSPI,그레이엄 순유동자산,65,2100.0,1.1,2.93,-6.25,51.8,False,"['✅ 52주 저가 대비 1.10', '✅ 거래량 2.9배', '❌ 3M 수익 -6.2%', '✅ RSI 51.8', '❌ 역배열/혼조']"
007210,벽산,KOSPI,그레이엄 순유동자산,65,1872.0,1.15,0.35,4.76,43.3,False,"['✅ 52주 저가 대비 1.15', '✅ 3M 수익 4.8%', '✅ RSI 43.3', '❌ 역배열/혼조']"
009450,경동나비엔,KOSPI,그레이엄 순유동자산,65,61700.0,1.15,0.3,5.29,35.0,False,"['✅ 52주 저가 대비 1.15', '✅ 3M 수익 5.3%', '✅ RSI 35.0', '❌ 역배열/혼조']"
013890,지누스,KOSPI,그레이엄 순유동자산,65,12130.0,1.1,0.72,0.83,40.5,False,"['✅ 52주 저가 대비 1.10', '✅ 3M 수익 0.8%', '✅ RSI 40.5', '❌ 역배열/혼조']"
014530,극동유화,KOSPI,그레이엄 순유동자산,65,3845.0,1.21,0.77,11.45,51.3,False,"['✅ 52주 저가 대비 1.21', '✅ 3M 수익 11.4%', '✅ RSI 51.3', '❌ 역배열/혼조']"
016380,스틸,KOSPI,그레이엄 순유동자산,65,5630.0,1.11,0.56,0.72,37.2,False,"['✅ 52주 저가 대비 1.11', '✅ 3M 수익 0.7%', '✅ RSI 37.2', '❌ 역배열/혼조']"
018250,애경산업,KOSPI,그레이엄 순유동자산,65,14330.0,1.15,0.22,5.14,41.1,False,"['✅ 52주 저가 대비 1.15', '✅ 3M 수익 5.1%', '✅ RSI 41.1', '❌ 역배열/혼조']"
018500,동원금속,KOSPI,그레이엄 순유동자산,65,1587.0,1.25,0.96,17.12,45.3,False,"['✅ 52주 저가 대비 1.25', '✅ 3M 수익 17.1%', '✅ RSI 45.3', '❌ 역배열/혼조']"
023450,동남합성,KOSPI,그레이엄 순유동자산,65,30850.0,1.03,1.2,-2.06,36.5,False,"['✅ 52주 저가 대비 1.03', '⚡ 거래량 1.2배', '⚡ 3M 수익 -2.1%', '✅ RSI 36.5', '❌ 역배열/혼조']"
024890,대원화성,KOSPI,그레이엄 순유동자산,65,773.0,1.1,0.66,9.49,44.6,False,"['✅ 52주 저가 대비 1.10', '✅ 3M 수익 9.5%', '✅ RSI 44.6', '❌ 역배열/혼조']"
027740,마니커,KOSPI,그레이엄 순유동자산,65,831.0,1.11,0.35,4.79,37.1,False,"['✅ 52주 저가 대비 1.11', '✅ 3M 수익 4.8%', '✅ RSI 37.1', '❌ 역배열/혼조']"
027970,한국제지,KOSPI,그레이엄 순유동자산,65,770.0,1.05,0.47,4.34,38.9,False,"['✅ 52주 저가 대비 1.05', '✅ 3M 수익 4.3%', '✅ RSI 38.9', '❌ 역배열/혼조']"
035150,백산,KOSPI,그레이엄 순유동자산,65,13420.0,1.1,0.63,0.83,37.0,False,"['✅ 52주 저가 대비 1.10', '✅ 3M 수익 0.8%', '✅ RSI 37.0', '❌ 역배열/혼조']"
035250,강원랜드,KOSPI,그레이엄 순유동자산,65,18050.0,1.21,0.85,0.39,32.6,False,"['✅ 52주 저가 대비 1.21', '✅ 3M 수익 0.4%', '✅ RSI 32.6', '❌ 역배열/혼조']"
044450,해운,KOSPI,그레이엄 순유동자산,65,10650.0,1.3,0.63,10.94,46.9,False,"['✅ 52주 저가 대비 1.30', '✅ 3M 수익 10.9%', '✅ RSI 46.9', '❌ 역배열/혼조']"
051630,진양화학,KOSPI,그레이엄 순유동자산,65,2390.0,1.23,2.05,-20.47,46.3,False,"['✅ 52주 저가 대비 1.23', '✅ 거래량 2.0배', '❌ 3M 수익 -20.5%', '✅ RSI 46.3', '❌ 역배열/혼조']"
069730,제강,KOSPI,그레이엄 순유동자산,65,4825.0,1.47,1.27,25.49,61.1,True,"['⚡ 52주 저가 대비 1.47', '⚡ 거래량 1.3배', '✅ 3M 수익 25.5%', '❌ RSI 61.1', '✅ 정배열']"
079430,현대리바트,KOSPI,그레이엄 순유동자산,65,7190.0,1.17,0.22,12.17,42.0,False,"['✅ 52주 저가 대비 1.17', '✅ 3M 수익 12.2%', '✅ RSI 42.0', '❌ 역배열/혼조']"
081000,일진다이아,KOSPI,그레이엄 순유동자산,65,13620.0,1.28,0.3,6.66,39.5,False,"['✅ 52주 저가 대비 1.28', '✅ 3M 수익 6.7%', '✅ RSI 39.5', '❌ 역배열/혼조']"
092440,기신정기,KOSPI,그레이엄 순유동자산,65,2230.0,1.03,1.05,-2.83,37.3,False,"['✅ 52주 저가 대비 1.03', '⚡ 거래량 1.1배', '⚡ 3M 수익 -2.8%', '✅ RSI 37.3', '❌ 역배열/혼조']"
095720,웅진씽크빅,KOSPI,그레이엄 순유동자산,65,1177.0,1.19,1.83,-13.14,52.0,False,"['✅ 52주 저가 대비 1.19', '✅ 거래량 1.8배', '❌ 3M 수익 -13.1%', '✅ RSI 52.0', '❌ 역배열/혼조']"
114100,국고채3년,KOSPI,그레이엄 순유동자산,65,107370.0,1.01,0.88,0.28,45.7,False,"['✅ 52주 저가 대비 1.01', '✅ 3M 수익 0.3%', '✅ RSI 45.7', '❌ 역배열/혼조']"
114260,국고채3년,KOSPI,그레이엄 순유동자산,65,61655.0,1.01,0.83,0.32,44.8,False,"['✅ 52주 저가 대비 1.01', '✅ 3M 수익 0.3%', '✅ RSI 44.8', '❌ 역배열/혼조']"
114460,국고채3년,KOSPI,그레이엄 순유동자산,65,101420.0,1.01,0.65,0.23,46.2,False,"['✅ 52주 저가 대비 1.01', '✅ 3M 수익 0.2%', '✅ RSI 46.2', '❌ 역배열/혼조']"
114470,국고채3년,KOSPI,그레이엄 순유동자산,65,108600.0,1.01,0.2,0.3,44.0,False,"['✅ 52주 저가 대비 1.01', '✅ 3M 수익 0.3%', '✅ RSI 44.0', '❌ 역배열/혼조']"
114820,국채3년,KOSPI,그레이엄 순유동자산,65,104915.0,1.01,0.78,0.28,45.8,False,"['✅ 52주 저가 대비 1.01', '✅ 3M 수익 0.3%', '✅ RSI 45.8', '❌ 역배열/혼조']"
120030,조선선재,KOSPI,그레이엄 순유동자산,65,102900.0,1.13,0.5,1.98,38.7,False,"['✅ 52주 저가 대비 1.13', '✅ 3M 수익 2.0%', '✅ RSI 38.7', '❌ 역배열/혼조']"
126560,현대퓨처넷,KOSPI,그레이엄 순유동자산,65,3245.0,1.2,0.52,0.78,30.4,False,"['✅ 52주 저가 대비 1.20', '✅ 3M 수익 0.8%', '✅ RSI 30.4', '❌ 역배열/혼조']"
130730,단기자금,KOSPI,그레이엄 순유동자산,65,101805.0,1.03,0.77,0.7,87.8,True,"['✅ 52주 저가 대비 1.03', '✅ 3M 수익 0.7%', '❌ RSI 87.8', '✅ 정배열']"
136340,중기우량회사채,KOSPI,그레이엄 순유동자산,65,105210.0,1.01,0.18,0.13,40.6,False,"['✅ 52주 저가 대비 1.01', '✅ 3M 수익 0.1%', '✅ RSI 40.6', '❌ 역배열/혼조']"
138230,미국달러선물,KOSPI,그레이엄 순유동자산,65,17305.0,1.14,0.46,2.45,68.6,True,"['✅ 52주 저가 대비 1.14', '✅ 3M 수익 2.5%', '❌ RSI 68.6', '✅ 정배열']"
138920,콩선물,KOSPI,그레이엄 순유동자산,65,12250.0,1.18,0.65,7.42,65.8,True,"['✅ 52주 저가 대비 1.18', '✅ 3M 수익 7.4%', '❌ RSI 65.8', '✅ 정배열']"
139660,미국달러선물인버스,KOSPI,그레이엄 순유동자산,65,7805.0,1.0,1.1,-1.51,33.9,False,"['✅ 52주 저가 대비 1.00', '⚡ 거래량 1.1배', '⚡ 3M 수익 -1.5%', '✅ RSI 33.9', '❌ 역배열/혼조']"
143210,핸즈코퍼레이션,KOSPI,그레이엄 순유동자산,65,1034.0,1.06,2.33,-25.13,32.4,False,"['✅ 52주 저가 대비 1.06', '✅ 거래량 2.3배', '❌ 3M 수익 -25.1%', '✅ RSI 32.4', '❌ 역배열/혼조']"
148070,국고채10년,KOSPI,그레이엄 순유동자산,65,107825.0,1.01,1.25,-0.77,46.2,False,"['✅ 52주 저가 대비 1.01', '⚡ 거래량 1.2배', '⚡ 3M 수익 -0.8%', '✅ RSI 46.2', '❌ 역배열/혼조']"
157450,단기통안채,KOSPI,그레이엄 순유동자산,65,111280.0,1.02,0.56,0.6,80.5,True,"['✅ 52주 저가 대비 1.02', '✅ 3M 수익 0.6%', '❌ RSI 80.5', '✅ 정배열']"
168580,중국본토CSI300,KOSPI,그레이엄 순유동자산,65,36480.0,1.43,1.21,5.53,66.4,True,"['⚡ 52주 저가 대비 1.43', '⚡ 거래량 1.2배', '✅ 3M 수익 5.5%', '❌ RSI 66.4', '✅ 정배열']"
190620,단기통안채,KOSPI,그레이엄 순유동자산,65,100840.0,1.02,0.76,0.61,90.3,True,"['✅ 52주 저가 대비 1.02', '✅ 3M 수익 0.6%', '❌ RSI 90.3', '✅ 정배열']"
192090,차이나CSI300,KOSPI,그레이엄 순유동자산,65,13300.0,1.49,1.13,6.19,69.4,True,"['⚡ 52주 저가 대비 1.49', '⚡ 거래량 1.1배', '✅ 3M 수익 6.2%', '❌ RSI 69.4', '✅ 정배열']"
213630,미국다우존스고배당주,KOSPI,그레이엄 순유동자산,65,19460.0,1.27,0.52,5.05,38.1,False,"['✅ 52주 저가 대비 1.27', '✅ 3M 수익 5.0%', '✅ RSI 38.1', '❌ 역배열/혼조']"
214320,이노션,KOSPI,그레이엄 순유동자산,65,19540.0,1.19,0.52,3.0,37.9,False,"['✅ 52주 저가 대비 1.19', '✅ 3M 수익 3.0%', '✅ RSI 37.9', '❌ 역배열/혼조']"
217780,차이나CSI300인버스,KOSPI,그레이엄 순유동자산,65,5295.0,1.02,1.56,-5.53,40.4,False,"['✅ 52주 저가 대비 1.02', '✅ 거래량 1.6배', '❌ 3M 수익 -5.5%', '✅ RSI 40.4', '❌ 역배열/혼조']"
248070,솔루엠,KOSPI,그레이엄 순유동자산,65,17540.0,1.26,0.68,2.45,46.1,False,"['✅ 52주 저가 대비 1.26', '✅ 3M 수익 2.5%', '✅ RSI 46.1', '❌ 역배열/혼조']"
253280,헬스케어,KOSPI,그레이엄 순유동자산,65,17775.0,1.42,1.09,4.77,41.0,False,"['⚡ 52주 저가 대비 1.42', '⚡ 거래량 1.1배', '✅ 3M 수익 4.8%', '✅ RSI 41.0', '❌ 역배열/혼조']"
261110,미국달러선물레버리지,KOSPI,그레이엄 순유동자산,65,18505.0,1.27,0.76,4.08,67.8,True,"['✅ 52주 저가 대비 1.27', '✅ 3M 수익 4.1%', '❌ RSI 67.8', '✅ 정배열']"
261120,미국달러선물인버스2X,KOSPI,그레이엄 순유동자산,65,4585.0,1.0,1.14,-4.42,32.1,False,"['✅ 52주 저가 대비 1.00', '⚡ 거래량 1.1배', '⚡ 3M 수익 -4.4%', '✅ RSI 32.1', '❌ 역배열/혼조']"
261250,미국달러선물레버리지,KOSPI,그레이엄 순유동자산,65,18520.0,1.27,0.9,4.05,67.9,True,"['✅ 52주 저가 대비 1.27', '✅ 3M 수익 4.1%', '❌ RSI 67.9', '✅ 정배열']"
271560,오리온,KOSPI,그레이엄 순유동자산,65,129000.0,1.3,0.89,24.28,38.7,False,"['✅ 52주 저가 대비 1.30', '✅ 3M 수익 24.3%', '✅ RSI 38.7', '❌ 역배열/혼조']"
272910,중장기국공채액티브,KOSPI,그레이엄 순유동자산,65,106400.0,1.01,0.53,0.07,46.5,False,"['✅ 52주 저가 대비 1.01', '✅ 3M 수익 0.1%', '✅ RSI 46.5', '❌ 역배열/혼조']"
276970,미국S,KOSPI,그레이엄 순유동자산,65,7950.0,1.11,0.54,5.99,34.4,False,"['✅ 52주 저가 대비 1.11', '✅ 3M 수익 6.0%', '✅ RSI 34.4', '❌ 역배열/혼조']"
291680,차이나H선물인버스,KOSPI,그레이엄 순유동자산,65,7600.0,1.08,0.65,1.89,57.6,False,"['✅ 52주 저가 대비 1.08', '✅ 3M 수익 1.9%', '✅ RSI 57.6', '❌ 역배열/혼조']"
298340,국채선물3년,KOSPI,그레이엄 순유동자산,65,56220.0,1.01,0.45,0.38,48.1,False,"['✅ 52주 저가 대비 1.01', '✅ 3M 수익 0.4%', '✅ RSI 48.1', '❌ 역배열/혼조']"
300640,게임테마,KOSPI,그레이엄 순유동자산,65,7980.0,1.13,0.63,4.18,43.4,False,"['✅ 52주 저가 대비 1.13', '✅ 3M 수익 4.2%', '✅ RSI 43.4', '❌ 역배열/혼조']"
305080,미국채10년선물,KOSPI,그레이엄 순유동자산,65,13605.0,1.14,0.73,1.49,64.3,True,"['✅ 52주 저가 대비 1.14', '✅ 3M 수익 1.5%', '❌ RSI 64.3', '✅ 정배열']"
308620,미국10년국채선물,KOSPI,그레이엄 순유동자산,65,12720.0,1.14,0.78,1.55,64.1,True,"['✅ 52주 저가 대비 1.14', '✅ 3M 수익 1.5%', '❌ RSI 64.1', '✅ 정배열']"
321410,멀티에셋하이인컴,KOSPI,그레이엄 순유동자산,65,10505.0,1.15,0.44,1.45,39.4,False,"['✅ 52주 저가 대비 1.15', '✅ 3M 수익 1.4%', '✅ RSI 39.4', '❌ 역배열/혼조']"
332610,미국단기회사채,KOSPI,그레이엄 순유동자산,65,136530.0,1.14,0.48,2.23,66.2,True,"['✅ 52주 저가 대비 1.14', '✅ 3M 수익 2.2%', '❌ RSI 66.2', '✅ 정배열']"
336160,금융채액티브,KOSPI,그레이엄 순유동자산,65,101410.0,1.01,0.43,0.24,46.3,False,"['✅ 52주 저가 대비 1.01', '✅ 3M 수익 0.2%', '✅ RSI 46.3', '❌ 역배열/혼조']"
354240,미국고정배당우선증권,KOSPI,그레이엄 순유동자산,65,11825.0,1.17,0.54,1.9,64.7,True,"['✅ 52주 저가 대비 1.17', '✅ 3M 수익 1.9%', '❌ RSI 64.7', '✅ 정배열']"
357870,금리투자KIS,KOSPI,그레이엄 순유동자산,65,57220.0,1.03,0.76,0.7,100.0,True,"['✅ 52주 저가 대비 1.03', '✅ 3M 수익 0.7%', '❌ RSI 100.0', '✅ 정배열']"
363510,단기통안채,KOSPI,그레이엄 순유동자산,65,110915.0,1.02,0.09,0.58,97.0,True,"['✅ 52주 저가 대비 1.02', '✅ 3M 수익 0.6%', '❌ RSI 97.0', '✅ 정배열']"
378850,화승알앤에이,KOSPI,그레이엄 순유동자산,65,3550.0,1.24,0.2,4.72,45.2,False,"['✅ 52주 저가 대비 1.24', '✅ 3M 수익 4.7%', '✅ RSI 45.2', '❌ 역배열/혼조']"
397420,국채선물5년추종,KOSPI,그레이엄 순유동자산,65,50910.0,1.01,0.34,0.09,47.2,False,"['✅ 52주 저가 대비 1.01', '✅ 3M 수익 0.1%', '✅ RSI 47.2', '❌ 역배열/혼조']"
415640,발해인프라,KOSPI,그레이엄 순유동자산,65,9950.0,1.35,1.09,0.81,44.3,False,"['⚡ 52주 저가 대비 1.35', '⚡ 거래량 1.1배', '✅ 3M 수익 0.8%', '✅ RSI 44.3', '❌ 역배열/혼조']"
424460,글로벌워터MSCI,KOSPI,그레이엄 순유동자산,65,16120.0,1.22,0.93,2.88,34.5,False,"['✅ 52주 저가 대비 1.22', '✅ 3M 수익 2.9%', '✅ RSI 34.5', '❌ 역배열/혼조']"
427120,플랫폼,KOSPI,그레이엄 순유동자산,65,7135.0,1.14,1.21,-3.96,35.8,False,"['✅ 52주 저가 대비 1.14', '⚡ 거래량 1.2배', '⚡ 3M 수익 -4.0%', '✅ RSI 35.8', '❌ 역배열/혼조']"
429000,미국S,KOSPI,그레이엄 순유동자산,65,13670.0,1.23,0.67,4.51,44.2,False,"['✅ 52주 저가 대비 1.23', '✅ 3M 수익 4.5%', '✅ RSI 44.2', '❌ 역배열/혼조']"
430500,물가채KIS,KOSPI,그레이엄 순유동자산,65,113880.0,1.02,0.86,0.24,57.1,False,"['✅ 52주 저가 대비 1.02', '✅ 3M 수익 0.2%', '✅ RSI 57.1', '❌ 역배열/혼조']"
432600,국채선물3년,KOSPI,그레이엄 순유동자산,65,55050.0,1.01,0.34,0.37,47.4,False,"['✅ 52주 저가 대비 1.01', '✅ 3M 수익 0.4%', '✅ RSI 47.4', '❌ 역배열/혼조']"
434060,액티브,KOSPI,그레이엄 순유동자산,65,16430.0,1.28,0.64,0.06,47.6,False,"['✅ 52주 저가 대비 1.28', '✅ 3M 수익 0.1%', '✅ RSI 47.6', '❌ 역배열/혼조']"
437350,미국단기투자등급회사채액티브,KOSPI,그레이엄 순유동자산,65,13105.0,1.15,0.73,1.95,65.5,True,"['✅ 52주 저가 대비 1.15', '✅ 3M 수익 2.0%', '❌ RSI 65.5', '✅ 정배열']"
438330,우량회사채액티브,KOSPI,그레이엄 순유동자산,65,115265.0,1.02,0.7,0.1,46.0,False,"['✅ 52주 저가 대비 1.02', '✅ 3M 수익 0.1%', '✅ RSI 46.0', '❌ 역배열/혼조']"
438560,국고채3년,KOSPI,그레이엄 순유동자산,65,100140.0,1.01,0.76,0.2,45.5,False,"['✅ 52주 저가 대비 1.01', '✅ 3M 수익 0.2%', '✅ RSI 45.5', '❌ 역배열/혼조']"
440340,글로벌멀티에셋TIF액티브,KOSPI,그레이엄 순유동자산,65,12555.0,1.22,0.75,3.95,66.0,True,"['✅ 52주 저가 대비 1.22', '✅ 3M 수익 3.9%', '❌ RSI 66.0', '✅ 정배열']"
442550,액티브,KOSPI,그레이엄 순유동자산,65,14125.0,1.2,0.75,0.94,43.0,False,"['✅ 52주 저가 대비 1.20', '✅ 3M 수익 0.9%', '✅ RSI 43.0', '❌ 역배열/혼조']"
442560,액티브,KOSPI,그레이엄 순유동자산,65,15315.0,1.28,0.57,1.17,45.2,False,"['✅ 52주 저가 대비 1.28', '✅ 3M 수익 1.2%', '✅ RSI 45.2', '❌ 역배열/혼조']"
449170,금리액티브,KOSPI,그레이엄 순유동자산,65,110425.0,1.03,0.83,0.65,100.0,True,"['✅ 52주 저가 대비 1.03', '✅ 3M 수익 0.6%', '❌ RSI 100.0', '✅ 정배열']"
452360,미국배당다우존스,KOSPI,그레이엄 순유동자산,65,12200.0,1.28,0.66,11.13,39.1,False,"['✅ 52주 저가 대비 1.28', '✅ 3M 수익 11.1%', '✅ RSI 39.1', '❌ 역배열/혼조']"
453010,금리,KOSPI,그레이엄 순유동자산,65,108575.0,1.03,0.26,0.62,100.0,True,"['✅ 52주 저가 대비 1.03', '✅ 3M 수익 0.6%', '❌ RSI 100.0', '✅ 정배열']"
453630,미국S,KOSPI,그레이엄 순유동자산,65,13355.0,1.17,0.84,9.37,51.8,False,"['✅ 52주 저가 대비 1.17', '✅ 3M 수익 9.4%', '✅ RSI 51.8', '❌ 역배열/혼조']"
455030,미국달러SOFR금리액티브,KOSPI,그레이엄 순유동자산,65,12860.0,1.14,0.83,2.38,68.0,True,"['✅ 52주 저가 대비 1.14', '✅ 3M 수익 2.4%', '❌ RSI 68.0', '✅ 정배열']"
455890,머니마켓액티브,KOSPI,그레이엄 순유동자산,65,54665.0,1.03,0.77,0.84,95.5,True,"['✅ 52주 저가 대비 1.03', '✅ 3M 수익 0.8%', '❌ RSI 95.5', '✅ 정배열']"
455960,미국달러SOFR금리액티브,KOSPI,그레이엄 순유동자산,65,12830.0,1.14,0.61,2.07,63.8,True,"['✅ 52주 저가 대비 1.14', '✅ 3M 수익 2.1%', '❌ RSI 63.8', '✅ 정배열']"
456200,미국달러SOFR금리액티브,KOSPI,그레이엄 순유동자산,65,63790.0,1.14,0.78,2.36,66.4,True,"['✅ 52주 저가 대비 1.14', '✅ 3M 수익 2.4%', '❌ RSI 66.4', '✅ 정배열']"
456610,미국달러SOFR금리액티브,KOSPI,그레이엄 순유동자산,65,63835.0,1.14,0.95,2.48,68.1,True,"['✅ 52주 저가 대비 1.14', '✅ 3M 수익 2.5%', '❌ RSI 68.1', '✅ 정배열']"
456880,미국달러SOFR금리,KOSPI,그레이엄 순유동자산,65,12935.0,1.14,0.64,2.37,68.8,True,"['✅ 52주 저가 대비 1.14', '✅ 3M 수익 2.4%', '❌ RSI 68.8', '✅ 정배열']"
457690,국고채액티브,KOSPI,그레이엄 순유동자산,65,10645.0,1.01,1.18,-0.7,41.2,False,"['✅ 52주 저가 대비 1.01', '⚡ 거래량 1.2배', '⚡ 3M 수익 -0.7%', '✅ RSI 41.2', '❌ 역배열/혼조']"
458030,국공채머니마켓액티브,KOSPI,그레이엄 순유동자산,65,54325.0,1.03,0.48,0.71,87.5,True,"['✅ 52주 저가 대비 1.03', '✅ 3M 수익 0.7%', '❌ RSI 87.5', '✅ 정배열']"
458210,금리액티브,KOSPI,그레이엄 순유동자산,65,109150.0,1.03,0.68,0.68,87.0,True,"['✅ 52주 저가 대비 1.03', '✅ 3M 수익 0.7%', '❌ RSI 87.0', '✅ 정배열']"
459580,금리액티브,KOSPI,그레이엄 순유동자산,65,1074455.0,1.03,0.78,0.71,100.0,True,"['✅ 52주 저가 대비 1.03', '✅ 3M 수익 0.7%', '❌ RSI 100.0', '✅ 정배열']"
460270,미국달러SOFR금리액티브,KOSPI,그레이엄 순유동자산,65,13355.0,1.14,0.86,2.45,66.1,True,"['✅ 52주 저가 대비 1.14', '✅ 3M 수익 2.5%', '❌ RSI 66.1', '✅ 정배열']"
460850,동국씨엠,KOSPI,그레이엄 순유동자산,65,5660.0,1.13,0.56,2.91,42.7,False,"['✅ 52주 저가 대비 1.13', '✅ 3M 수익 2.9%', '✅ RSI 42.7', '❌ 역배열/혼조']"
460960,글로벌인컴TOP10,KOSPI,그레이엄 순유동자산,65,11690.0,1.2,0.64,0.18,48.2,False,"['✅ 52주 저가 대비 1.20', '✅ 3M 수익 0.2%', '✅ RSI 48.2', '❌ 역배열/혼조']"
463290,단기금융채액티브,KOSPI,그레이엄 순유동자산,65,107815.0,1.03,0.43,0.73,100.0,True,"['✅ 52주 저가 대비 1.03', '✅ 3M 수익 0.7%', '❌ RSI 100.0', '✅ 정배열']"
465620,미국빅테크TOP7,KOSPI,그레이엄 순유동자산,65,7460.0,1.07,0.62,5.62,42.0,False,"['✅ 52주 저가 대비 1.07', '✅ 3M 수익 5.6%', '✅ RSI 42.0', '❌ 역배열/혼조']"
468370,미국인플레이션국채액티브,KOSPI,그레이엄 순유동자산,65,11890.0,1.15,0.9,2.43,67.2,True,"['✅ 52주 저가 대비 1.15', '✅ 3M 수익 2.4%', '❌ RSI 67.2', '✅ 정배열']"
468380,미국하이일드액티브,KOSPI,그레이엄 순유동자산,65,11845.0,1.15,0.8,0.86,64.5,True,"['✅ 52주 저가 대비 1.15', '✅ 3M 수익 0.9%', '❌ RSI 64.5', '✅ 정배열']"
469530,미국달러선물인버스,KOSPI,그레이엄 순유동자산,65,8690.0,1.0,1.05,-1.47,35.6,False,"['✅ 52주 저가 대비 1.00', '⚡ 거래량 1.0배', '⚡ 3M 수익 -1.5%', '✅ RSI 35.6', '❌ 역배열/혼조']"
471230,국고채10년액티브,KOSPI,그레이엄 순유동자산,65,107300.0,1.01,1.03,-0.96,46.1,False,"['✅ 52주 저가 대비 1.01', '⚡ 거래량 1.0배', '⚡ 3M 수익 -1.0%', '✅ RSI 46.1', '❌ 역배열/혼조']"
475260,월만기자동연장회사채AA-이상액티브,KOSPI,그레이엄 순유동자산,65,10615.0,1.03,0.19,0.76,80.0,True,"['✅ 52주 저가 대비 1.03', '✅ 3M 수익 0.8%', '❌ RSI 80.0', '✅ 정배열']"
475270,월만기자동연장회사채AA-이상액티브,KOSPI,그레이엄 순유동자산,65,10590.0,1.03,0.29,0.76,71.4,True,"['✅ 52주 저가 대비 1.03', '✅ 3M 수익 0.8%', '❌ RSI 71.4', '✅ 정배열']"
475280,월만기자동연장회사채AA-이상액티브,KOSPI,그레이엄 순유동자산,65,10580.0,1.03,0.0,0.81,75.0,True,"['✅ 52주 저가 대비 1.03', '✅ 3M 수익 0.8%', '❌ RSI 75.0', '✅ 정배열']"
475630,년금리액티브,KOSPI,그레이엄 순유동자산,65,1061305.0,1.03,0.69,0.7,100.0,True,"['✅ 52주 저가 대비 1.03', '✅ 3M 수익 0.7%', '❌ RSI 100.0', '✅ 정배열']"
476450,머니마켓액티브,KOSPI,그레이엄 순유동자산,65,52035.0,1.03,0.18,0.84,80.0,True,"['✅ 52주 저가 대비 1.03', '✅ 3M 수익 0.8%', '❌ RSI 80.0', '✅ 정배열']"
477050,머니마켓액티브,KOSPI,그레이엄 순유동자산,65,52715.0,1.03,0.81,0.83,84.6,True,"['✅ 52주 저가 대비 1.03', '✅ 3M 수익 0.8%', '❌ RSI 84.6', '✅ 정배열']"
477080,금리액티브,KOSPI,그레이엄 순유동자산,65,106070.0,1.03,0.79,0.68,100.0,True,"['✅ 52주 저가 대비 1.03', '✅ 3M 수익 0.7%', '❌ RSI 100.0', '✅ 정배열']"
479080,머니마켓액티브,KOSPI,그레이엄 순유동자산,65,52960.0,1.03,0.87,0.79,100.0,True,"['✅ 52주 저가 대비 1.03', '✅ 3M 수익 0.8%', '❌ RSI 100.0', '✅ 정배열']"
479520,금리액티브,KOSPI,그레이엄 순유동자산,65,105105.0,1.03,0.87,0.65,97.0,True,"['✅ 52주 저가 대비 1.03', '✅ 3M 수익 0.6%', '❌ RSI 97.0', '✅ 정배열']"
481340,미국30년국채액티브,KOSPI,그레이엄 순유동자산,65,9970.0,1.15,0.48,0.64,51.7,False,"['✅ 52주 저가 대비 1.15', '✅ 3M 수익 0.6%', '✅ RSI 51.7', '❌ 역배열/혼조']"
484890,머니마켓액티브,KOSPI,그레이엄 순유동자산,65,51905.0,1.03,0.62,0.67,94.7,True,"['✅ 52주 저가 대비 1.03', '✅ 3M 수익 0.7%', '❌ RSI 94.7', '✅ 정배열']"
486830,머니마켓액티브,KOSPI,그레이엄 순유동자산,65,52520.0,1.03,0.3,0.77,88.0,True,"['✅ 52주 저가 대비 1.03', '✅ 3M 수익 0.8%', '❌ RSI 88.0', '✅ 정배열']"
487340,머니마켓액티브,KOSPI,그레이엄 순유동자산,65,104195.0,1.03,0.17,0.82,100.0,True,"['✅ 52주 저가 대비 1.03', '✅ 3M 수익 0.8%', '❌ RSI 100.0', '✅ 정배열']"
488770,머니마켓액티브,KOSPI,그레이엄 순유동자산,65,103820.0,1.03,0.78,0.86,100.0,True,"['✅ 52주 저가 대비 1.03', '✅ 3M 수익 0.9%', '❌ RSI 100.0', '✅ 정배열']"
488980,회사채,KOSPI,그레이엄 순유동자산,65,51440.0,1.03,0.66,0.83,84.0,True,"['✅ 52주 저가 대비 1.03', '✅ 3M 수익 0.8%', '❌ RSI 84.0', '✅ 정배열']"
490490,미국배당미국채혼합50,KOSPI,그레이엄 순유동자산,65,11535.0,1.23,0.78,7.73,64.0,True,"['✅ 52주 저가 대비 1.23', '✅ 3M 수익 7.7%', '❌ RSI 64.0', '✅ 정배열']"
491230,국공채머니마켓액티브,KOSPI,그레이엄 순유동자산,65,51790.0,1.03,0.88,0.8,62.9,True,"['✅ 52주 저가 대비 1.03', '✅ 3M 수익 0.8%', '❌ RSI 62.9', '✅ 정배열']"
491610,금리액티브,KOSPI,그레이엄 순유동자산,65,103520.0,1.03,0.73,0.69,100.0,True,"['✅ 52주 저가 대비 1.03', '✅ 3M 수익 0.7%', '❌ RSI 100.0', '✅ 정배열']"
491630,미국반도체인버스,KOSPI,그레이엄 순유동자산,65,10280.0,1.1,1.5,-9.5,59.2,False,"['✅ 52주 저가 대비 1.10', '✅ 거래량 1.5배', '❌ 3M 수익 -9.5%', '✅ RSI 59.2', '❌ 역배열/혼조']"
497780,미국천연가스인프라액티브,KOSPI,그레이엄 순유동자산,65,11820.0,1.49,1.32,22.32,64.8,True,"['⚡ 52주 저가 대비 1.49', '⚡ 거래량 1.3배', '✅ 3M 수익 22.3%', '❌ RSI 64.8', '✅ 정배열']"
497880,금리,KOSPI,그레이엄 순유동자산,65,50075.0,1.03,0.78,0.81,81.5,True,"['✅ 52주 저가 대비 1.03', '✅ 3M 수익 0.8%', '❌ RSI 81.5', '✅ 정배열']"
499660,금리플러스액티브,KOSPI,그레이엄 순유동자산,65,1001490.0,1.03,0.84,0.71,100.0,True,"['✅ 52주 저가 대비 1.03', '✅ 3M 수익 0.7%', '❌ RSI 100.0', '✅ 정배열']"
006910,보성파워텍,KOSDAQ,그레이엄 순유동자산,60,12090.0,5.33,1.39,113.98,48.7,True,"['❌ 52주 저가 대비 5.33', '⚡ 거래량 1.4배', '✅ 3M 수익 114.0%', '✅ RSI 48.7', '✅ 정배열']"
012620,원일특강,KOSDAQ,그레이엄 순유동자산,60,8620.0,1.29,0.53,4.23,28.2,False,"['✅ 52주 저가 대비 1.29', '✅ 3M 수익 4.2%', '⚡ RSI 28.2 (과매도)', '❌ 역배열/혼조']"
018700,바른손,KOSDAQ,그레이엄 순유동자산,60,545.0,1.0,1.68,-42.57,22.1,False,"['✅ 52주 저가 대비 1.00', '✅ 거래량 1.7배', '❌ 3M 수익 -42.6%', '⚡ RSI 22.1 (과매도)', '❌ 역배열/혼조']"
032960,동일기연,KOSDAQ,그레이엄 순유동자산,60,16500.0,1.65,1.01,15.55,52.3,True,"['❌ 52주 저가 대비 1.65', '⚡ 거래량 1.0배', '✅ 3M 수익 15.5%', '✅ RSI 52.3', '✅ 정배열']"
034950,한국기업평가,KOSDAQ,그레이엄 순유동자산,60,100000.0,1.17,0.25,0.5,24.4,False,"['✅ 52주 저가 대비 1.17', '✅ 3M 수익 0.5%', '⚡ RSI 24.4 (과매도)', '❌ 역배열/혼조']"
036180,지더블유바이텍,KOSDAQ,그레이엄 순유동자산,60,2.0,1.0,2.45,-99.65,0.0,False,"['✅ 52주 저가 대비 1.00', '✅ 거래량 2.5배', '❌ 3M 수익 -99.7%', '⚡ RSI 0.0 (과매도)', '❌ 역배열/혼조']"
036810,에프에스티,KOSDAQ,그레이엄 순유동자산,60,42300.0,2.65,1.42,54.55,51.3,True,"['❌ 52주 저가 대비 2.65', '⚡ 거래량 1.4배', '✅ 3M 수익 54.5%', '✅ RSI 51.3', '✅ 정배열']"
036830,솔브레인홀딩스,KOSDAQ,그레이엄 순유동자산,60,54500.0,2.15,1.42,33.25,52.7,True,"['❌ 52주 저가 대비 2.15', '⚡ 거래량 1.4배', '✅ 3M 수익 33.3%', '✅ RSI 52.7', '✅ 정배열']"
038500,삼표시멘트,KOSDAQ,그레이엄 순유동자산,60,17100.0,5.94,1.38,217.84,53.4,True,"['❌ 52주 저가 대비 5.94', '⚡ 거래량 1.4배', '✅ 3M 수익 217.8%', '✅ RSI 53.4', '✅ 정배열']"
040160,누리플렉스,KOSDAQ,그레이엄 순유동자산,60,10000.0,4.27,1.07,151.26,59.0,True,"['❌ 52주 저가 대비 4.27', '⚡ 거래량 1.1배', '✅ 3M 수익 151.3%', '✅ RSI 59.0', '✅ 정배열']"
040350,크레오에스지,KOSDAQ,그레이엄 순유동자산,60,613.0,1.1,1.29,10.25,17.3,False,"['✅ 52주 저가 대비 1.10', '⚡ 거래량 1.3배', '⚡ 3M 수익 10.3%', '⚡ RSI 17.3 (과매도)', '❌ 역배열/혼조']"
043340,에쎈테크,KOSDAQ,그레이엄 순유동자산,60,470.0,1.22,0.07,12.17,22.7,False,"['✅ 52주 저가 대비 1.22', '✅ 3M 수익 12.2%', '⚡ RSI 22.7 (과매도)', '❌ 역배열/혼조']"
052400,코나아이,KOSDAQ,그레이엄 순유동자산,60,66800.0,2.81,1.27,33.87,46.4,True,"['❌ 52주 저가 대비 2.81', '⚡ 거래량 1.3배', '✅ 3M 수익 33.9%', '✅ RSI 46.4', '✅ 정배열']"
056090,시지메드텍,KOSDAQ,그레이엄 순유동자산,60,2835.0,3.28,1.17,122.0,48.5,True,"['❌ 52주 저가 대비 3.28', '⚡ 거래량 1.2배', '✅ 3M 수익 122.0%', '✅ RSI 48.5', '✅ 정배열']"
058450,한주에이알티,KOSDAQ,그레이엄 순유동자산,60,406.0,1.08,1.84,-50.67,25.4,False,"['✅ 52주 저가 대비 1.08', '✅ 거래량 1.8배', '❌ 3M 수익 -50.7%', '⚡ RSI 25.4 (과매도)', '❌ 역배열/혼조']"
064760,티씨케이,KOSDAQ,그레이엄 순유동자산,60,242500.0,3.11,1.04,66.67,57.8,True,"['❌ 52주 저가 대비 3.11', '⚡ 거래량 1.0배', '✅ 3M 수익 66.7%', '✅ RSI 57.8', '✅ 정배열']"
073560,우리손에프앤지,KOSDAQ,그레이엄 순유동자산,60,1680.0,1.28,0.26,7.07,16.3,False,"['✅ 52주 저가 대비 1.28', '✅ 3M 수익 7.1%', '⚡ RSI 16.3 (과매도)', '❌ 역배열/혼조']"
080580,오킨스전자,KOSDAQ,그레이엄 순유동자산,60,18970.0,4.43,1.08,86.16,56.8,True,"['❌ 52주 저가 대비 4.43', '⚡ 거래량 1.1배', '✅ 3M 수익 86.2%', '✅ RSI 56.8', '✅ 정배열']"
083650,비에이치아이,KOSDAQ,그레이엄 순유동자산,60,101500.0,6.56,1.11,58.1,57.8,True,"['❌ 52주 저가 대비 6.56', '⚡ 거래량 1.1배', '✅ 3M 수익 58.1%', '✅ RSI 57.8', '✅ 정배열']"
083790,인바이츠,KOSDAQ,그레이엄 순유동자산,60,1381.0,1.13,0.49,-13.14,57.7,True,"['✅ 52주 저가 대비 1.13', '❌ 3M 수익 -13.1%', '✅ RSI 57.7', '✅ 정배열']"
096690,에이루트,KOSDAQ,그레이엄 순유동자산,60,1196.0,1.0,2.2,-39.9,22.6,False,"['✅ 52주 저가 대비 1.00', '✅ 거래량 2.2배', '❌ 3M 수익 -39.9%', '⚡ RSI 22.6 (과매도)', '❌ 역배열/혼조']"
112290,와이씨켐,KOSDAQ,그레이엄 순유동자산,60,26850.0,1.55,1.16,29.4,54.0,True,"['❌ 52주 저가 대비 1.55', '⚡ 거래량 1.2배', '✅ 3M 수익 29.4%', '✅ RSI 54.0', '✅ 정배열']"
117670,알파칩스,KOSDAQ,그레이엄 순유동자산,60,19800.0,3.2,1.08,127.32,57.5,True,"['❌ 52주 저가 대비 3.20', '⚡ 거래량 1.1배', '✅ 3M 수익 127.3%', '✅ RSI 57.5', '✅ 정배열']"
126340,비나텍,KOSDAQ,그레이엄 순유동자산,60,138500.0,6.66,1.33,78.17,59.8,True,"['❌ 52주 저가 대비 6.66', '⚡ 거래량 1.3배', '✅ 3M 수익 78.2%', '✅ RSI 59.8', '✅ 정배열']"
130740,티피씨글로벌,KOSDAQ,그레이엄 순유동자산,60,2135.0,1.3,0.51,16.41,49.8,True,"['⚡ 52주 저가 대비 1.30', '⚡ 3M 수익 16.4%', '✅ RSI 49.8', '✅ 정배열']"
131970,두산테스나,KOSDAQ,그레이엄 순유동자산,60,72800.0,3.29,1.17,66.02,57.9,True,"['❌ 52주 저가 대비 3.29', '⚡ 거래량 1.2배', '✅ 3M 수익 66.0%', '✅ RSI 57.9', '✅ 정배열']"
134060,이퓨쳐,KOSDAQ,그레이엄 순유동자산,60,3710.0,1.0,1.66,-11.14,28.9,False,"['✅ 52주 저가 대비 1.00', '✅ 거래량 1.7배', '❌ 3M 수익 -11.1%', '⚡ RSI 28.9 (과매도)', '❌ 역배열/혼조']"
141080,리가켐바이오,KOSDAQ,그레이엄 순유동자산,60,201000.0,2.25,1.25,14.07,58.5,True,"['❌ 52주 저가 대비 2.25', '⚡ 거래량 1.3배', '✅ 3M 수익 14.1%', '✅ RSI 58.5', '✅ 정배열']"
173940,에프엔씨엔터,KOSDAQ,그레이엄 순유동자산,60,3800.0,1.37,1.68,1.88,60.3,False,"['⚡ 52주 저가 대비 1.37', '✅ 거래량 1.7배', '✅ 3M 수익 1.9%', '❌ RSI 60.3', '❌ 역배열/혼조']"
183300,코미코,KOSDAQ,그레이엄 순유동자산,60,111500.0,2.26,1.1,29.95,51.3,True,"['❌ 52주 저가 대비 2.26', '⚡ 거래량 1.1배', '✅ 3M 수익 30.0%', '✅ RSI 51.3', '✅ 정배열']"
199820,제일일렉트릭,KOSDAQ,그레이엄 순유동자산,60,10270.0,1.42,0.53,9.61,43.8,True,"['⚡ 52주 저가 대비 1.42', '⚡ 3M 수익 9.6%', '✅ RSI 43.8', '✅ 정배열']"
204630,스튜디오산타클로스,KOSDAQ,그레이엄 순유동자산,60,662.0,1.0,2.53,-85.76,1.9,False,"['✅ 52주 저가 대비 1.00', '✅ 거래량 2.5배', '❌ 3M 수익 -85.8%', '⚡ RSI 1.9 (과매도)', '❌ 역배열/혼조']"
213420,덕산네오룩스,KOSDAQ,그레이엄 순유동자산,60,47600.0,2.01,1.14,20.81,56.2,True,"['❌ 52주 저가 대비 2.01', '⚡ 거래량 1.1배', '✅ 3M 수익 20.8%', '✅ RSI 56.2', '✅ 정배열']"
222810,세토피아,KOSDAQ,그레이엄 순유동자산,60,15.0,1.0,2.34,-99.72,0.0,False,"['✅ 52주 저가 대비 1.00', '✅ 거래량 2.3배', '❌ 3M 수익 -99.7%', '⚡ RSI 0.0 (과매도)', '❌ 역배열/혼조']"
237750,피앤씨테크,KOSDAQ,그레이엄 순유동자산,60,4840.0,1.36,0.3,19.95,48.7,True,"['⚡ 52주 저가 대비 1.36', '⚡ 3M 수익 20.0%', '✅ RSI 48.7', '✅ 정배열']"
253590,네오셈,KOSDAQ,그레이엄 순유동자산,60,19670.0,2.56,1.34,100.92,59.4,True,"['❌ 52주 저가 대비 2.56', '⚡ 거래량 1.3배', '✅ 3M 수익 100.9%', '✅ RSI 59.4', '✅ 정배열']"
255440,야스,KOSDAQ,그레이엄 순유동자산,60,11580.0,1.75,1.08,25.87,50.2,True,"['❌ 52주 저가 대비 1.75', '⚡ 거래량 1.1배', '✅ 3M 수익 25.9%', '✅ RSI 50.2', '✅ 정배열']"
258610,케일럼,KOSDAQ,그레이엄 순유동자산,60,1539.0,1.42,3.4,2.94,63.9,False,"['⚡ 52주 저가 대비 1.42', '✅ 거래량 3.4배', '✅ 3M 수익 2.9%', '❌ RSI 63.9', '❌ 역배열/혼조']"
272110,케이엔제이,KOSDAQ,그레이엄 순유동자산,60,38250.0,2.67,1.12,68.13,59.6,True,"['❌ 52주 저가 대비 2.67', '⚡ 거래량 1.1배', '✅ 3M 수익 68.1%', '✅ RSI 59.6', '✅ 정배열']"
290660,네오펙트,KOSDAQ,그레이엄 순유동자산,60,998.0,1.5,1.04,15.91,59.4,True,"['❌ 52주 저가 대비 1.50', '⚡ 거래량 1.0배', '✅ 3M 수익 15.9%', '✅ RSI 59.4', '✅ 정배열']"
297090,씨에스베어링,KOSDAQ,그레이엄 순유동자산,60,7400.0,1.72,1.06,8.03,56.9,True,"['❌ 52주 저가 대비 1.72', '⚡ 거래량 1.1배', '✅ 3M 수익 8.0%', '✅ RSI 56.9', '✅ 정배열']"
297570,알로이스,KOSDAQ,그레이엄 순유동자산,60,1381.0,2.29,1.3,20.3,53.0,True,"['❌ 52주 저가 대비 2.29', '⚡ 거래량 1.3배', '✅ 3M 수익 20.3%', '✅ RSI 53.0', '✅ 정배열']"
315640,딥노이드,KOSDAQ,그레이엄 순유동자산,60,3550.0,1.2,0.53,-15.48,52.0,True,"['✅ 52주 저가 대비 1.20', '❌ 3M 수익 -15.5%', '✅ RSI 52.0', '✅ 정배열']"
318410,비비씨,KOSDAQ,그레이엄 순유동자산,60,7970.0,1.2,1.99,-0.38,63.3,False,"['✅ 52주 저가 대비 1.20', '✅ 거래량 2.0배', '⚡ 3M 수익 -0.4%', '❌ RSI 63.3', '❌ 역배열/혼조']"
321550,티움바이오,KOSDAQ,그레이엄 순유동자산,60,7420.0,2.48,1.38,18.72,58.5,True,"['❌ 52주 저가 대비 2.48', '⚡ 거래량 1.4배', '✅ 3M 수익 18.7%', '✅ RSI 58.5', '✅ 정배열']"
323350,다원넥스뷰,KOSDAQ,그레이엄 순유동자산,60,15850.0,3.16,1.44,169.1,45.9,True,"['❌ 52주 저가 대비 3.16', '⚡ 거래량 1.4배', '✅ 3M 수익 169.1%', '✅ RSI 45.9', '✅ 정배열']"
335870,윙스풋,KOSDAQ,그레이엄 순유동자산,60,2085.0,1.35,0.54,29.34,50.6,True,"['⚡ 52주 저가 대비 1.35', '⚡ 3M 수익 29.3%', '✅ RSI 50.6', '✅ 정배열']"
348350,위드텍,KOSDAQ,그레이엄 순유동자산,60,9900.0,1.55,1.13,13.4,51.1,True,"['❌ 52주 저가 대비 1.55', '⚡ 거래량 1.1배', '✅ 3M 수익 13.4%', '✅ RSI 51.1', '✅ 정배열']"
354200,엔젠바이오,KOSDAQ,그레이엄 순유동자산,60,2060.0,1.49,0.65,21.18,56.4,True,"['⚡ 52주 저가 대비 1.49', '⚡ 3M 수익 21.2%', '✅ RSI 56.4', '✅ 정배열']"
361570,알비더블유,KOSDAQ,그레이엄 순유동자산,60,2030.0,1.16,0.59,-19.12,50.3,True,"['✅ 52주 저가 대비 1.16', '❌ 3M 수익 -19.1%', '✅ RSI 50.3', '✅ 정배열']"
363250,진시스템,KOSDAQ,그레이엄 순유동자산,60,5420.0,1.54,1.21,26.93,49.6,True,"['❌ 52주 저가 대비 1.54', '⚡ 거래량 1.2배', '✅ 3M 수익 26.9%', '✅ RSI 49.6', '✅ 정배열']"
371950,풍원정밀,KOSDAQ,그레이엄 순유동자산,60,17200.0,1.98,1.19,81.63,49.8,True,"['❌ 52주 저가 대비 1.98', '⚡ 거래량 1.2배', '✅ 3M 수익 81.6%', '✅ RSI 49.8', '✅ 정배열']"
383930,디티앤씨알오,KOSDAQ,그레이엄 순유동자산,60,2965.0,1.28,0.82,-13.56,44.9,True,"['✅ 52주 저가 대비 1.28', '❌ 3M 수익 -13.6%', '✅ RSI 44.9', '✅ 정배열']"
456160,지투지바이오,KOSDAQ,그레이엄 순유동자산,60,100200.0,3.2,1.45,33.6,51.4,True,"['❌ 52주 저가 대비 3.20', '⚡ 거래량 1.5배', '✅ 3M 수익 33.6%', '✅ RSI 51.4', '✅ 정배열']"
458870,씨어스테크놀로지,KOSDAQ,그레이엄 순유동자산,60,169400.0,14.95,1.36,49.78,57.9,True,"['❌ 52주 저가 대비 14.95', '⚡ 거래량 1.4배', '✅ 3M 수익 49.8%', '✅ RSI 57.9', '✅ 정배열']"
475580,에이럭스,KOSDAQ,그레이엄 순유동자산,60,11430.0,1.4,2.05,19.56,61.6,False,"['⚡ 52주 저가 대비 1.40', '✅ 거래량 2.1배', '✅ 3M 수익 19.6%', '❌ RSI 61.6', '❌ 역배열/혼조']"
475830,오름테라퓨틱,KOSDAQ,그레이엄 순유동자산,60,131100.0,7.71,1.01,43.44,50.2,True,"['❌ 52주 저가 대비 7.71', '⚡ 거래량 1.0배', '✅ 3M 수익 43.4%', '✅ RSI 50.2', '✅ 정배열']"
000890,보해양조,KOSPI,그레이엄 순유동자산,60,438.0,1.08,0.16,1.15,21.1,False,"['✅ 52주 저가 대비 1.08', '✅ 3M 수익 1.2%', '⚡ RSI 21.1 (과매도)', '❌ 역배열/혼조']"
001275,부국증권우,KOSPI,그레이엄 순유동자산,60,37100.0,1.83,1.38,19.68,54.1,True,"['❌ 52주 저가 대비 1.83', '⚡ 거래량 1.4배', '✅ 3M 수익 19.7%', '✅ RSI 54.1', '✅ 정배열']"
002070,비비안,KOSPI,그레이엄 순유동자산,60,375.0,1.0,2.72,-42.66,14.9,False,"['✅ 52주 저가 대비 1.00', '✅ 거래량 2.7배', '❌ 3M 수익 -42.7%', '⚡ RSI 14.9 (과매도)', '❌ 역배열/혼조']"
002600,조흥,KOSPI,그레이엄 순유동자산,60,149300.0,1.02,1.11,-3.86,24.3,False,"['✅ 52주 저가 대비 1.02', '⚡ 거래량 1.1배', '⚡ 3M 수익 -3.9%', '⚡ RSI 24.3 (과매도)', '❌ 역배열/혼조']"
004000,롯데정밀화학,KOSPI,그레이엄 순유동자산,60,51100.0,1.66,1.3,7.69,52.1,True,"['❌ 52주 저가 대비 1.66', '⚡ 거래량 1.3배', '✅ 3M 수익 7.7%', '✅ RSI 52.1', '✅ 정배열']"
004140,동방,KOSPI,그레이엄 순유동자산,60,2750.0,1.37,0.71,-2.31,51.2,True,"['⚡ 52주 저가 대비 1.37', '⚡ 3M 수익 -2.3%', '✅ RSI 51.2', '✅ 정배열']"
004970,신라교역,KOSPI,그레이엄 순유동자산,60,9510.0,1.13,0.76,1.82,22.6,False,"['✅ 52주 저가 대비 1.13', '✅ 3M 수익 1.8%', '⚡ RSI 22.6 (과매도)', '❌ 역배열/혼조']"
005880,대한해운,KOSPI,그레이엄 순유동자산,60,2515.0,1.83,1.47,32.58,55.5,True,"['❌ 52주 저가 대비 1.83', '⚡ 거래량 1.5배', '✅ 3M 수익 32.6%', '✅ RSI 55.5', '✅ 정배열']"
010060,홀딩스,KOSPI,그레이엄 순유동자산,60,158100.0,2.68,1.24,52.75,54.8,True,"['❌ 52주 저가 대비 2.68', '⚡ 거래량 1.2배', '✅ 3M 수익 52.8%', '✅ RSI 54.8', '✅ 정배열']"
010780,아이에스동서,KOSPI,그레이엄 순유동자산,60,31750.0,1.99,1.36,40.49,51.7,True,"['❌ 52주 저가 대비 1.99', '⚡ 거래량 1.4배', '✅ 3M 수익 40.5%', '✅ RSI 51.7', '✅ 정배열']"
015260,에이엔피,KOSPI,그레이엄 순유동자산,60,700.0,1.93,1.09,52.51,54.2,True,"['❌ 52주 저가 대비 1.93', '⚡ 거래량 1.1배', '✅ 3M 수익 52.5%', '✅ RSI 54.2', '✅ 정배열']"
017960,한국카본,KOSPI,그레이엄 순유동자산,60,45850.0,3.39,1.05,52.07,59.4,True,"['❌ 52주 저가 대비 3.39', '⚡ 거래량 1.1배', '✅ 3M 수익 52.1%', '✅ RSI 59.4', '✅ 정배열']"
019180,티에이치엔,KOSPI,그레이엄 순유동자산,60,8450.0,3.11,1.26,12.67,55.0,True,"['❌ 52주 저가 대비 3.11', '⚡ 거래량 1.3배', '✅ 3M 수익 12.7%', '✅ RSI 55.0', '✅ 정배열']"
021820,세원정공,KOSPI,그레이엄 순유동자산,60,16260.0,2.11,1.04,37.56,54.4,True,"['❌ 52주 저가 대비 2.11', '⚡ 거래량 1.0배', '✅ 3M 수익 37.6%', '✅ RSI 54.4', '✅ 정배열']"
035000,애드,KOSPI,그레이엄 순유동자산,60,8760.0,1.32,0.55,-4.68,51.1,True,"['⚡ 52주 저가 대비 1.32', '⚡ 3M 수익 -4.7%', '✅ RSI 51.1', '✅ 정배열']"
047050,포스코인터내셔널,KOSPI,그레이엄 순유동자산,60,73800.0,1.68,1.17,36.92,50.6,True,"['❌ 52주 저가 대비 1.68', '⚡ 거래량 1.2배', '✅ 3M 수익 36.9%', '✅ RSI 50.6', '✅ 정배열']"
075180,새론오토모티브,KOSPI,그레이엄 순유동자산,60,3050.0,1.0,1.5,-10.56,23.5,False,"['✅ 52주 저가 대비 1.00', '✅ 거래량 1.5배', '❌ 3M 수익 -10.6%', '⚡ RSI 23.5 (과매도)', '❌ 역배열/혼조']"
085620,미래에셋생명,KOSPI,그레이엄 순유동자산,60,17160.0,3.9,1.07,92.38,53.0,True,"['❌ 52주 저가 대비 3.90', '⚡ 거래량 1.1배', '✅ 3M 수익 92.4%', '✅ RSI 53.0', '✅ 정배열']"
105840,우진,KOSPI,그레이엄 순유동자산,60,26500.0,4.34,1.36,22.4,47.4,True,"['❌ 52주 저가 대비 4.34', '⚡ 거래량 1.4배', '✅ 3M 수익 22.4%', '✅ RSI 47.4', '✅ 정배열']"
117700,건설,KOSPI,그레이엄 순유동자산,60,6645.0,2.32,1.08,55.44,54.4,True,"['❌ 52주 저가 대비 2.32', '⚡ 거래량 1.1배', '✅ 3M 수익 55.4%', '✅ RSI 54.4', '✅ 정배열']"
120110,코오롱인더,KOSPI,그레이엄 순유동자산,60,71200.0,2.7,1.14,53.45,59.6,True,"['❌ 52주 저가 대비 2.70', '⚡ 거래량 1.1배', '✅ 3M 수익 53.4%', '✅ RSI 59.6', '✅ 정배열']"
126720,수산인더스트리,KOSPI,그레이엄 순유동자산,60,27400.0,1.57,1.14,23.15,45.1,True,"['❌ 52주 저가 대비 1.57', '⚡ 거래량 1.1배', '✅ 3M 수익 23.1%', '✅ RSI 45.1', '✅ 정배열']"
139220,건설,KOSPI,그레이엄 순유동자산,60,7300.0,2.65,1.09,46.59,51.2,True,"['❌ 52주 저가 대비 2.65', '⚡ 거래량 1.1배', '✅ 3M 수익 46.6%', '✅ RSI 51.2', '✅ 정배열']"
145210,다이나믹디자인,KOSPI,그레이엄 순유동자산,60,238.0,1.0,1.53,-73.73,25.1,False,"['✅ 52주 저가 대비 1.00', '✅ 거래량 1.5배', '❌ 3M 수익 -73.7%', '⚡ RSI 25.1 (과매도)', '❌ 역배열/혼조']"
152550,한국ANKOR유전,KOSPI,그레이엄 순유동자산,60,319.0,1.78,1.37,46.33,54.1,True,"['❌ 52주 저가 대비 1.78', '⚡ 거래량 1.4배', '✅ 3M 수익 46.3%', '✅ RSI 54.1', '✅ 정배열']"
210980,디앤디,KOSPI,그레이엄 순유동자산,60,13450.0,1.75,1.04,6.07,48.5,True,"['❌ 52주 저가 대비 1.75', '⚡ 거래량 1.0배', '✅ 3M 수익 6.1%', '✅ RSI 48.5', '✅ 정배열']"
217770,원유선물인버스,KOSPI,그레이엄 순유동자산,60,1511.0,1.04,2.95,-45.33,22.7,False,"['✅ 52주 저가 대비 1.04', '✅ 거래량 2.9배', '❌ 3M 수익 -45.3%', '⚡ RSI 22.7 (과매도)', '❌ 역배열/혼조']"
229640,에코에너지,KOSPI,그레이엄 순유동자산,60,44600.0,1.69,1.34,17.37,48.9,True,"['❌ 52주 저가 대비 1.69', '⚡ 거래량 1.3배', '✅ 3M 수익 17.4%', '✅ RSI 48.9', '✅ 정배열']"
267450,미국장기국채선물인버스,KOSPI,그레이엄 순유동자산,60,10795.0,1.04,1.35,0.43,71.1,False,"['✅ 52주 저가 대비 1.04', '⚡ 거래량 1.3배', '✅ 3M 수익 0.4%', '❌ RSI 71.1', '❌ 역배열/혼조']"
271050,원유선물인버스,KOSPI,그레이엄 순유동자산,60,2365.0,1.04,2.53,-45.19,23.4,False,"['✅ 52주 저가 대비 1.04', '✅ 거래량 2.5배', '❌ 3M 수익 -45.2%', '⚡ RSI 23.4 (과매도)', '❌ 역배열/혼조']"
298770,한국대만IT프리미어,KOSPI,그레이엄 순유동자산,60,55075.0,2.75,1.08,36.77,49.9,True,"['❌ 52주 저가 대비 2.75', '⚡ 거래량 1.1배', '✅ 3M 수익 36.8%', '✅ RSI 49.9', '✅ 정배열']"
377990,신재생에너지,KOSPI,그레이엄 순유동자산,60,24635.0,3.53,1.05,31.81,50.3,True,"['❌ 52주 저가 대비 3.53', '⚡ 거래량 1.0배', '✅ 3M 수익 31.8%', '✅ RSI 50.3', '✅ 정배열']"
385510,신재생에너지액티브,KOSPI,그레이엄 순유동자산,60,40405.0,2.94,1.14,27.78,52.2,True,"['❌ 52주 저가 대비 2.94', '⚡ 거래량 1.1배', '✅ 3M 수익 27.8%', '✅ RSI 52.2', '✅ 정배열']"
417450,글로벌수소경제,KOSPI,그레이엄 순유동자산,60,14005.0,2.44,1.3,13.85,60.0,True,"['❌ 52주 저가 대비 2.44', '⚡ 거래량 1.3배', '✅ 3M 수익 13.9%', '✅ RSI 60.0', '✅ 정배열']"
433500,원자력TOP10,KOSPI,그레이엄 순유동자산,60,68105.0,4.04,1.05,54.82,54.7,True,"['❌ 52주 저가 대비 4.04', '⚡ 거래량 1.1배', '✅ 3M 수익 54.8%', '✅ RSI 54.7', '✅ 정배열']"
446690,아시아AI반도체exChina액티브,KOSPI,그레이엄 순유동자산,60,43485.0,3.36,1.3,52.92,56.0,True,"['❌ 52주 저가 대비 3.36', '⚡ 거래량 1.3배', '✅ 3M 수익 52.9%', '✅ RSI 56.0', '✅ 정배열']"
460280,유전자혁신기술,KOSPI,그레이엄 순유동자산,60,14240.0,1.77,1.22,9.24,47.1,True,"['❌ 52주 저가 대비 1.77', '⚡ 거래량 1.2배', '✅ 3M 수익 9.2%', '✅ RSI 47.1', '✅ 정배열']"
481060,미국30년국채타겟커버드콜,KOSPI,그레이엄 순유동자산,60,8010.0,1.05,1.17,-0.69,29.5,False,"['✅ 52주 저가 대비 1.05', '⚡ 거래량 1.2배', '⚡ 3M 수익 -0.7%', '⚡ RSI 29.5 (과매도)', '❌ 역배열/혼조']"
483320,엔비디아밸류체인액티브,KOSPI,그레이엄 순유동자산,60,17685.0,3.0,1.38,15.35,51.7,True,"['❌ 52주 저가 대비 3.00', '⚡ 거래량 1.4배', '✅ 3M 수익 15.3%', '✅ RSI 51.7', '✅ 정배열']"
486450,미국AI전력인프라,KOSPI,그레이엄 순유동자산,60,21315.0,2.13,1.0,1.91,56.6,True,"['❌ 52주 저가 대비 2.13', '⚡ 거래량 1.0배', '✅ 3M 수익 1.9%', '✅ RSI 56.6', '✅ 정배열']"
495940,미국AI테크액티브,KOSPI,그레이엄 순유동자산,60,15060.0,1.98,1.23,8.71,53.1,True,"['❌ 52주 저가 대비 1.98', '⚡ 거래량 1.2배', '✅ 3M 수익 8.7%', '✅ RSI 53.1', '✅ 정배열']"
