symbol,name,market,strategy,score,price,returns_6m,return_std,from_52w_high,rsi,volume_trend,details
024740,한일단조,KOSDAQ,퀄리티 적정가,100,3435.0,56.49,5.36,-12.93,63.7,3.97,"['✅ 6M 수익 56.5%', '✅ 변동성 낮음 (σ=5.4)', '✅ 52주 고점 대비 -12.9%', '✅ 모멘텀 양호 (RSI 63.7, MACD+)', '✅ 관심 증가 (거래량 4.0배)']"
040910,아이씨디,KOSDAQ,퀄리티 적정가,100,5500.0,40.13,7.89,-8.79,59.3,1.56,"['✅ 6M 수익 40.1%', '✅ 변동성 낮음 (σ=7.9)', '✅ 52주 고점 대비 -8.8%', '✅ 모멘텀 양호 (RSI 59.3, MACD+)', '✅ 관심 증가 (거래량 1.6배)']"
127710,아시아경제,KOSDAQ,퀄리티 적정가,100,1336.0,20.9,6.89,-12.11,82.2,1.32,"['✅ 6M 수익 20.9%', '✅ 변동성 낮음 (σ=6.9)', '✅ 52주 고점 대비 -12.1%', '✅ 모멘텀 양호 (RSI 82.2, MACD+)', '✅ 관심 증가 (거래량 1.3배)']"
310870,디와이씨,KOSDAQ,퀄리티 적정가,100,1609.0,25.12,4.98,-9.35,65.9,5.18,"['✅ 6M 수익 25.1%', '✅ 변동성 낮음 (σ=5.0)', '✅ 52주 고점 대비 -9.4%', '✅ 모멘텀 양호 (RSI 65.9, MACD+)', '✅ 관심 증가 (거래량 5.2배)']"
321550,티움바이오,KOSDAQ,퀄리티 적정가,100,7420.0,24.08,6.8,-19.96,58.5,1.87,"['✅ 6M 수익 24.1%', '✅ 변동성 낮음 (σ=6.8)', '✅ 52주 고점 대비 -20.0%', '✅ 모멘텀 양호 (RSI 58.5, MACD+)', '✅ 관심 증가 (거래량 1.9배)']"
001230,동국홀딩스,KOSPI,퀄리티 적정가,100,9680.0,25.39,5.11,-6.2,51.0,1.88,"['✅ 6M 수익 25.4%', '✅ 변동성 낮음 (σ=5.1)', '✅ 52주 고점 대비 -6.2%', '✅ 모멘텀 양호 (RSI 51.0, MACD+)', '✅ 관심 증가 (거래량 1.9배)']"
003925,남양유업우,KOSPI,퀄리티 적정가,100,45000.0,29.68,3.42,-5.36,70.4,2.07,"['✅ 6M 수익 29.7%', '✅ 변동성 낮음 (σ=3.4)', '✅ 52주 고점 대비 -5.4%', '✅ 모멘텀 양호 (RSI 70.4, MACD+)', '✅ 관심 증가 (거래량 2.1배)']"
009900,명신산업,KOSPI,퀄리티 적정가,100,10800.0,16.88,3.69,-6.09,57.4,1.46,"['✅ 6M 수익 16.9%', '✅ 변동성 낮음 (σ=3.7)', '✅ 52주 고점 대비 -6.1%', '✅ 모멘텀 양호 (RSI 57.4, MACD+)', '✅ 관심 증가 (거래량 1.5배)']"
336260,두산퓨얼셀,KOSPI,퀄리티 적정가,100,42850.0,30.84,5.56,-7.35,59.9,1.7,"['✅ 6M 수익 30.8%', '✅ 변동성 낮음 (σ=5.6)', '✅ 52주 고점 대비 -7.4%', '✅ 모멘텀 양호 (RSI 59.9, MACD+)', '✅ 관심 증가 (거래량 1.7배)']"
036830,솔브레인홀딩스,KOSDAQ,퀄리티 적정가,95,54500.0,27.34,11.59,-12.66,52.7,1.72,"['✅ 6M 수익 27.3%', '⚡ 변동성 보통 (σ=11.6)', '✅ 52주 고점 대비 -12.7%', '✅ 모멘텀 양호 (RSI 52.7, MACD+)', '✅ 관심 증가 (거래량 1.7배)']"
036890,진성티이씨,KOSDAQ,퀄리티 적정가,95,16330.0,26.79,9.01,-7.74,53.4,1.6,"['✅ 6M 수익 26.8%', '⚡ 변동성 보통 (σ=9.0)', '✅ 52주 고점 대비 -7.7%', '✅ 모멘텀 양호 (RSI 53.4, MACD+)', '✅ 관심 증가 (거래량 1.6배)']"
173940,에프엔씨엔터,KOSDAQ,퀄리티 적정가,95,3800.0,19.87,10.64,-10.27,60.3,1.85,"['✅ 6M 수익 19.9%', '⚡ 변동성 보통 (σ=10.6)', '✅ 52주 고점 대비 -10.3%', '✅ 모멘텀 양호 (RSI 60.3, MACD+)', '✅ 관심 증가 (거래량 1.9배)']"
389020,자람테크놀로지,KOSDAQ,퀄리티 적정가,95,55900.0,55.71,9.43,-8.36,51.6,2.17,"['✅ 6M 수익 55.7%', '⚡ 변동성 보통 (σ=9.4)', '✅ 52주 고점 대비 -8.4%', '✅ 모멘텀 양호 (RSI 51.6, MACD+)', '✅ 관심 증가 (거래량 2.2배)']"
425040,티이엠씨,KOSDAQ,퀄리티 적정가,95,9710.0,16.71,10.51,-12.29,51.0,1.94,"['✅ 6M 수익 16.7%', '⚡ 변동성 보통 (σ=10.5)', '✅ 52주 고점 대비 -12.3%', '✅ 모멘텀 양호 (RSI 51.0, MACD+)', '✅ 관심 증가 (거래량 1.9배)']"
002870,신풍,KOSPI,퀄리티 적정가,95,1246.0,18.55,8.07,-11.82,53.3,1.82,"['✅ 6M 수익 18.6%', '⚡ 변동성 보통 (σ=8.1)', '✅ 52주 고점 대비 -11.8%', '✅ 모멘텀 양호 (RSI 53.3, MACD+)', '✅ 관심 증가 (거래량 1.8배)']"
015260,에이엔피,KOSPI,퀄리티 적정가,95,700.0,34.87,10.01,-16.37,54.2,2.77,"['✅ 6M 수익 34.9%', '⚡ 변동성 보통 (σ=10.0)', '✅ 52주 고점 대비 -16.4%', '✅ 모멘텀 양호 (RSI 54.2, MACD+)', '✅ 관심 증가 (거래량 2.8배)']"
008370,원풍,KOSDAQ,퀄리티 적정가,93,4880.0,10.16,5.44,-8.1,51.8,2.84,"['⚡ 6M 수익 10.2%', '✅ 변동성 낮음 (σ=5.4)', '✅ 52주 고점 대비 -8.1%', '✅ 모멘텀 양호 (RSI 51.8, MACD+)', '✅ 관심 증가 (거래량 2.8배)']"
109080,옵티시스,KOSDAQ,퀄리티 적정가,93,10390.0,13.93,5.28,-10.74,59.1,2.93,"['⚡ 6M 수익 13.9%', '✅ 변동성 낮음 (σ=5.3)', '✅ 52주 고점 대비 -10.7%', '✅ 모멘텀 양호 (RSI 59.1, MACD+)', '✅ 관심 증가 (거래량 2.9배)']"
137950,제이씨케미칼,KOSDAQ,퀄리티 적정가,93,3975.0,10.11,3.92,-13.11,59.4,5.47,"['⚡ 6M 수익 10.1%', '✅ 변동성 낮음 (σ=3.9)', '✅ 52주 고점 대비 -13.1%', '✅ 모멘텀 양호 (RSI 59.4, MACD+)', '✅ 관심 증가 (거래량 5.5배)']"
261780,차백신연구소,KOSDAQ,퀄리티 적정가,93,3005.0,8.29,3.7,-8.52,61.6,2.45,"['⚡ 6M 수익 8.3%', '✅ 변동성 낮음 (σ=3.7)', '✅ 52주 고점 대비 -8.5%', '✅ 모멘텀 양호 (RSI 61.6, MACD+)', '✅ 관심 증가 (거래량 2.5배)']"
002420,세기상사,KOSPI,퀄리티 적정가,93,5730.0,7.5,6.97,-17.32,55.4,4.01,"['⚡ 6M 수익 7.5%', '✅ 변동성 낮음 (σ=7.0)', '✅ 52주 고점 대비 -17.3%', '✅ 모멘텀 양호 (RSI 55.4, MACD+)', '✅ 관심 증가 (거래량 4.0배)']"
014830,유니드,KOSPI,퀄리티 적정가,93,82600.0,5.9,7.77,-15.37,51.3,1.71,"['⚡ 6M 수익 5.9%', '✅ 변동성 낮음 (σ=7.8)', '✅ 52주 고점 대비 -15.4%', '✅ 모멘텀 양호 (RSI 51.3, MACD+)', '✅ 관심 증가 (거래량 1.7배)']"
065450,빅텍,KOSDAQ,퀄리티 적정가,92,5290.0,33.75,4.59,-10.03,58.1,4.38,"['✅ 6M 수익 33.8%', '✅ 변동성 낮음 (σ=4.6)', '✅ 52주 고점 대비 -10.0%', '⚡ 모멘텀 보통 (RSI 58.1)', '✅ 관심 증가 (거래량 4.4배)']"
072470,우리산업홀딩스,KOSDAQ,퀄리티 적정가,92,3905.0,18.87,4.07,-16.91,53.8,1.38,"['✅ 6M 수익 18.9%', '✅ 변동성 낮음 (σ=4.1)', '✅ 52주 고점 대비 -16.9%', '⚡ 모멘텀 보통 (RSI 53.8)', '✅ 관심 증가 (거래량 1.4배)']"
049080,기가레인,KOSDAQ,퀄리티 적정가,88,517.0,6.6,8.88,-17.15,64.3,1.8,"['⚡ 6M 수익 6.6%', '⚡ 변동성 보통 (σ=8.9)', '✅ 52주 고점 대비 -17.1%', '✅ 모멘텀 양호 (RSI 64.3, MACD+)', '✅ 관심 증가 (거래량 1.8배)']"
332290,누보,KOSDAQ,퀄리티 적정가,88,1362.0,10.55,5.7,-20.77,60.2,3.98,"['⚡ 6M 수익 10.6%', '✅ 변동성 낮음 (σ=5.7)', '⚡ 52주 고점 대비 -20.8%', '✅ 모멘텀 양호 (RSI 60.2, MACD+)', '✅ 관심 증가 (거래량 4.0배)']"
005010,휴스틸,KOSPI,퀄리티 적정가,88,4810.0,12.12,4.26,-28.64,57.1,2.29,"['⚡ 6M 수익 12.1%', '✅ 변동성 낮음 (σ=4.3)', '⚡ 52주 고점 대비 -28.6%', '✅ 모멘텀 양호 (RSI 57.1, MACD+)', '✅ 관심 증가 (거래량 2.3배)']"
089980,상아프론테크,KOSDAQ,퀄리티 적정가,87,22000.0,15.18,8.21,-7.37,50.6,1.53,"['✅ 6M 수익 15.2%', '⚡ 변동성 보통 (σ=8.2)', '✅ 52주 고점 대비 -7.4%', '⚡ 모멘텀 보통 (RSI 50.6)', '✅ 관심 증가 (거래량 1.5배)']"
228340,동양파일,KOSDAQ,퀄리티 적정가,87,2290.0,19.21,8.7,-5.18,57.0,1.37,"['✅ 6M 수익 19.2%', '⚡ 변동성 보통 (σ=8.7)', '✅ 52주 고점 대비 -5.2%', '⚡ 모멘텀 보통 (RSI 57.0)', '✅ 관심 증가 (거래량 1.4배)']"
000725,현대건설우,KOSPI,퀄리티 적정가,87,70800.0,31.11,11.15,-10.27,49.0,1.39,"['✅ 6M 수익 31.1%', '⚡ 변동성 보통 (σ=11.2)', '✅ 52주 고점 대비 -10.3%', '⚡ 모멘텀 보통 (RSI 49.0)', '✅ 관심 증가 (거래량 1.4배)']"
004410,서울식품,KOSPI,퀄리티 적정가,87,198.0,24.53,4.27,-26.12,45.9,2.16,"['✅ 6M 수익 24.5%', '✅ 변동성 낮음 (σ=4.3)', '⚡ 52주 고점 대비 -26.1%', '⚡ 모멘텀 보통 (RSI 45.9)', '✅ 관심 증가 (거래량 2.2배)']"
005880,대한해운,KOSPI,퀄리티 적정가,87,2515.0,36.39,9.78,-10.82,55.5,4.42,"['✅ 6M 수익 36.4%', '⚡ 변동성 보통 (σ=9.8)', '✅ 52주 고점 대비 -10.8%', '⚡ 모멘텀 보통 (RSI 55.5)', '✅ 관심 증가 (거래량 4.4배)']"
010140,삼성중공업,KOSPI,퀄리티 적정가,87,28750.0,30.68,11.47,-9.73,48.5,1.46,"['✅ 6M 수익 30.7%', '⚡ 변동성 보통 (σ=11.5)', '✅ 52주 고점 대비 -9.7%', '⚡ 모멘텀 보통 (RSI 48.5)', '✅ 관심 증가 (거래량 1.5배)']"
028670,팬오션,KOSPI,퀄리티 적정가,87,5100.0,22.45,11.32,-17.74,48.2,3.21,"['✅ 6M 수익 22.4%', '⚡ 변동성 보통 (σ=11.3)', '✅ 52주 고점 대비 -17.7%', '⚡ 모멘텀 보통 (RSI 48.2)', '✅ 관심 증가 (거래량 3.2배)']"
047050,포스코인터내셔널,KOSPI,퀄리티 적정가,87,73800.0,46.72,10.18,-7.17,50.6,1.9,"['✅ 6M 수익 46.7%', '⚡ 변동성 보통 (σ=10.2)', '✅ 52주 고점 대비 -7.2%', '⚡ 모멘텀 보통 (RSI 50.6)', '✅ 관심 증가 (거래량 1.9배)']"
117580,대성에너지,KOSPI,퀄리티 적정가,87,10380.0,26.89,2.04,-27.87,56.2,5.46,"['✅ 6M 수익 26.9%', '✅ 변동성 낮음 (σ=2.0)', '⚡ 52주 고점 대비 -27.9%', '⚡ 모멘텀 보통 (RSI 56.2)', '✅ 관심 증가 (거래량 5.5배)']"
229200,코스닥150,KOSPI,퀄리티 적정가,87,19640.0,39.24,11.84,-6.92,48.5,1.62,"['✅ 6M 수익 39.2%', '⚡ 변동성 보통 (σ=11.8)', '✅ 52주 고점 대비 -6.9%', '⚡ 모멘텀 보통 (RSI 48.5)', '✅ 관심 증가 (거래량 1.6배)']"
232080,코스닥150,KOSPI,퀄리티 적정가,87,20070.0,38.75,11.68,-6.76,48.6,1.51,"['✅ 6M 수익 38.7%', '⚡ 변동성 보통 (σ=11.7)', '✅ 52주 고점 대비 -6.8%', '⚡ 모멘텀 보통 (RSI 48.6)', '✅ 관심 증가 (거래량 1.5배)']"
270810,코스닥150,KOSPI,퀄리티 적정가,87,19535.0,38.89,11.76,-6.62,48.6,1.34,"['✅ 6M 수익 38.9%', '⚡ 변동성 보통 (σ=11.8)', '✅ 52주 고점 대비 -6.6%', '⚡ 모멘텀 보통 (RSI 48.6)', '✅ 관심 증가 (거래량 1.3배)']"
301400,코스닥150,KOSPI,퀄리티 적정가,87,19825.0,38.73,11.79,-6.88,48.3,1.35,"['✅ 6M 수익 38.7%', '⚡ 변동성 보통 (σ=11.8)', '✅ 52주 고점 대비 -6.9%', '⚡ 모멘텀 보통 (RSI 48.3)', '✅ 관심 증가 (거래량 1.3배)']"
304770,코스닥150,KOSPI,퀄리티 적정가,87,19605.0,38.89,11.78,-6.91,48.2,1.47,"['✅ 6M 수익 38.9%', '⚡ 변동성 보통 (σ=11.8)', '✅ 52주 고점 대비 -6.9%', '⚡ 모멘텀 보통 (RSI 48.2)', '✅ 관심 증가 (거래량 1.5배)']"
316670,코스닥150,KOSPI,퀄리티 적정가,87,9790.0,39.36,11.95,-6.89,48.2,1.59,"['✅ 6M 수익 39.4%', '⚡ 변동성 보통 (σ=11.9)', '✅ 52주 고점 대비 -6.9%', '⚡ 모멘텀 보통 (RSI 48.2)', '✅ 관심 증가 (거래량 1.6배)']"
354500,코스닥150,KOSPI,퀄리티 적정가,87,19795.0,39.11,11.82,-6.76,48.3,1.62,"['✅ 6M 수익 39.1%', '⚡ 변동성 보통 (σ=11.8)', '✅ 52주 고점 대비 -6.8%', '⚡ 모멘텀 보통 (RSI 48.3)', '✅ 관심 증가 (거래량 1.6배)']"
381570,친환경에너지,KOSPI,퀄리티 적정가,87,11120.0,43.02,11.46,-5.92,50.6,1.66,"['✅ 6M 수익 43.0%', '⚡ 변동성 보통 (σ=11.5)', '✅ 52주 고점 대비 -5.9%', '⚡ 모멘텀 보통 (RSI 50.6)', '✅ 관심 증가 (거래량 1.7배)']"
450080,에코프로머티,KOSPI,퀄리티 적정가,87,61900.0,23.06,10.57,-17.02,46.7,1.81,"['✅ 6M 수익 23.1%', '⚡ 변동성 보통 (σ=10.6)', '✅ 52주 고점 대비 -17.0%', '⚡ 모멘텀 보통 (RSI 46.7)', '✅ 관심 증가 (거래량 1.8배)']"
450910,코스닥150,KOSPI,퀄리티 적정가,87,19210.0,38.65,11.79,-6.97,48.1,2.16,"['✅ 6M 수익 38.7%', '⚡ 변동성 보통 (σ=11.8)', '✅ 52주 고점 대비 -7.0%', '⚡ 모멘텀 보통 (RSI 48.1)', '✅ 관심 증가 (거래량 2.2배)']"
461450,코스닥글로벌,KOSPI,퀄리티 적정가,87,18135.0,31.65,9.53,-7.64,47.2,1.57,"['✅ 6M 수익 31.7%', '⚡ 변동성 보통 (σ=9.5)', '✅ 52주 고점 대비 -7.6%', '⚡ 모멘텀 보통 (RSI 47.2)', '✅ 관심 증가 (거래량 1.6배)']"
494840,미국방산TOP10,KOSPI,퀄리티 적정가,87,15550.0,34.46,11.2,-5.04,54.7,2.32,"['✅ 6M 수익 34.5%', '⚡ 변동성 보통 (σ=11.2)', '✅ 52주 고점 대비 -5.0%', '⚡ 모멘텀 보통 (RSI 54.7)', '✅ 관심 증가 (거래량 2.3배)']"
010170,대한광통신,KOSDAQ,퀄리티 적정가,85,7270.0,358.96,87.08,-5.22,67.4,1.93,"['✅ 6M 수익 359.0%', '❌ 변동성 높음 (σ=87.1)', '✅ 52주 고점 대비 -5.2%', '✅ 모멘텀 양호 (RSI 67.4, MACD+)', '✅ 관심 증가 (거래량 1.9배)']"
015750,성우하이텍,KOSDAQ,퀄리티 적정가,85,9850.0,62.54,12.92,-12.91,56.2,2.37,"['✅ 6M 수익 62.5%', '❌ 변동성 높음 (σ=12.9)', '✅ 52주 고점 대비 -12.9%', '✅ 모멘텀 양호 (RSI 56.2, MACD+)', '✅ 관심 증가 (거래량 2.4배)']"
019210,와이지-원,KOSDAQ,퀄리티 적정가,85,12860.0,133.82,41.38,-6.74,66.6,2.26,"['✅ 6M 수익 133.8%', '❌ 변동성 높음 (σ=41.4)', '✅ 52주 고점 대비 -6.7%', '✅ 모멘텀 양호 (RSI 66.6, MACD+)', '✅ 관심 증가 (거래량 2.3배)']"
031980,피에스케이홀딩스,KOSDAQ,퀄리티 적정가,85,110000.0,184.97,42.95,-6.22,72.2,1.42,"['✅ 6M 수익 185.0%', '❌ 변동성 높음 (σ=43.0)', '✅ 52주 고점 대비 -6.2%', '✅ 모멘텀 양호 (RSI 72.2, MACD+)', '✅ 관심 증가 (거래량 1.4배)']"
036930,주성엔지니어링,KOSDAQ,퀄리티 적정가,85,64100.0,123.73,32.96,-8.43,61.4,1.98,"['✅ 6M 수익 123.7%', '❌ 변동성 높음 (σ=33.0)', '✅ 52주 고점 대비 -8.4%', '✅ 모멘텀 양호 (RSI 61.4, MACD+)', '✅ 관심 증가 (거래량 2.0배)']"
037350,성도이엔지,KOSDAQ,퀄리티 적정가,85,10700.0,116.82,27.28,-12.65,63.9,2.1,"['✅ 6M 수익 116.8%', '❌ 변동성 높음 (σ=27.3)', '✅ 52주 고점 대비 -12.7%', '✅ 모멘텀 양호 (RSI 63.9, MACD+)', '✅ 관심 증가 (거래량 2.1배)']"
043260,성호전자,KOSDAQ,퀄리티 적정가,85,46800.0,4181.79,1528.74,-7.14,79.0,1.48,"['✅ 6M 수익 4181.8%', '❌ 변동성 높음 (σ=1528.7)', '✅ 52주 고점 대비 -7.1%', '✅ 모멘텀 양호 (RSI 79.0, MACD+)', '✅ 관심 증가 (거래량 1.5배)']"
044490,태웅,KOSDAQ,퀄리티 적정가,85,44800.0,35.14,15.13,-10.4,60.5,2.17,"['✅ 6M 수익 35.1%', '❌ 변동성 높음 (σ=15.1)', '✅ 52주 고점 대비 -10.4%', '✅ 모멘텀 양호 (RSI 60.5, MACD+)', '✅ 관심 증가 (거래량 2.2배)']"
046210,파나진,KOSDAQ,퀄리티 적정가,85,2035.0,17.63,2.76,-23.5,53.4,1.17,"['✅ 6M 수익 17.6%', '✅ 변동성 낮음 (σ=2.8)', '⚡ 52주 고점 대비 -23.5%', '✅ 모멘텀 양호 (RSI 53.4, MACD+)', '⚡ 관심 보통 (거래량 1.2배)']"
051370,인터플렉스,KOSDAQ,퀄리티 적정가,85,12620.0,37.17,16.06,-7.0,51.9,1.63,"['✅ 6M 수익 37.2%', '❌ 변동성 높음 (σ=16.1)', '✅ 52주 고점 대비 -7.0%', '✅ 모멘텀 양호 (RSI 51.9, MACD+)', '✅ 관심 증가 (거래량 1.6배)']"
052020,에스티큐브,KOSDAQ,퀄리티 적정가,85,17100.0,106.77,12.35,-5.26,80.2,2.3,"['✅ 6M 수익 106.8%', '❌ 변동성 높음 (σ=12.3)', '✅ 52주 고점 대비 -5.3%', '✅ 모멘텀 양호 (RSI 80.2, MACD+)', '✅ 관심 증가 (거래량 2.3배)']"
066980,한성크린텍,KOSDAQ,퀄리티 적정가,85,1484.0,17.31,10.41,-12.65,62.8,1.29,"['✅ 6M 수익 17.3%', '⚡ 변동성 보통 (σ=10.4)', '✅ 52주 고점 대비 -12.7%', '✅ 모멘텀 양호 (RSI 62.8, MACD+)', '⚡ 관심 보통 (거래량 1.3배)']"
073490,이노와이어리스,KOSDAQ,퀄리티 적정가,85,41600.0,88.24,23.9,-8.67,61.3,2.28,"['✅ 6M 수익 88.2%', '❌ 변동성 높음 (σ=23.9)', '✅ 52주 고점 대비 -8.7%', '✅ 모멘텀 양호 (RSI 61.3, MACD+)', '✅ 관심 증가 (거래량 2.3배)']"
074600,원익QnC,KOSDAQ,퀄리티 적정가,85,34850.0,63.23,17.05,-5.43,59.7,1.52,"['✅ 6M 수익 63.2%', '❌ 변동성 높음 (σ=17.1)', '✅ 52주 고점 대비 -5.4%', '✅ 모멘텀 양호 (RSI 59.7, MACD+)', '✅ 관심 증가 (거래량 1.5배)']"
078600,대주전자재료,KOSDAQ,퀄리티 적정가,85,110700.0,60.2,18.79,-6.82,58.6,1.72,"['✅ 6M 수익 60.2%', '❌ 변동성 높음 (σ=18.8)', '✅ 52주 고점 대비 -6.8%', '✅ 모멘텀 양호 (RSI 58.6, MACD+)', '✅ 관심 증가 (거래량 1.7배)']"
088800,에이스테크,KOSDAQ,퀄리티 적정가,85,3420.0,54.4,22.88,-16.79,58.3,3.29,"['✅ 6M 수익 54.4%', '❌ 변동성 높음 (σ=22.9)', '✅ 52주 고점 대비 -16.8%', '✅ 모멘텀 양호 (RSI 58.3, MACD+)', '✅ 관심 증가 (거래량 3.3배)']"
089030,테크윙,KOSDAQ,퀄리티 적정가,85,64100.0,52.44,19.57,-9.85,74.7,3.49,"['✅ 6M 수익 52.4%', '❌ 변동성 높음 (σ=19.6)', '✅ 52주 고점 대비 -9.8%', '✅ 모멘텀 양호 (RSI 74.7, MACD+)', '✅ 관심 증가 (거래량 3.5배)']"
095190,이엠코리아,KOSDAQ,퀄리티 적정가,85,2315.0,10.5,6.17,-10.96,49.2,1.57,"['⚡ 6M 수익 10.5%', '✅ 변동성 낮음 (σ=6.2)', '✅ 52주 고점 대비 -11.0%', '⚡ 모멘텀 보통 (RSI 49.2)', '✅ 관심 증가 (거래량 1.6배)']"
095910,에스에너지,KOSDAQ,퀄리티 적정가,85,1812.0,28.33,30.1,-11.61,59.5,3.23,"['✅ 6M 수익 28.3%', '❌ 변동성 높음 (σ=30.1)', '✅ 52주 고점 대비 -11.6%', '✅ 모멘텀 양호 (RSI 59.5, MACD+)', '✅ 관심 증가 (거래량 3.2배)']"
115180,큐리언트,KOSDAQ,퀄리티 적정가,85,48000.0,301.67,89.54,-5.7,69.2,2.69,"['✅ 6M 수익 301.7%', '❌ 변동성 높음 (σ=89.5)', '✅ 52주 고점 대비 -5.7%', '✅ 모멘텀 양호 (RSI 69.2, MACD+)', '✅ 관심 증가 (거래량 2.7배)']"
123010,알엔티엑스,KOSDAQ,퀄리티 적정가,85,1245.0,59.21,23.72,-19.94,54.4,1.65,"['✅ 6M 수익 59.2%', '❌ 변동성 높음 (σ=23.7)', '✅ 52주 고점 대비 -19.9%', '✅ 모멘텀 양호 (RSI 54.4, MACD+)', '✅ 관심 증가 (거래량 1.7배)']"
125020,티씨머티리얼즈,KOSDAQ,퀄리티 적정가,85,6040.0,27.56,13.8,-16.46,51.5,1.31,"['✅ 6M 수익 27.6%', '❌ 변동성 높음 (σ=13.8)', '✅ 52주 고점 대비 -16.5%', '✅ 모멘텀 양호 (RSI 51.5, MACD+)', '✅ 관심 증가 (거래량 1.3배)']"
144510,지씨셀,KOSDAQ,퀄리티 적정가,85,26100.0,27.32,10.15,-5.09,52.9,1.2,"['✅ 6M 수익 27.3%', '⚡ 변동성 보통 (σ=10.1)', '✅ 52주 고점 대비 -5.1%', '✅ 모멘텀 양호 (RSI 52.9, MACD+)', '⚡ 관심 보통 (거래량 1.2배)']"
183300,코미코,KOSDAQ,퀄리티 적정가,85,111500.0,15.66,9.71,-12.0,51.3,1.01,"['✅ 6M 수익 15.7%', '⚡ 변동성 보통 (σ=9.7)', '✅ 52주 고점 대비 -12.0%', '✅ 모멘텀 양호 (RSI 51.3, MACD+)', '⚡ 관심 보통 (거래량 1.0배)']"
187660,현대ADM,KOSDAQ,퀄리티 적정가,85,17500.0,522.78,105.0,-6.27,61.5,1.39,"['✅ 6M 수익 522.8%', '❌ 변동성 높음 (σ=105.0)', '✅ 52주 고점 대비 -6.3%', '✅ 모멘텀 양호 (RSI 61.5, MACD+)', '✅ 관심 증가 (거래량 1.4배)']"
187790,나노,KOSDAQ,퀄리티 적정가,85,4425.0,140.49,56.62,-9.69,61.4,1.38,"['✅ 6M 수익 140.5%', '❌ 변동성 높음 (σ=56.6)', '✅ 52주 고점 대비 -9.7%', '✅ 모멘텀 양호 (RSI 61.4, MACD+)', '✅ 관심 증가 (거래량 1.4배)']"
196450,코아시아씨엠,KOSDAQ,퀄리티 적정가,85,1700.0,73.65,17.37,-7.61,59.9,1.64,"['✅ 6M 수익 73.6%', '❌ 변동성 높음 (σ=17.4)', '✅ 52주 고점 대비 -7.6%', '✅ 모멘텀 양호 (RSI 59.9, MACD+)', '✅ 관심 증가 (거래량 1.6배)']"
217730,강스템바이오텍,KOSDAQ,퀄리티 적정가,85,2475.0,63.26,24.1,-6.43,56.1,1.47,"['✅ 6M 수익 63.3%', '❌ 변동성 높음 (σ=24.1)', '✅ 52주 고점 대비 -6.4%', '✅ 모멘텀 양호 (RSI 56.1, MACD+)', '✅ 관심 증가 (거래량 1.5배)']"
224060,더코디,KOSDAQ,퀄리티 적정가,85,5350.0,84.8,36.1,-11.57,62.7,1.54,"['✅ 6M 수익 84.8%', '❌ 변동성 높음 (σ=36.1)', '✅ 52주 고점 대비 -11.6%', '✅ 모멘텀 양호 (RSI 62.7, MACD+)', '✅ 관심 증가 (거래량 1.5배)']"
232830,아이티센피엔에스,KOSDAQ,퀄리티 적정가,85,2990.0,26.96,14.55,-19.62,76.3,2.69,"['✅ 6M 수익 27.0%', '❌ 변동성 높음 (σ=14.5)', '✅ 52주 고점 대비 -19.6%', '✅ 모멘텀 양호 (RSI 76.3, MACD+)', '✅ 관심 증가 (거래량 2.7배)']"
327260,머트리얼즈,KOSDAQ,퀄리티 적정가,85,65000.0,412.21,109.28,-5.52,64.0,1.87,"['✅ 6M 수익 412.2%', '❌ 변동성 높음 (σ=109.3)', '✅ 52주 고점 대비 -5.5%', '✅ 모멘텀 양호 (RSI 64.0, MACD+)', '✅ 관심 증가 (거래량 1.9배)']"
417200,머트리얼즈,KOSDAQ,퀄리티 적정가,85,21550.0,106.81,27.32,-5.69,64.0,2.78,"['✅ 6M 수익 106.8%', '❌ 변동성 높음 (σ=27.3)', '✅ 52주 고점 대비 -5.7%', '✅ 모멘텀 양호 (RSI 64.0, MACD+)', '✅ 관심 증가 (거래량 2.8배)']"
003070,코오롱글로벌,KOSPI,퀄리티 적정가,85,10040.0,9.13,3.71,-8.31,45.8,1.43,"['⚡ 6M 수익 9.1%', '✅ 변동성 낮음 (σ=3.7)', '✅ 52주 고점 대비 -8.3%', '⚡ 모멘텀 보통 (RSI 45.8)', '✅ 관심 증가 (거래량 1.4배)']"
005090,에너지,KOSPI,퀄리티 적정가,85,58100.0,145.15,28.74,-8.21,62.7,1.87,"['✅ 6M 수익 145.1%', '❌ 변동성 높음 (σ=28.7)', '✅ 52주 고점 대비 -8.2%', '✅ 모멘텀 양호 (RSI 62.7, MACD+)', '✅ 관심 증가 (거래량 1.9배)']"
005750,대림바스,KOSPI,퀄리티 적정가,85,5530.0,16.67,11.01,-7.99,50.4,1.17,"['✅ 6M 수익 16.7%', '⚡ 변동성 보통 (σ=11.0)', '✅ 52주 고점 대비 -8.0%', '✅ 모멘텀 양호 (RSI 50.4, MACD+)', '⚡ 관심 보통 (거래량 1.2배)']"
017390,서울가스,KOSPI,퀄리티 적정가,85,67400.0,5.48,3.72,-8.67,45.9,3.56,"['⚡ 6M 수익 5.5%', '✅ 변동성 낮음 (σ=3.7)', '✅ 52주 고점 대비 -8.7%', '⚡ 모멘텀 보통 (RSI 45.9)', '✅ 관심 증가 (거래량 3.6배)']"
044450,해운,KOSPI,퀄리티 적정가,85,10650.0,11.29,6.23,-15.81,46.9,4.85,"['⚡ 6M 수익 11.3%', '✅ 변동성 낮음 (σ=6.2)', '✅ 52주 고점 대비 -15.8%', '⚡ 모멘텀 보통 (RSI 46.9)', '✅ 관심 증가 (거래량 4.8배)']"
079550,넥스원,KOSPI,퀄리티 적정가,85,730000.0,44.84,19.95,-12.47,69.8,3.38,"['✅ 6M 수익 44.8%', '❌ 변동성 높음 (σ=19.9)', '✅ 52주 고점 대비 -12.5%', '✅ 모멘텀 양호 (RSI 69.8, MACD+)', '✅ 관심 증가 (거래량 3.4배)']"
120110,코오롱인더,KOSPI,퀄리티 적정가,85,71200.0,84.94,27.15,-5.07,59.6,1.31,"['✅ 6M 수익 84.9%', '❌ 변동성 높음 (σ=27.2)', '✅ 52주 고점 대비 -5.1%', '✅ 모멘텀 양호 (RSI 59.6, MACD+)', '✅ 관심 증가 (거래량 1.3배)']"
272210,한화시스템,KOSPI,퀄리티 적정가,85,140000.0,155.47,55.01,-13.95,59.7,1.46,"['✅ 6M 수익 155.5%', '❌ 변동성 높음 (σ=55.0)', '✅ 52주 고점 대비 -14.0%', '✅ 모멘텀 양호 (RSI 59.7, MACD+)', '✅ 관심 증가 (거래량 1.5배)']"
322000,현대에너지솔루션,KOSPI,퀄리티 적정가,85,119400.0,135.04,33.56,-8.65,63.3,2.92,"['✅ 6M 수익 135.0%', '❌ 변동성 높음 (σ=33.6)', '✅ 52주 고점 대비 -8.6%', '✅ 모멘텀 양호 (RSI 63.3, MACD+)', '✅ 관심 증가 (거래량 2.9배)']"
449450,방산,KOSPI,퀄리티 적정가,85,75810.0,38.6,14.27,-5.65,56.2,1.84,"['✅ 6M 수익 38.6%', '❌ 변동성 높음 (σ=14.3)', '✅ 52주 고점 대비 -5.7%', '✅ 모멘텀 양호 (RSI 56.2, MACD+)', '✅ 관심 증가 (거래량 1.8배)']"
463250,방산,KOSPI,퀄리티 적정가,85,48350.0,55.74,20.45,-6.1,59.6,2.55,"['✅ 6M 수익 55.7%', '❌ 변동성 높음 (σ=20.4)', '✅ 52주 고점 대비 -6.1%', '✅ 모멘텀 양호 (RSI 59.6, MACD+)', '✅ 관심 증가 (거래량 2.6배)']"
002290,삼일기업공사,KOSDAQ,퀄리티 적정가,83,3915.0,13.15,5.99,-16.7,53.7,1.19,"['⚡ 6M 수익 13.2%', '✅ 변동성 낮음 (σ=6.0)', '✅ 52주 고점 대비 -16.7%', '✅ 모멘텀 양호 (RSI 53.7, MACD+)', '⚡ 관심 보통 (거래량 1.2배)']"
448710,코츠테크놀로지,KOSDAQ,퀄리티 적정가,83,21300.0,5.19,9.04,-20.96,56.6,3.07,"['⚡ 6M 수익 5.2%', '⚡ 변동성 보통 (σ=9.0)', '⚡ 52주 고점 대비 -21.0%', '✅ 모멘텀 양호 (RSI 56.6, MACD+)', '✅ 관심 증가 (거래량 3.1배)']"
480310,글로벌온디바이스AI,KOSPI,퀄리티 적정가,83,13220.0,12.92,6.33,-7.51,51.5,1.29,"['⚡ 6M 수익 12.9%', '✅ 변동성 낮음 (σ=6.3)', '✅ 52주 고점 대비 -7.5%', '✅ 모멘텀 양호 (RSI 51.5, MACD+)', '⚡ 관심 보통 (거래량 1.3배)']"
046890,서울반도체,KOSDAQ,퀄리티 적정가,82,9990.0,48.88,10.15,-24.38,58.5,1.93,"['✅ 6M 수익 48.9%', '⚡ 변동성 보통 (σ=10.1)', '⚡ 52주 고점 대비 -24.4%', '⚡ 모멘텀 보통 (RSI 58.5)', '✅ 관심 증가 (거래량 1.9배)']"
168360,펨트론,KOSDAQ,퀄리티 적정가,82,23000.0,44.11,10.82,-27.1,52.1,1.37,"['✅ 6M 수익 44.1%', '⚡ 변동성 보통 (σ=10.8)', '⚡ 52주 고점 대비 -27.1%', '⚡ 모멘텀 보통 (RSI 52.1)', '✅ 관심 증가 (거래량 1.4배)']"
001290,상상인증권,KOSPI,퀄리티 적정가,82,1196.0,55.73,10.29,-23.23,52.6,1.31,"['✅ 6M 수익 55.7%', '⚡ 변동성 보통 (σ=10.3)', '⚡ 52주 고점 대비 -23.2%', '⚡ 모멘텀 보통 (RSI 52.6)', '✅ 관심 증가 (거래량 1.3배)']"
006360,건설,KOSPI,퀄리티 적정가,82,22400.0,15.29,7.07,-7.25,47.5,1.28,"['✅ 6M 수익 15.3%', '✅ 변동성 낮음 (σ=7.1)', '✅ 52주 고점 대비 -7.2%', '⚡ 모멘텀 보통 (RSI 47.5)', '⚡ 관심 보통 (거래량 1.3배)']"
030210,다올투자증권,KOSPI,퀄리티 적정가,82,4595.0,24.36,7.18,-14.43,48.0,1.16,"['✅ 6M 수익 24.4%', '✅ 변동성 낮음 (σ=7.2)', '✅ 52주 고점 대비 -14.4%', '⚡ 모멘텀 보통 (RSI 48.0)', '⚡ 관심 보통 (거래량 1.2배)']"
120115,코오롱인더우,KOSPI,퀄리티 적정가,82,27700.0,19.14,7.37,-5.62,47.6,1.29,"['✅ 6M 수익 19.1%', '✅ 변동성 낮음 (σ=7.4)', '✅ 52주 고점 대비 -5.6%', '⚡ 모멘텀 보통 (RSI 47.6)', '⚡ 관심 보통 (거래량 1.3배)']"
005860,한일사료,KOSDAQ,퀄리티 적정가,80,4570.0,30.95,7.55,0.0,67.7,5.75,"['✅ 6M 수익 30.9%', '✅ 변동성 낮음 (σ=7.6)', '❌ 52주 고점 대비 0.0%', '✅ 모멘텀 양호 (RSI 67.7, MACD+)', '✅ 관심 증가 (거래량 5.7배)']"
035460,기산텔레콤,KOSDAQ,퀄리티 적정가,80,2605.0,42.74,7.59,-3.16,61.9,4.49,"['✅ 6M 수익 42.7%', '✅ 변동성 낮음 (σ=7.6)', '❌ 52주 고점 대비 -3.2%', '✅ 모멘텀 양호 (RSI 61.9, MACD+)', '✅ 관심 증가 (거래량 4.5배)']"
036480,대성미생물,KOSDAQ,퀄리티 적정가,80,9880.0,26.5,3.74,0.0,70.7,3.93,"['✅ 6M 수익 26.5%', '✅ 변동성 낮음 (σ=3.7)', '❌ 52주 고점 대비 0.0%', '✅ 모멘텀 양호 (RSI 70.7, MACD+)', '✅ 관심 증가 (거래량 3.9배)']"
041910,폴라리스AI파마,KOSDAQ,퀄리티 적정가,80,8920.0,35.15,3.53,-2.73,71.6,4.59,"['✅ 6M 수익 35.2%', '✅ 변동성 낮음 (σ=3.5)', '❌ 52주 고점 대비 -2.7%', '✅ 모멘텀 양호 (RSI 71.6, MACD+)', '✅ 관심 증가 (거래량 4.6배)']"
046970,우리로,KOSDAQ,퀄리티 적정가,80,1640.0,26.64,6.08,0.0,60.5,1.43,"['✅ 6M 수익 26.6%', '✅ 변동성 낮음 (σ=6.1)', '❌ 52주 고점 대비 0.0%', '✅ 모멘텀 양호 (RSI 60.5, MACD+)', '✅ 관심 증가 (거래량 1.4배)']"
053050,지에스이,KOSDAQ,퀄리티 적정가,80,2945.0,5.56,7.82,-26.56,54.8,5.29,"['⚡ 6M 수익 5.6%', '✅ 변동성 낮음 (σ=7.8)', '⚡ 52주 고점 대비 -26.6%', '⚡ 모멘텀 보통 (RSI 54.8)', '✅ 관심 증가 (거래량 5.3배)']"
056360,코위버,KOSDAQ,퀄리티 적정가,80,6380.0,24.12,4.99,0.0,61.1,3.21,"['✅ 6M 수익 24.1%', '✅ 변동성 낮음 (σ=5.0)', '❌ 52주 고점 대비 0.0%', '✅ 모멘텀 양호 (RSI 61.1, MACD+)', '✅ 관심 증가 (거래량 3.2배)']"
078070,유비쿼스홀딩스,KOSDAQ,퀄리티 적정가,80,14850.0,45.16,4.39,0.0,62.3,4.5,"['✅ 6M 수익 45.2%', '✅ 변동성 낮음 (σ=4.4)', '❌ 52주 고점 대비 0.0%', '✅ 모멘텀 양호 (RSI 62.3, MACD+)', '✅ 관심 증가 (거래량 4.5배)']"
086820,바이오솔루션,KOSDAQ,퀄리티 적정가,80,12600.0,40.31,7.76,-1.72,77.0,2.58,"['✅ 6M 수익 40.3%', '✅ 변동성 낮음 (σ=7.8)', '❌ 52주 고점 대비 -1.7%', '✅ 모멘텀 양호 (RSI 77.0, MACD+)', '✅ 관심 증가 (거래량 2.6배)']"
091700,파트론,KOSDAQ,퀄리티 적정가,80,8370.0,28.77,6.04,-2.67,54.8,1.76,"['✅ 6M 수익 28.8%', '✅ 변동성 낮음 (σ=6.0)', '❌ 52주 고점 대비 -2.7%', '✅ 모멘텀 양호 (RSI 54.8, MACD+)', '✅ 관심 증가 (거래량 1.8배)']"
100590,머큐리,KOSDAQ,퀄리티 적정가,80,4990.0,53.54,6.13,-3.67,68.5,4.03,"['✅ 6M 수익 53.5%', '✅ 변동성 낮음 (σ=6.1)', '❌ 52주 고점 대비 -3.7%', '✅ 모멘텀 양호 (RSI 68.5, MACD+)', '✅ 관심 증가 (거래량 4.0배)']"
112290,와이씨켐,KOSDAQ,퀄리티 적정가,80,26850.0,21.22,7.35,-4.45,54.0,1.5,"['✅ 6M 수익 21.2%', '✅ 변동성 낮음 (σ=7.4)', '❌ 52주 고점 대비 -4.4%', '✅ 모멘텀 양호 (RSI 54.0, MACD+)', '✅ 관심 증가 (거래량 1.5배)']"
122990,와이솔,KOSDAQ,퀄리티 적정가,80,7580.0,25.29,5.04,0.0,66.7,2.34,"['✅ 6M 수익 25.3%', '✅ 변동성 낮음 (σ=5.0)', '❌ 52주 고점 대비 0.0%', '✅ 모멘텀 양호 (RSI 66.7, MACD+)', '✅ 관심 증가 (거래량 2.3배)']"
126640,화신정공,KOSDAQ,퀄리티 적정가,80,1550.0,17.42,5.18,-14.84,52.3,0.31,"['✅ 6M 수익 17.4%', '✅ 변동성 낮음 (σ=5.2)', '✅ 52주 고점 대비 -14.8%', '✅ 모멘텀 양호 (RSI 52.3, MACD+)']"
126700,하이비젼시스템,KOSDAQ,퀄리티 적정가,80,17600.0,12.39,9.89,-16.59,46.3,1.52,"['⚡ 6M 수익 12.4%', '⚡ 변동성 보통 (σ=9.9)', '✅ 52주 고점 대비 -16.6%', '⚡ 모멘텀 보통 (RSI 46.3)', '✅ 관심 증가 (거래량 1.5배)']"
204610,티쓰리,KOSDAQ,퀄리티 적정가,80,2740.0,25.69,7.76,0.0,85.2,1.42,"['✅ 6M 수익 25.7%', '✅ 변동성 낮음 (σ=7.8)', '❌ 52주 고점 대비 0.0%', '✅ 모멘텀 양호 (RSI 85.2, MACD+)', '✅ 관심 증가 (거래량 1.4배)']"
241690,유니테크노,KOSDAQ,퀄리티 적정가,80,3900.0,18.36,6.89,-6.25,51.0,0.43,"['✅ 6M 수익 18.4%', '✅ 변동성 낮음 (σ=6.9)', '✅ 52주 고점 대비 -6.2%', '✅ 모멘텀 양호 (RSI 51.0, MACD+)']"
309710,아이티켐,KOSDAQ,퀄리티 적정가,80,36200.0,102.23,38.05,-27.16,55.8,1.5,"['✅ 6M 수익 102.2%', '❌ 변동성 높음 (σ=38.1)', '⚡ 52주 고점 대비 -27.2%', '✅ 모멘텀 양호 (RSI 55.8, MACD+)', '✅ 관심 증가 (거래량 1.5배)']"
339950,아이비김영,KOSDAQ,퀄리티 적정가,80,2320.0,13.45,4.77,-24.31,54.6,3.1,"['⚡ 6M 수익 13.4%', '✅ 변동성 낮음 (σ=4.8)', '⚡ 52주 고점 대비 -24.3%', '⚡ 모멘텀 보통 (RSI 54.6)', '✅ 관심 증가 (거래량 3.1배)']"
417500,제이아이테크,KOSDAQ,퀄리티 적정가,80,5140.0,63.43,5.03,0.0,66.8,3.26,"['✅ 6M 수익 63.4%', '✅ 변동성 낮음 (σ=5.0)', '❌ 52주 고점 대비 0.0%', '✅ 모멘텀 양호 (RSI 66.8, MACD+)', '✅ 관심 증가 (거래량 3.3배)']"
001275,부국증권우,KOSPI,퀄리티 적정가,80,37100.0,37.66,6.86,-2.37,54.1,1.71,"['✅ 6M 수익 37.7%', '✅ 변동성 낮음 (σ=6.9)', '❌ 52주 고점 대비 -2.4%', '✅ 모멘텀 양호 (RSI 54.1, MACD+)', '✅ 관심 증가 (거래량 1.7배)']"
002960,한국쉘석유,KOSPI,퀄리티 적정가,80,532000.0,26.22,4.11,-4.83,60.7,2.63,"['✅ 6M 수익 26.2%', '✅ 변동성 낮음 (σ=4.1)', '❌ 52주 고점 대비 -4.8%', '✅ 모멘텀 양호 (RSI 60.7, MACD+)', '✅ 관심 증가 (거래량 2.6배)']"
003280,흥아해운,KOSPI,퀄리티 적정가,80,3035.0,79.06,3.53,0.0,67.9,4.82,"['✅ 6M 수익 79.1%', '✅ 변동성 낮음 (σ=3.5)', '❌ 52주 고점 대비 0.0%', '✅ 모멘텀 양호 (RSI 67.9, MACD+)', '✅ 관심 증가 (거래량 4.8배)']"
003475,유안타증권우,KOSPI,퀄리티 적정가,80,4530.0,20.8,6.8,-13.22,40.9,1.5,"['✅ 6M 수익 20.8%', '✅ 변동성 낮음 (σ=6.8)', '✅ 52주 고점 대비 -13.2%', '❌ 모멘텀 약함 (RSI 40.9)', '✅ 관심 증가 (거래량 1.5배)']"
006980,우성,KOSPI,퀄리티 적정가,80,21400.0,23.27,5.99,-6.75,39.0,1.56,"['✅ 6M 수익 23.3%', '✅ 변동성 낮음 (σ=6.0)', '✅ 52주 고점 대비 -6.8%', '❌ 모멘텀 약함 (RSI 39.0)', '✅ 관심 증가 (거래량 1.6배)']"
016450,한세예스24홀딩스,KOSPI,퀄리티 적정가,80,4845.0,19.04,4.03,-1.72,65.1,1.73,"['✅ 6M 수익 19.0%', '✅ 변동성 낮음 (σ=4.0)', '❌ 52주 고점 대비 -1.7%', '✅ 모멘텀 양호 (RSI 65.1, MACD+)', '✅ 관심 증가 (거래량 1.7배)']"
025860,남해화학,KOSPI,퀄리티 적정가,80,8650.0,24.46,4.65,-3.35,60.8,5.23,"['✅ 6M 수익 24.5%', '✅ 변동성 낮음 (σ=4.7)', '❌ 52주 고점 대비 -3.4%', '✅ 모멘텀 양호 (RSI 60.8, MACD+)', '✅ 관심 증가 (거래량 5.2배)']"
069730,제강,KOSPI,퀄리티 적정가,80,4825.0,23.88,6.58,-0.52,61.1,1.94,"['✅ 6M 수익 23.9%', '✅ 변동성 낮음 (σ=6.6)', '❌ 52주 고점 대비 -0.5%', '✅ 모멘텀 양호 (RSI 61.1, MACD+)', '✅ 관심 증가 (거래량 1.9배)']"
088790,진도,KOSPI,퀄리티 적정가,80,2510.0,29.51,4.01,0.0,75.3,1.75,"['✅ 6M 수익 29.5%', '✅ 변동성 낮음 (σ=4.0)', '❌ 52주 고점 대비 0.0%', '✅ 모멘텀 양호 (RSI 75.3, MACD+)', '✅ 관심 증가 (거래량 1.7배)']"
112610,씨에스윈드,KOSPI,퀄리티 적정가,80,56000.0,24.03,4.83,0.0,59.7,1.55,"['✅ 6M 수익 24.0%', '✅ 변동성 낮음 (σ=4.8)', '❌ 52주 고점 대비 0.0%', '✅ 모멘텀 양호 (RSI 59.7, MACD+)', '✅ 관심 증가 (거래량 1.5배)']"
130680,원유선물Enhanced,KOSPI,퀄리티 적정가,80,6585.0,63.68,6.95,-2.3,74.0,3.78,"['✅ 6M 수익 63.7%', '✅ 변동성 낮음 (σ=7.0)', '❌ 52주 고점 대비 -2.3%', '✅ 모멘텀 양호 (RSI 74.0, MACD+)', '✅ 관심 증가 (거래량 3.8배)']"
219390,미국S,KOSPI,퀄리티 적정가,80,7410.0,27.76,5.72,-0.6,63.7,4.2,"['✅ 6M 수익 27.8%', '✅ 변동성 낮음 (σ=5.7)', '❌ 52주 고점 대비 -0.6%', '✅ 모멘텀 양호 (RSI 63.7, MACD+)', '✅ 관심 증가 (거래량 4.2배)']"
225800,미국달러선물레버리지,KOSPI,퀄리티 적정가,80,17520.0,18.35,5.3,0.0,67.3,2.05,"['✅ 6M 수익 18.4%', '✅ 변동성 낮음 (σ=5.3)', '❌ 52주 고점 대비 0.0%', '✅ 모멘텀 양호 (RSI 67.3, MACD+)', '✅ 관심 증가 (거래량 2.1배)']"
256750,차이나심천ChiNext,KOSPI,퀄리티 적정가,80,16145.0,22.13,7.64,0.0,70.6,1.71,"['✅ 6M 수익 22.1%', '✅ 변동성 낮음 (σ=7.6)', '❌ 52주 고점 대비 0.0%', '✅ 모멘텀 양호 (RSI 70.6, MACD+)', '✅ 관심 증가 (거래량 1.7배)']"
261220,원유선물,KOSPI,퀄리티 적정가,80,23560.0,66.68,7.09,-3.6,73.1,4.45,"['✅ 6M 수익 66.7%', '✅ 변동성 낮음 (σ=7.1)', '❌ 52주 고점 대비 -3.6%', '✅ 모멘텀 양호 (RSI 73.1, MACD+)', '✅ 관심 증가 (거래량 4.4배)']"
289480,커버드콜,KOSPI,퀄리티 적정가,80,10470.0,21.22,5.63,0.0,55.7,2.07,"['✅ 6M 수익 21.2%', '✅ 변동성 낮음 (σ=5.6)', '❌ 52주 고점 대비 0.0%', '✅ 모멘텀 양호 (RSI 55.7, MACD+)', '✅ 관심 증가 (거래량 2.1배)']"
438740,마이다스,KOSPI,퀄리티 적정가,80,35800.0,17.94,6.91,-7.77,42.2,1.37,"['✅ 6M 수익 17.9%', '✅ 변동성 낮음 (σ=6.9)', '✅ 52주 고점 대비 -7.8%', '❌ 모멘텀 약함 (RSI 42.2)', '✅ 관심 증가 (거래량 1.4배)']"
439260,대한조선,KOSPI,퀄리티 적정가,80,97100.0,14.24,10.03,-10.67,57.4,1.66,"['⚡ 6M 수익 14.2%', '⚡ 변동성 보통 (σ=10.0)', '✅ 52주 고점 대비 -10.7%', '⚡ 모멘텀 보통 (RSI 57.4)', '✅ 관심 증가 (거래량 1.7배)']"
497780,미국천연가스인프라액티브,KOSPI,퀄리티 적정가,80,11820.0,31.79,6.58,-0.42,64.8,3.02,"['✅ 6M 수익 31.8%', '✅ 변동성 낮음 (σ=6.6)', '❌ 52주 고점 대비 -0.4%', '✅ 모멘텀 양호 (RSI 64.8, MACD+)', '✅ 관심 증가 (거래량 3.0배)']"
070590,한솔인티큐브,KOSDAQ,퀄리티 적정가,78,2045.0,8.09,7.07,-24.26,71.1,1.02,"['⚡ 6M 수익 8.1%', '✅ 변동성 낮음 (σ=7.1)', '⚡ 52주 고점 대비 -24.3%', '✅ 모멘텀 양호 (RSI 71.1, MACD+)', '⚡ 관심 보통 (거래량 1.0배)']"
088280,쏘닉스,KOSDAQ,퀄리티 적정가,78,2585.0,12.15,12.63,-9.46,78.7,2.09,"['⚡ 6M 수익 12.1%', '❌ 변동성 높음 (σ=12.6)', '✅ 52주 고점 대비 -9.5%', '✅ 모멘텀 양호 (RSI 78.7, MACD+)', '✅ 관심 증가 (거래량 2.1배)']"
348350,위드텍,KOSDAQ,퀄리티 적정가,78,9900.0,11.74,5.47,-23.67,51.1,1.29,"['⚡ 6M 수익 11.7%', '✅ 변동성 낮음 (σ=5.5)', '⚡ 52주 고점 대비 -23.7%', '✅ 모멘텀 양호 (RSI 51.1, MACD+)', '⚡ 관심 보통 (거래량 1.3배)']"
056090,시지메드텍,KOSDAQ,퀄리티 적정가,77,2835.0,160.09,43.01,-15.37,48.5,2.05,"['✅ 6M 수익 160.1%', '❌ 변동성 높음 (σ=43.0)', '✅ 52주 고점 대비 -15.4%', '⚡ 모멘텀 보통 (RSI 48.5)', '✅ 관심 증가 (거래량 2.1배)']"
058470,리노공업,KOSDAQ,퀄리티 적정가,77,112000.0,128.34,33.74,-11.81,60.1,1.59,"['✅ 6M 수익 128.3%', '❌ 변동성 높음 (σ=33.7)', '✅ 52주 고점 대비 -11.8%', '⚡ 모멘텀 보통 (RSI 60.1)', '✅ 관심 증가 (거래량 1.6배)']"
064760,티씨케이,KOSDAQ,퀄리티 적정가,77,242500.0,76.88,19.7,-6.73,57.8,1.4,"['✅ 6M 수익 76.9%', '❌ 변동성 높음 (σ=19.7)', '✅ 52주 고점 대비 -6.7%', '⚡ 모멘텀 보통 (RSI 57.8)', '✅ 관심 증가 (거래량 1.4배)']"
079370,제우스,KOSDAQ,퀄리티 적정가,77,17020.0,28.26,11.47,-16.77,49.4,1.18,"['✅ 6M 수익 28.3%', '⚡ 변동성 보통 (σ=11.5)', '✅ 52주 고점 대비 -16.8%', '⚡ 모멘텀 보통 (RSI 49.4)', '⚡ 관심 보통 (거래량 1.2배)']"
093190,빅솔론,KOSDAQ,퀄리티 적정가,77,7650.0,32.58,12.46,-8.93,47.3,1.69,"['✅ 6M 수익 32.6%', '❌ 변동성 높음 (σ=12.5)', '✅ 52주 고점 대비 -8.9%', '⚡ 모멘텀 보통 (RSI 47.3)', '✅ 관심 증가 (거래량 1.7배)']"
106190,하이텍팜,KOSDAQ,퀄리티 적정가,77,16150.0,17.45,11.01,-5.56,45.5,1.04,"['✅ 6M 수익 17.5%', '⚡ 변동성 보통 (σ=11.0)', '✅ 52주 고점 대비 -5.6%', '⚡ 모멘텀 보통 (RSI 45.5)', '⚡ 관심 보통 (거래량 1.0배)']"
222080,씨아이에스,KOSDAQ,퀄리티 적정가,77,13170.0,86.81,32.61,-12.78,51.3,1.5,"['✅ 6M 수익 86.8%', '❌ 변동성 높음 (σ=32.6)', '✅ 52주 고점 대비 -12.8%', '⚡ 모멘텀 보통 (RSI 51.3)', '✅ 관심 증가 (거래량 1.5배)']"
371950,풍원정밀,KOSDAQ,퀄리티 적정가,77,17200.0,47.13,22.05,-10.37,49.8,1.92,"['✅ 6M 수익 47.1%', '❌ 변동성 높음 (σ=22.0)', '✅ 52주 고점 대비 -10.4%', '⚡ 모멘텀 보통 (RSI 49.8)', '✅ 관심 증가 (거래량 1.9배)']"
001510,증권,KOSPI,퀄리티 적정가,77,1727.0,151.75,24.74,-19.67,51.7,1.5,"['✅ 6M 수익 151.7%', '❌ 변동성 높음 (σ=24.7)', '✅ 52주 고점 대비 -19.7%', '⚡ 모멘텀 보통 (RSI 51.7)', '✅ 관심 증가 (거래량 1.5배)']"
005930,삼성전자,KOSPI,퀄리티 적정가,77,183300.0,149.73,43.98,-15.92,47.5,1.36,"['✅ 6M 수익 149.7%', '❌ 변동성 높음 (σ=44.0)', '✅ 52주 고점 대비 -15.9%', '⚡ 모멘텀 보통 (RSI 47.5)', '✅ 관심 증가 (거래량 1.4배)']"
005935,삼성전자우,KOSPI,퀄리티 적정가,77,138300.0,127.09,35.71,-6.99,51.2,1.4,"['✅ 6M 수익 127.1%', '❌ 변동성 높음 (σ=35.7)', '✅ 52주 고점 대비 -7.0%', '⚡ 모멘텀 보통 (RSI 51.2)', '✅ 관심 증가 (거래량 1.4배)']"
009155,삼성전기우,KOSPI,퀄리티 적정가,77,172400.0,102.82,27.75,-9.83,48.7,1.34,"['✅ 6M 수익 102.8%', '❌ 변동성 높음 (σ=27.7)', '✅ 52주 고점 대비 -9.8%', '⚡ 모멘텀 보통 (RSI 48.7)', '✅ 관심 증가 (거래량 1.3배)']"
010820,퍼스텍,KOSPI,퀄리티 적정가,77,8000.0,64.61,16.02,-11.31,54.6,2.71,"['✅ 6M 수익 64.6%', '❌ 변동성 높음 (σ=16.0)', '✅ 52주 고점 대비 -11.3%', '⚡ 모멘텀 보통 (RSI 54.6)', '✅ 관심 증가 (거래량 2.7배)']"
011930,신성이엔지,KOSPI,퀄리티 적정가,77,2240.0,33.81,16.47,-8.76,53.3,1.51,"['✅ 6M 수익 33.8%', '❌ 변동성 높음 (σ=16.5)', '✅ 52주 고점 대비 -8.8%', '⚡ 모멘텀 보통 (RSI 53.3)', '✅ 관심 증가 (거래량 1.5배)']"
014680,한솔케미칼,KOSPI,퀄리티 적정가,77,284000.0,52.36,16.12,-15.98,45.0,1.39,"['✅ 6M 수익 52.4%', '❌ 변동성 높음 (σ=16.1)', '✅ 52주 고점 대비 -16.0%', '⚡ 모멘텀 보통 (RSI 45.0)', '✅ 관심 증가 (거래량 1.4배)']"
091160,반도체,KOSPI,퀄리티 적정가,77,99470.0,136.61,37.57,-5.63,55.0,1.8,"['✅ 6M 수익 136.6%', '❌ 변동성 높음 (σ=37.6)', '✅ 52주 고점 대비 -5.6%', '⚡ 모멘텀 보통 (RSI 55.0)', '✅ 관심 증가 (거래량 1.8배)']"
091230,반도체,KOSPI,퀄리티 적정가,77,104430.0,138.36,38.04,-5.48,55.2,1.36,"['✅ 6M 수익 138.4%', '❌ 변동성 높음 (σ=38.0)', '✅ 52주 고점 대비 -5.5%', '⚡ 모멘텀 보통 (RSI 55.2)', '✅ 관심 증가 (거래량 1.4배)']"
117700,건설,KOSPI,퀄리티 적정가,77,6645.0,63.87,19.95,-5.14,54.4,1.4,"['✅ 6M 수익 63.9%', '❌ 변동성 높음 (σ=19.9)', '✅ 52주 고점 대비 -5.1%', '⚡ 모멘텀 보통 (RSI 54.4)', '✅ 관심 증가 (거래량 1.4배)']"
122090,코스피50,KOSPI,퀄리티 적정가,77,60450.0,90.67,27.39,-12.73,46.9,2.06,"['✅ 6M 수익 90.7%', '❌ 변동성 높음 (σ=27.4)', '✅ 52주 고점 대비 -12.7%', '⚡ 모멘텀 보통 (RSI 46.9)', '✅ 관심 증가 (거래량 2.1배)']"
126720,수산인더스트리,KOSPI,퀄리티 적정가,77,27400.0,21.78,10.02,-7.74,45.1,1.16,"['✅ 6M 수익 21.8%', '⚡ 변동성 보통 (σ=10.0)', '✅ 52주 고점 대비 -7.7%', '⚡ 모멘텀 보통 (RSI 45.1)', '⚡ 관심 보통 (거래량 1.2배)']"
139220,건설,KOSPI,퀄리티 적정가,77,7300.0,68.59,21.01,-9.54,51.2,1.72,"['✅ 6M 수익 68.6%', '❌ 변동성 높음 (σ=21.0)', '✅ 52주 고점 대비 -9.5%', '⚡ 모멘텀 보통 (RSI 51.2)', '✅ 관심 증가 (거래량 1.7배)']"
140950,파워,KOSPI,퀄리티 적정가,77,64505.0,83.9,25.48,-12.81,46.0,1.69,"['✅ 6M 수익 83.9%', '❌ 변동성 높음 (σ=25.5)', '✅ 52주 고점 대비 -12.8%', '⚡ 모멘텀 보통 (RSI 46.0)', '✅ 관심 증가 (거래량 1.7배)']"
147970,모멘텀,KOSPI,퀄리티 적정가,77,67025.0,40.09,12.86,-9.89,45.8,1.31,"['✅ 6M 수익 40.1%', '❌ 변동성 높음 (σ=12.9)', '✅ 52주 고점 대비 -9.9%', '⚡ 모멘텀 보통 (RSI 45.8)', '✅ 관심 증가 (거래량 1.3배)']"
153270,코스피100,KOSPI,퀄리티 적정가,77,63550.0,84.19,25.41,-13.43,46.8,1.87,"['✅ 6M 수익 84.2%', '❌ 변동성 높음 (σ=25.4)', '✅ 52주 고점 대비 -13.4%', '⚡ 모멘텀 보통 (RSI 46.8)', '✅ 관심 증가 (거래량 1.9배)']"
159800,마이티,KOSPI,퀄리티 적정가,77,65600.0,83.45,25.34,-12.79,46.7,1.55,"['✅ 6M 수익 83.4%', '❌ 변동성 높음 (σ=25.3)', '✅ 52주 고점 대비 -12.8%', '⚡ 모멘텀 보통 (RSI 46.7)', '✅ 관심 증가 (거래량 1.6배)']"
183710,주식혼합,KOSPI,퀄리티 적정가,77,74840.0,53.4,16.11,-10.54,46.1,2.42,"['✅ 6M 수익 53.4%', '❌ 변동성 높음 (σ=16.1)', '✅ 52주 고점 대비 -10.5%', '⚡ 모멘텀 보통 (RSI 46.1)', '✅ 관심 증가 (거래량 2.4배)']"
226490,코스피,KOSPI,퀄리티 적정가,77,57260.0,64.97,19.87,-11.99,45.6,1.53,"['✅ 6M 수익 65.0%', '❌ 변동성 높음 (σ=19.9)', '✅ 52주 고점 대비 -12.0%', '⚡ 모멘텀 보통 (RSI 45.6)', '✅ 관심 증가 (거래량 1.5배)']"
227830,코스피,KOSPI,퀄리티 적정가,77,57525.0,64.61,19.83,-12.07,45.9,2.01,"['✅ 6M 수익 64.6%', '❌ 변동성 높음 (σ=19.8)', '✅ 52주 고점 대비 -12.1%', '⚡ 모멘텀 보통 (RSI 45.9)', '✅ 관심 증가 (거래량 2.0배)']"
233740,코스닥150레버리지,KOSPI,퀄리티 적정가,77,16700.0,70.15,23.26,-19.25,45.2,1.69,"['✅ 6M 수익 70.1%', '❌ 변동성 높음 (σ=23.3)', '✅ 52주 고점 대비 -19.2%', '⚡ 모멘텀 보통 (RSI 45.2)', '✅ 관심 증가 (거래량 1.7배)']"
237350,코스피100,KOSPI,퀄리티 적정가,77,66000.0,84.28,25.45,-12.57,46.6,2.05,"['✅ 6M 수익 84.3%', '❌ 변동성 높음 (σ=25.4)', '✅ 52주 고점 대비 -12.6%', '⚡ 모멘텀 보통 (RSI 46.6)', '✅ 관심 증가 (거래량 2.0배)']"
261070,코스닥150바이오테크,KOSPI,퀄리티 적정가,77,20455.0,19.13,8.69,-8.95,49.3,1.01,"['✅ 6M 수익 19.1%', '⚡ 변동성 보통 (σ=8.7)', '✅ 52주 고점 대비 -8.9%', '⚡ 모멘텀 보통 (RSI 49.3)', '⚡ 관심 보통 (거래량 1.0배)']"
275280,모멘텀주,KOSPI,퀄리티 적정가,77,32555.0,62.21,19.7,-10.97,47.0,1.93,"['✅ 6M 수익 62.2%', '❌ 변동성 높음 (σ=19.7)', '✅ 52주 고점 대비 -11.0%', '⚡ 모멘텀 보통 (RSI 47.0)', '✅ 관심 증가 (거래량 1.9배)']"
277630,코스피,KOSPI,퀄리티 적정가,77,57920.0,64.93,19.83,-11.92,45.6,1.81,"['✅ 6M 수익 64.9%', '❌ 변동성 높음 (σ=19.8)', '✅ 52주 고점 대비 -11.9%', '⚡ 모멘텀 보통 (RSI 45.6)', '✅ 관심 증가 (거래량 1.8배)']"
277640,코스피대형주,KOSPI,퀄리티 적정가,77,29645.0,73.01,22.14,-12.31,46.1,1.89,"['✅ 6M 수익 73.0%', '❌ 변동성 높음 (σ=22.1)', '✅ 52주 고점 대비 -12.3%', '⚡ 모멘텀 보통 (RSI 46.1)', '✅ 관심 증가 (거래량 1.9배)']"
278240,코스닥150선물레버리지,KOSPI,퀄리티 적정가,77,18815.0,69.69,23.3,-19.27,45.2,1.84,"['✅ 6M 수익 69.7%', '❌ 변동성 높음 (σ=23.3)', '✅ 52주 고점 대비 -19.3%', '⚡ 모멘텀 보통 (RSI 45.2)', '✅ 관심 증가 (거래량 1.8배)']"
289250,유니버설,KOSPI,퀄리티 적정가,77,24795.0,83.19,25.08,-11.93,46.4,3.77,"['✅ 6M 수익 83.2%', '❌ 변동성 높음 (σ=25.1)', '✅ 52주 고점 대비 -11.9%', '⚡ 모멘텀 보통 (RSI 46.4)', '✅ 관심 증가 (거래량 3.8배)']"
291630,코스닥150선물레버리지,KOSPI,퀄리티 적정가,77,8395.0,70.98,23.53,-19.59,45.3,1.53,"['✅ 6M 수익 71.0%', '❌ 변동성 높음 (σ=23.5)', '✅ 52주 고점 대비 -19.6%', '⚡ 모멘텀 보통 (RSI 45.3)', '✅ 관심 증가 (거래량 1.5배)']"
292150,코리아TOP10,KOSPI,퀄리티 적정가,77,30120.0,109.9,33.73,-13.4,47.2,1.77,"['✅ 6M 수익 109.9%', '❌ 변동성 높음 (σ=33.7)', '✅ 52주 고점 대비 -13.4%', '⚡ 모멘텀 보통 (RSI 47.2)', '✅ 관심 증가 (거래량 1.8배)']"
302450,코스피,KOSPI,퀄리티 적정가,77,57750.0,65.25,19.98,-12.23,45.2,1.61,"['✅ 6M 수익 65.3%', '❌ 변동성 높음 (σ=20.0)', '✅ 52주 고점 대비 -12.2%', '⚡ 모멘텀 보통 (RSI 45.2)', '✅ 관심 증가 (거래량 1.6배)']"
305050,코스피,KOSPI,퀄리티 적정가,77,58045.0,65.11,19.88,-12.1,45.6,1.97,"['✅ 6M 수익 65.1%', '❌ 변동성 높음 (σ=19.9)', '✅ 52주 고점 대비 -12.1%', '⚡ 모멘텀 보통 (RSI 45.6)', '✅ 관심 증가 (거래량 2.0배)']"
306530,코스닥150선물레버리지,KOSPI,퀄리티 적정가,77,16935.0,71.41,23.56,-18.72,45.6,1.65,"['✅ 6M 수익 71.4%', '❌ 변동성 높음 (σ=23.6)', '✅ 52주 고점 대비 -18.7%', '⚡ 모멘텀 보통 (RSI 45.6)', '✅ 관심 증가 (거래량 1.6배)']"
315960,대형고배당10TR,KOSPI,퀄리티 적정가,77,57320.0,117.74,36.24,-13.3,47.5,2.9,"['✅ 6M 수익 117.7%', '❌ 변동성 높음 (σ=36.2)', '✅ 52주 고점 대비 -13.3%', '⚡ 모멘텀 보통 (RSI 47.5)', '✅ 관심 증가 (거래량 2.9배)']"
337140,코스피대형주,KOSPI,퀄리티 적정가,77,28750.0,73.93,22.34,-12.35,46.4,1.92,"['✅ 6M 수익 73.9%', '❌ 변동성 높음 (σ=22.3)', '✅ 52주 고점 대비 -12.3%', '⚡ 모멘텀 보통 (RSI 46.4)', '✅ 관심 증가 (거래량 1.9배)']"
359210,코스피TR,KOSPI,퀄리티 적정가,77,28630.0,65.2,19.98,-12.07,45.5,2.57,"['✅ 6M 수익 65.2%', '❌ 변동성 높음 (σ=20.0)', '✅ 52주 고점 대비 -12.1%', '⚡ 모멘텀 보통 (RSI 45.5)', '✅ 관심 증가 (거래량 2.6배)']"
364690,혁신기술테마액티브,KOSPI,퀄리티 적정가,77,30740.0,71.4,21.61,-11.03,47.2,1.36,"['✅ 6M 수익 71.4%', '❌ 변동성 높음 (σ=21.6)', '✅ 52주 고점 대비 -11.0%', '⚡ 모멘텀 보통 (RSI 47.2)', '✅ 관심 증가 (거래량 1.4배)']"
365040,코리아그로스액티브,KOSPI,퀄리티 적정가,77,28100.0,63.71,19.42,-12.19,45.5,1.51,"['✅ 6M 수익 63.7%', '❌ 변동성 높음 (σ=19.4)', '✅ 52주 고점 대비 -12.2%', '⚡ 모멘텀 보통 (RSI 45.5)', '✅ 관심 증가 (거래량 1.5배)']"
367740,산업,KOSPI,퀄리티 적정가,77,29275.0,84.02,23.13,-8.33,51.8,1.37,"['✅ 6M 수익 84.0%', '❌ 변동성 높음 (σ=23.1)', '✅ 52주 고점 대비 -8.3%', '⚡ 모멘텀 보통 (RSI 51.8)', '✅ 관심 증가 (거래량 1.4배)']"
375770,탄소효율그린뉴딜,KOSPI,퀄리티 적정가,77,19760.0,74.02,22.34,-12.06,46.7,1.38,"['✅ 6M 수익 74.0%', '❌ 변동성 높음 (σ=22.3)', '✅ 52주 고점 대비 -12.1%', '⚡ 모멘텀 보통 (RSI 46.7)', '✅ 관심 증가 (거래량 1.4배)']"
385720,코스피액티브,KOSPI,퀄리티 적정가,77,20660.0,68.38,21.12,-11.41,49.0,1.67,"['✅ 6M 수익 68.4%', '❌ 변동성 높음 (σ=21.1)', '✅ 52주 고점 대비 -11.4%', '⚡ 모멘텀 보통 (RSI 49.0)', '✅ 관심 증가 (거래량 1.7배)']"
395170,동일가중,KOSPI,퀄리티 적정가,77,15000.0,70.07,21.11,-9.17,49.1,1.95,"['✅ 6M 수익 70.1%', '❌ 변동성 높음 (σ=21.1)', '✅ 52주 고점 대비 -9.2%', '⚡ 모멘텀 보통 (RSI 49.1)', '✅ 관심 증가 (거래량 2.0배)']"
396500,반도체TOP10,KOSPI,퀄리티 적정가,77,33110.0,152.09,42.34,-8.26,55.1,1.68,"['✅ 6M 수익 152.1%', '❌ 변동성 높음 (σ=42.3)', '✅ 52주 고점 대비 -8.3%', '⚡ 모멘텀 보통 (RSI 55.1)', '✅ 관심 증가 (거래량 1.7배)']"
404120,신재생에너지액티브,KOSPI,퀄리티 적정가,77,23565.0,51.79,15.84,-12.95,46.3,1.4,"['✅ 6M 수익 51.8%', '❌ 변동성 높음 (σ=15.8)', '✅ 52주 고점 대비 -12.9%', '⚡ 모멘텀 보통 (RSI 46.3)', '✅ 관심 증가 (거래량 1.4배)']"
404540,기후변화솔루션,KOSPI,퀄리티 적정가,77,21350.0,59.03,18.32,-15.33,45.5,2.35,"['✅ 6M 수익 59.0%', '❌ 변동성 높음 (σ=18.3)', '✅ 52주 고점 대비 -15.3%', '⚡ 모멘텀 보통 (RSI 45.5)', '✅ 관심 증가 (거래량 2.3배)']"
404650,기후변화솔루션,KOSPI,퀄리티 적정가,77,20965.0,57.6,18.32,-15.89,45.1,1.36,"['✅ 6M 수익 57.6%', '❌ 변동성 높음 (σ=18.3)', '✅ 52주 고점 대비 -15.9%', '⚡ 모멘텀 보통 (RSI 45.1)', '✅ 관심 증가 (거래량 1.4배)']"
413930,액티브,KOSPI,퀄리티 적정가,77,21805.0,72.03,22.34,-12.43,46.2,1.96,"['✅ 6M 수익 72.0%', '❌ 변동성 높음 (σ=22.3)', '✅ 52주 고점 대비 -12.4%', '⚡ 모멘텀 보통 (RSI 46.2)', '✅ 관심 증가 (거래량 2.0배)']"
423170,한국형글로벌반도체액티브,KOSPI,퀄리티 적정가,77,40840.0,78.42,23.64,-6.05,51.0,1.42,"['✅ 6M 수익 78.4%', '❌ 변동성 높음 (σ=23.6)', '✅ 52주 고점 대비 -6.1%', '⚡ 모멘텀 보통 (RSI 51.0)', '✅ 관심 증가 (거래량 1.4배)']"
442580,글로벌HBM반도체,KOSPI,퀄리티 적정가,77,63005.0,162.47,49.02,-6.66,51.3,1.3,"['✅ 6M 수익 162.5%', '❌ 변동성 높음 (σ=49.0)', '✅ 52주 고점 대비 -6.7%', '⚡ 모멘텀 보통 (RSI 51.3)', '✅ 관심 증가 (거래량 1.3배)']"
449690,한중반도체,KOSPI,퀄리티 적정가,77,36635.0,73.12,21.37,-6.11,51.7,1.98,"['✅ 6M 수익 73.1%', '❌ 변동성 높음 (σ=21.4)', '✅ 52주 고점 대비 -6.1%', '⚡ 모멘텀 보통 (RSI 51.7)', '✅ 관심 증가 (거래량 2.0배)']"
450180,한중전기차,KOSPI,퀄리티 적정가,77,13410.0,39.69,12.28,-9.12,49.2,1.4,"['✅ 6M 수익 39.7%', '❌ 변동성 높음 (σ=12.3)', '✅ 52주 고점 대비 -9.1%', '⚡ 모멘텀 보통 (RSI 49.2)', '✅ 관심 증가 (거래량 1.4배)']"
450190,한중반도체,KOSPI,퀄리티 적정가,77,37035.0,73.26,21.19,-6.54,51.9,1.43,"['✅ 6M 수익 73.3%', '❌ 변동성 높음 (σ=21.2)', '✅ 52주 고점 대비 -6.5%', '⚡ 모멘텀 보통 (RSI 51.9)', '✅ 관심 증가 (거래량 1.4배)']"
451060,액티브,KOSPI,퀄리티 적정가,77,26795.0,79.25,24.14,-12.89,45.8,1.98,"['✅ 6M 수익 79.3%', '❌ 변동성 높음 (σ=24.1)', '✅ 52주 고점 대비 -12.9%', '⚡ 모멘텀 보통 (RSI 45.8)', '✅ 관심 증가 (거래량 2.0배)']"
455850,반도체소부장,KOSPI,퀄리티 적정가,77,25935.0,91.9,22.28,-9.19,58.2,1.78,"['✅ 6M 수익 91.9%', '❌ 변동성 높음 (σ=22.3)', '✅ 52주 고점 대비 -9.2%', '⚡ 모멘텀 보통 (RSI 58.2)', '✅ 관심 증가 (거래량 1.8배)']"
457990,태양광,KOSPI,퀄리티 적정가,77,31700.0,82.55,24.54,-6.75,50.3,1.82,"['✅ 6M 수익 82.6%', '❌ 변동성 높음 (σ=24.5)', '✅ 52주 고점 대비 -6.8%', '⚡ 모멘텀 보통 (RSI 50.3)', '✅ 관심 증가 (거래량 1.8배)']"
461580,코스닥글로벌,KOSPI,퀄리티 적정가,77,18430.0,30.43,9.28,-7.83,47.0,1.29,"['✅ 6M 수익 30.4%', '⚡ 변동성 보통 (σ=9.3)', '✅ 52주 고점 대비 -7.8%', '⚡ 모멘텀 보통 (RSI 47.0)', '⚡ 관심 보통 (거래량 1.3배)']"
469150,반도체TOP3,KOSPI,퀄리티 적정가,77,46325.0,167.47,45.16,-7.7,57.6,1.75,"['✅ 6M 수익 167.5%', '❌ 변동성 높음 (σ=45.2)', '✅ 52주 고점 대비 -7.7%', '⚡ 모멘텀 보통 (RSI 57.6)', '✅ 관심 증가 (거래량 1.7배)']"
469790,테크TOP10,KOSPI,퀄리티 적정가,77,27600.0,97.2,28.66,-13.29,48.6,1.44,"['✅ 6M 수익 97.2%', '❌ 변동성 높음 (σ=28.7)', '✅ 52주 고점 대비 -13.3%', '⚡ 모멘텀 보통 (RSI 48.6)', '✅ 관심 증가 (거래량 1.4배)']"
471760,반도체핵심공정,KOSPI,퀄리티 적정가,77,19170.0,99.48,24.65,-8.82,59.7,2.01,"['✅ 6M 수익 99.5%', '❌ 변동성 높음 (σ=24.6)', '✅ 52주 고점 대비 -8.8%', '⚡ 모멘텀 보통 (RSI 59.7)', '✅ 관심 증가 (거래량 2.0배)']"
471780,코리아테크액티브,KOSPI,퀄리티 적정가,77,24425.0,94.93,26.67,-8.55,52.4,1.53,"['✅ 6M 수익 94.9%', '❌ 변동성 높음 (σ=26.7)', '✅ 52주 고점 대비 -8.6%', '⚡ 모멘텀 보통 (RSI 52.4)', '✅ 관심 증가 (거래량 1.5배)']"
471990,반도체핵심장비,KOSPI,퀄리티 적정가,77,24885.0,121.2,29.8,-6.09,59.3,1.96,"['✅ 6M 수익 121.2%', '❌ 변동성 높음 (σ=29.8)', '✅ 52주 고점 대비 -6.1%', '⚡ 모멘텀 보통 (RSI 59.3)', '✅ 관심 증가 (거래량 2.0배)']"
472150,배당커버드콜액티브,KOSPI,퀄리티 적정가,77,17490.0,63.98,18.93,-8.62,47.4,1.77,"['✅ 6M 수익 64.0%', '❌ 변동성 높음 (σ=18.9)', '✅ 52주 고점 대비 -8.6%', '⚡ 모멘텀 보통 (RSI 47.4)', '✅ 관심 증가 (거래량 1.8배)']"
474590,반도체밸류체인액티브,KOSPI,퀄리티 적정가,77,29020.0,121.27,33.64,-7.58,52.5,1.47,"['✅ 6M 수익 121.3%', '❌ 변동성 높음 (σ=33.6)', '✅ 52주 고점 대비 -7.6%', '⚡ 모멘텀 보통 (RSI 52.5)', '✅ 관심 증가 (거래량 1.5배)']"
475300,반도체전공정,KOSPI,퀄리티 적정가,77,17775.0,79.45,20.77,-10.72,51.8,1.39,"['✅ 6M 수익 79.5%', '❌ 변동성 높음 (σ=20.8)', '✅ 52주 고점 대비 -10.7%', '⚡ 모멘텀 보통 (RSI 51.8)', '✅ 관심 증가 (거래량 1.4배)']"
475310,반도체후공정,KOSPI,퀄리티 적정가,77,29595.0,126.09,31.1,-8.4,61.7,1.91,"['✅ 6M 수익 126.1%', '❌ 변동성 높음 (σ=31.1)', '✅ 52주 고점 대비 -8.4%', '⚡ 모멘텀 보통 (RSI 61.7)', '✅ 관심 증가 (거래량 1.9배)']"
482030,반도체,KOSPI,퀄리티 적정가,77,11710.0,55.78,16.64,-9.51,46.8,1.48,"['✅ 6M 수익 55.8%', '❌ 변동성 높음 (σ=16.6)', '✅ 52주 고점 대비 -9.5%', '⚡ 모멘텀 보통 (RSI 46.8)', '✅ 관심 증가 (거래량 1.5배)']"
494310,반도체레버리지,KOSPI,퀄리티 적정가,77,68495.0,367.54,107.12,-16.48,53.0,1.66,"['✅ 6M 수익 367.5%', '❌ 변동성 높음 (σ=107.1)', '✅ 52주 고점 대비 -16.5%', '⚡ 모멘텀 보통 (RSI 53.0)', '✅ 관심 증가 (거래량 1.7배)']"
495060,코리아밸류업액티브,KOSPI,퀄리티 적정가,77,22920.0,74.56,23.04,-12.12,46.7,1.97,"['✅ 6M 수익 74.6%', '❌ 변동성 높음 (σ=23.0)', '✅ 52주 고점 대비 -12.1%', '⚡ 모멘텀 보통 (RSI 46.7)', '✅ 관심 증가 (거래량 2.0배)']"
495230,코리아밸류업액티브,KOSPI,퀄리티 적정가,77,25245.0,85.76,26.13,-11.03,47.3,1.61,"['✅ 6M 수익 85.8%', '❌ 변동성 높음 (σ=26.1)', '✅ 52주 고점 대비 -11.0%', '⚡ 모멘텀 보통 (RSI 47.3)', '✅ 관심 증가 (거래량 1.6배)']"
495330,코리아밸류업,KOSPI,퀄리티 적정가,77,24710.0,84.14,25.76,-11.32,47.1,1.81,"['✅ 6M 수익 84.1%', '❌ 변동성 높음 (σ=25.8)', '✅ 52주 고점 대비 -11.3%', '⚡ 모멘텀 보통 (RSI 47.1)', '✅ 관심 증가 (거래량 1.8배)']"
495550,코리아밸류업TR,KOSPI,퀄리티 적정가,77,25450.0,85.5,26.0,-10.92,47.6,1.7,"['✅ 6M 수익 85.5%', '❌ 변동성 높음 (σ=26.0)', '✅ 52주 고점 대비 -10.9%', '⚡ 모멘텀 보통 (RSI 47.6)', '✅ 관심 증가 (거래량 1.7배)']"
495850,코리아밸류업,KOSPI,퀄리티 적정가,77,24780.0,84.46,25.86,-11.14,47.1,1.38,"['✅ 6M 수익 84.5%', '❌ 변동성 높음 (σ=25.9)', '✅ 52주 고점 대비 -11.1%', '⚡ 모멘텀 보통 (RSI 47.1)', '✅ 관심 증가 (거래량 1.4배)']"
496080,코리아밸류업,KOSPI,퀄리티 적정가,77,24860.0,84.78,26.06,-11.21,47.3,1.67,"['✅ 6M 수익 84.8%', '❌ 변동성 높음 (σ=26.1)', '✅ 52주 고점 대비 -11.2%', '⚡ 모멘텀 보통 (RSI 47.3)', '✅ 관심 증가 (거래량 1.7배)']"
496120,코리아밸류업,KOSPI,퀄리티 적정가,77,25150.0,84.32,25.74,-10.96,47.5,1.3,"['✅ 6M 수익 84.3%', '❌ 변동성 높음 (σ=25.7)', '✅ 52주 고점 대비 -11.0%', '⚡ 모멘텀 보통 (RSI 47.5)', '✅ 관심 증가 (거래량 1.3배)']"
498400,타겟위클리커버드콜,KOSPI,퀄리티 적정가,77,17270.0,64.54,19.55,-12.15,45.7,1.64,"['✅ 6M 수익 64.5%', '❌ 변동성 높음 (σ=19.5)', '✅ 52주 고점 대비 -12.1%', '⚡ 모멘텀 보통 (RSI 45.7)', '✅ 관심 증가 (거래량 1.6배)']"
000440,중앙에너비스,KOSDAQ,퀄리티 적정가,75,31200.0,117.73,9.38,-4.88,65.8,4.38,"['✅ 6M 수익 117.7%', '⚡ 변동성 보통 (σ=9.4)', '❌ 52주 고점 대비 -4.9%', '✅ 모멘텀 양호 (RSI 65.8, MACD+)', '✅ 관심 증가 (거래량 4.4배)']"
002680,한탑,KOSDAQ,퀄리티 적정가,75,782.0,-0.38,7.8,-9.6,64.6,5.61,"['❌ 6M 수익 -0.4%', '✅ 변동성 낮음 (σ=7.8)', '✅ 52주 고점 대비 -9.6%', '✅ 모멘텀 양호 (RSI 64.6, MACD+)', '✅ 관심 증가 (거래량 5.6배)']"
006620,동구바이오제약,KOSDAQ,퀄리티 적정가,75,5490.0,8.71,4.82,-9.85,47.2,1.01,"['⚡ 6M 수익 8.7%', '✅ 변동성 낮음 (σ=4.8)', '✅ 52주 고점 대비 -9.9%', '⚡ 모멘텀 보통 (RSI 47.2)', '⚡ 관심 보통 (거래량 1.0배)']"
006920,모헨즈,KOSDAQ,퀄리티 적정가,75,6820.0,111.8,9.31,0.0,70.5,4.05,"['✅ 6M 수익 111.8%', '⚡ 변동성 보통 (σ=9.3)', '❌ 52주 고점 대비 0.0%', '✅ 모멘텀 양호 (RSI 70.5, MACD+)', '✅ 관심 증가 (거래량 4.0배)']"
025880,케이씨피드,KOSDAQ,퀄리티 적정가,75,2970.0,2.95,3.12,-5.26,62.6,4.89,"['❌ 6M 수익 2.9%', '✅ 변동성 낮음 (σ=3.1)', '✅ 52주 고점 대비 -5.3%', '✅ 모멘텀 양호 (RSI 62.6, MACD+)', '✅ 관심 증가 (거래량 4.9배)']"
027040,서울전자통신,KOSDAQ,퀄리티 적정가,75,370.0,74.53,9.8,0.0,93.8,2.29,"['✅ 6M 수익 74.5%', '⚡ 변동성 보통 (σ=9.8)', '❌ 52주 고점 대비 0.0%', '✅ 모멘텀 양호 (RSI 93.8, MACD+)', '✅ 관심 증가 (거래량 2.3배)']"
033160,엠케이전자,KOSDAQ,퀄리티 적정가,75,16010.0,85.52,10.91,0.0,74.1,2.61,"['✅ 6M 수익 85.5%', '⚡ 변동성 보통 (σ=10.9)', '❌ 52주 고점 대비 0.0%', '✅ 모멘텀 양호 (RSI 74.1, MACD+)', '✅ 관심 증가 (거래량 2.6배)']"
036810,에프에스티,KOSDAQ,퀄리티 적정가,75,42300.0,50.2,17.89,-14.63,51.3,1.11,"['✅ 6M 수익 50.2%', '❌ 변동성 높음 (σ=17.9)', '✅ 52주 고점 대비 -14.6%', '✅ 모멘텀 양호 (RSI 51.3, MACD+)', '⚡ 관심 보통 (거래량 1.1배)']"
038950,파인디지털,KOSDAQ,퀄리티 적정가,75,3200.0,-5.6,3.81,-15.23,65.8,1.62,"['❌ 6M 수익 -5.6%', '✅ 변동성 낮음 (σ=3.8)', '✅ 52주 고점 대비 -15.2%', '✅ 모멘텀 양호 (RSI 65.8, MACD+)', '✅ 관심 증가 (거래량 1.6배)']"
039560,다산네트웍스,KOSDAQ,퀄리티 적정가,75,4480.0,34.33,10.47,-0.99,55.2,2.14,"['✅ 6M 수익 34.3%', '⚡ 변동성 보통 (σ=10.5)', '❌ 52주 고점 대비 -1.0%', '✅ 모멘텀 양호 (RSI 55.2, MACD+)', '✅ 관심 증가 (거래량 2.1배)']"
047080,한빛소프트,KOSDAQ,퀄리티 적정가,75,1223.0,-6.43,3.19,-16.23,51.9,1.54,"['❌ 6M 수익 -6.4%', '✅ 변동성 낮음 (σ=3.2)', '✅ 52주 고점 대비 -16.2%', '✅ 모멘텀 양호 (RSI 51.9, MACD+)', '✅ 관심 증가 (거래량 1.5배)']"
054410,케이피티유,KOSDAQ,퀄리티 적정가,75,3550.0,-0.42,1.49,-7.55,52.8,1.55,"['❌ 6M 수익 -0.4%', '✅ 변동성 낮음 (σ=1.5)', '✅ 52주 고점 대비 -7.6%', '✅ 모멘텀 양호 (RSI 52.8, MACD+)', '✅ 관심 증가 (거래량 1.5배)']"
069540,빛과전자,KOSDAQ,퀄리티 적정가,75,1678.0,85.01,44.36,-8.36,69.3,1.22,"['✅ 6M 수익 85.0%', '❌ 변동성 높음 (σ=44.4)', '✅ 52주 고점 대비 -8.4%', '✅ 모멘텀 양호 (RSI 69.3, MACD+)', '⚡ 관심 보통 (거래량 1.2배)']"
072950,빛샘전자,KOSDAQ,퀄리티 적정가,75,7670.0,44.72,8.51,-0.52,58.5,2.36,"['✅ 6M 수익 44.7%', '⚡ 변동성 보통 (σ=8.5)', '❌ 52주 고점 대비 -0.5%', '✅ 모멘텀 양호 (RSI 58.5, MACD+)', '✅ 관심 증가 (거래량 2.4배)']"
084110,휴온스글로벌,KOSDAQ,퀄리티 적정가,75,74400.0,62.8,11.22,-1.2,71.2,1.54,"['✅ 6M 수익 62.8%', '⚡ 변동성 보통 (σ=11.2)', '❌ 52주 고점 대비 -1.2%', '✅ 모멘텀 양호 (RSI 71.2, MACD+)', '✅ 관심 증가 (거래량 1.5배)']"
086670,비엠티,KOSDAQ,퀄리티 적정가,75,13230.0,7.13,4.88,-6.44,47.8,1.06,"['⚡ 6M 수익 7.1%', '✅ 변동성 낮음 (σ=4.9)', '✅ 52주 고점 대비 -6.4%', '⚡ 모멘텀 보통 (RSI 47.8)', '⚡ 관심 보통 (거래량 1.1배)']"
089890,코세스,KOSDAQ,퀄리티 적정가,75,27800.0,124.37,44.05,-12.3,60.4,1.09,"['✅ 6M 수익 124.4%', '❌ 변동성 높음 (σ=44.1)', '✅ 52주 고점 대비 -12.3%', '✅ 모멘텀 양호 (RSI 60.4, MACD+)', '⚡ 관심 보통 (거래량 1.1배)']"
093640,케이알엠,KOSDAQ,퀄리티 적정가,75,5770.0,32.64,10.35,0.0,74.3,3.84,"['✅ 6M 수익 32.6%', '⚡ 변동성 보통 (σ=10.3)', '❌ 52주 고점 대비 0.0%', '✅ 모멘텀 양호 (RSI 74.3, MACD+)', '✅ 관심 증가 (거래량 3.8배)']"
095660,네오위즈,KOSDAQ,퀄리티 적정가,75,27650.0,2.03,4.92,-10.66,54.7,1.55,"['❌ 6M 수익 2.0%', '✅ 변동성 낮음 (σ=4.9)', '✅ 52주 고점 대비 -10.7%', '✅ 모멘텀 양호 (RSI 54.7, MACD+)', '✅ 관심 증가 (거래량 1.5배)']"
097870,효성오앤비,KOSDAQ,퀄리티 적정가,75,6560.0,1.23,3.56,-15.68,54.6,5.07,"['❌ 6M 수익 1.2%', '✅ 변동성 낮음 (σ=3.6)', '✅ 52주 고점 대비 -15.7%', '✅ 모멘텀 양호 (RSI 54.6, MACD+)', '✅ 관심 증가 (거래량 5.1배)']"
110790,크리스에프앤씨,KOSDAQ,퀄리티 적정가,75,4305.0,-6.0,4.14,-16.41,59.3,1.36,"['❌ 6M 수익 -6.0%', '✅ 변동성 낮음 (σ=4.1)', '✅ 52주 고점 대비 -16.4%', '✅ 모멘텀 양호 (RSI 59.3, MACD+)', '✅ 관심 증가 (거래량 1.4배)']"
126340,비나텍,KOSDAQ,퀄리티 적정가,75,138500.0,170.99,72.02,-8.46,59.8,1.06,"['✅ 6M 수익 171.0%', '❌ 변동성 높음 (σ=72.0)', '✅ 52주 고점 대비 -8.5%', '✅ 모멘텀 양호 (RSI 59.8, MACD+)', '⚡ 관심 보통 (거래량 1.1배)']"
218150,미래생명자원,KOSDAQ,퀄리티 적정가,75,3345.0,-4.84,5.86,-19.78,56.7,5.48,"['❌ 6M 수익 -4.8%', '✅ 변동성 낮음 (σ=5.9)', '✅ 52주 고점 대비 -19.8%', '✅ 모멘텀 양호 (RSI 56.7, MACD+)', '✅ 관심 증가 (거래량 5.5배)']"
219130,타이거일렉,KOSDAQ,퀄리티 적정가,75,33650.0,67.83,29.47,-14.16,51.0,1.11,"['✅ 6M 수익 67.8%', '❌ 변동성 높음 (σ=29.5)', '✅ 52주 고점 대비 -14.2%', '✅ 모멘텀 양호 (RSI 51.0, MACD+)', '⚡ 관심 보통 (거래량 1.1배)']"
228850,레이언스,KOSDAQ,퀄리티 적정가,75,6050.0,2.02,7.79,-12.7,66.0,1.39,"['❌ 6M 수익 2.0%', '✅ 변동성 낮음 (σ=7.8)', '✅ 52주 고점 대비 -12.7%', '✅ 모멘텀 양호 (RSI 66.0, MACD+)', '✅ 관심 증가 (거래량 1.4배)']"
238090,앤디포스,KOSDAQ,퀄리티 적정가,75,3125.0,64.56,9.54,0.0,81.6,3.46,"['✅ 6M 수익 64.6%', '⚡ 변동성 보통 (σ=9.5)', '❌ 52주 고점 대비 0.0%', '✅ 모멘텀 양호 (RSI 81.6, MACD+)', '✅ 관심 증가 (거래량 3.5배)']"
297090,씨에스베어링,KOSDAQ,퀄리티 적정가,75,7400.0,0.68,7.25,-14.84,56.9,1.5,"['❌ 6M 수익 0.7%', '✅ 변동성 낮음 (σ=7.3)', '✅ 52주 고점 대비 -14.8%', '✅ 모멘텀 양호 (RSI 56.9, MACD+)', '✅ 관심 증가 (거래량 1.5배)']"
307750,국전약품,KOSDAQ,퀄리티 적정가,75,4655.0,17.4,9.63,-3.62,68.7,4.9,"['✅ 6M 수익 17.4%', '⚡ 변동성 보통 (σ=9.6)', '❌ 52주 고점 대비 -3.6%', '✅ 모멘텀 양호 (RSI 68.7, MACD+)', '✅ 관심 증가 (거래량 4.9배)']"
322310,오로스테크놀로지,KOSDAQ,퀄리티 적정가,75,32000.0,31.96,8.13,-3.03,63.0,2.29,"['✅ 6M 수익 32.0%', '⚡ 변동성 보통 (σ=8.1)', '❌ 52주 고점 대비 -3.0%', '✅ 모멘텀 양호 (RSI 63.0, MACD+)', '✅ 관심 증가 (거래량 2.3배)']"
331380,포커스에이아이,KOSDAQ,퀄리티 적정가,75,3095.0,53.98,20.74,-13.43,56.7,1.07,"['✅ 6M 수익 54.0%', '❌ 변동성 높음 (σ=20.7)', '✅ 52주 고점 대비 -13.4%', '✅ 모멘텀 양호 (RSI 56.7, MACD+)', '⚡ 관심 보통 (거래량 1.1배)']"
360350,코셈,KOSDAQ,퀄리티 적정가,75,13200.0,77.18,9.85,-3.08,86.5,4.28,"['✅ 6M 수익 77.2%', '⚡ 변동성 보통 (σ=9.9)', '❌ 52주 고점 대비 -3.1%', '✅ 모멘텀 양호 (RSI 86.5, MACD+)', '✅ 관심 증가 (거래량 4.3배)']"
382900,범한퓨얼셀,KOSDAQ,퀄리티 적정가,75,31700.0,-4.52,5.71,-15.47,51.3,1.53,"['❌ 6M 수익 -4.5%', '✅ 변동성 낮음 (σ=5.7)', '✅ 52주 고점 대비 -15.5%', '✅ 모멘텀 양호 (RSI 51.3, MACD+)', '✅ 관심 증가 (거래량 1.5배)']"
389470,인벤티지랩,KOSDAQ,퀄리티 적정가,75,90800.0,111.16,53.78,-8.74,62.0,1.16,"['✅ 6M 수익 111.2%', '❌ 변동성 높음 (σ=53.8)', '✅ 52주 고점 대비 -8.7%', '✅ 모멘텀 양호 (RSI 62.0, MACD+)', '⚡ 관심 보통 (거래량 1.2배)']"
425420,티에프이,KOSDAQ,퀄리티 적정가,75,58800.0,34.55,10.89,-1.18,65.2,1.83,"['✅ 6M 수익 34.6%', '⚡ 변동성 보통 (σ=10.9)', '❌ 52주 고점 대비 -1.2%', '✅ 모멘텀 양호 (RSI 65.2, MACD+)', '✅ 관심 증가 (거래량 1.8배)']"
456160,지투지바이오,KOSDAQ,퀄리티 적정가,75,100200.0,75.39,28.45,-15.66,51.4,1.14,"['✅ 6M 수익 75.4%', '❌ 변동성 높음 (σ=28.5)', '✅ 52주 고점 대비 -15.7%', '✅ 모멘텀 양호 (RSI 51.4, MACD+)', '⚡ 관심 보통 (거래량 1.1배)']"
002140,고려산업,KOSPI,퀄리티 적정가,75,2765.0,2.41,3.4,-11.24,57.1,5.26,"['❌ 6M 수익 2.4%', '✅ 변동성 낮음 (σ=3.4)', '✅ 52주 고점 대비 -11.2%', '✅ 모멘텀 양호 (RSI 57.1, MACD+)', '✅ 관심 증가 (거래량 5.3배)']"
003000,부광약품,KOSPI,퀄리티 적정가,75,5940.0,67.09,9.89,-2.46,55.8,1.34,"['✅ 6M 수익 67.1%', '⚡ 변동성 보통 (σ=9.9)', '❌ 52주 고점 대비 -2.5%', '✅ 모멘텀 양호 (RSI 55.8, MACD+)', '✅ 관심 증가 (거래량 1.3배)']"
003300,한일홀딩스,KOSPI,퀄리티 적정가,75,17900.0,-0.5,4.5,-7.73,56.6,1.33,"['❌ 6M 수익 -0.5%', '✅ 변동성 낮음 (σ=4.5)', '✅ 52주 고점 대비 -7.7%', '✅ 모멘텀 양호 (RSI 56.6, MACD+)', '✅ 관심 증가 (거래량 1.3배)']"
004100,태양금속,KOSPI,퀄리티 적정가,75,3070.0,36.44,9.68,-36.5,50.2,1.31,"['✅ 6M 수익 36.4%', '⚡ 변동성 보통 (σ=9.7)', '❌ 52주 고점 대비 -36.5%', '✅ 모멘텀 양호 (RSI 50.2, MACD+)', '✅ 관심 증가 (거래량 1.3배)']"
005820,원림,KOSPI,퀄리티 적정가,75,15510.0,8.46,2.84,-8.22,45.6,1.22,"['⚡ 6M 수익 8.5%', '✅ 변동성 낮음 (σ=2.8)', '✅ 52주 고점 대비 -8.2%', '⚡ 모멘텀 보통 (RSI 45.6)', '⚡ 관심 보통 (거래량 1.2배)']"
006110,삼아알미늄,KOSPI,퀄리티 적정가,75,36450.0,58.48,10.44,0.0,59.1,2.06,"['✅ 6M 수익 58.5%', '⚡ 변동성 보통 (σ=10.4)', '❌ 52주 고점 대비 0.0%', '✅ 모멘텀 양호 (RSI 59.1, MACD+)', '✅ 관심 증가 (거래량 2.1배)']"
006880,신송홀딩스,KOSPI,퀄리티 적정가,75,7150.0,0.56,2.51,-15.18,51.8,4.18,"['❌ 6M 수익 0.6%', '✅ 변동성 낮음 (σ=2.5)', '✅ 52주 고점 대비 -15.2%', '✅ 모멘텀 양호 (RSI 51.8, MACD+)', '✅ 관심 증가 (거래량 4.2배)']"
007340,오토모티브,KOSPI,퀄리티 적정가,75,35850.0,37.62,11.0,0.0,60.4,1.76,"['✅ 6M 수익 37.6%', '⚡ 변동성 보통 (σ=11.0)', '❌ 52주 고점 대비 0.0%', '✅ 모멘텀 양호 (RSI 60.4, MACD+)', '✅ 관심 증가 (거래량 1.8배)']"
007540,샘표,KOSPI,퀄리티 적정가,75,56500.0,13.34,3.27,-13.08,47.4,1.26,"['⚡ 6M 수익 13.3%', '✅ 변동성 낮음 (σ=3.3)', '✅ 52주 고점 대비 -13.1%', '⚡ 모멘텀 보통 (RSI 47.4)', '⚡ 관심 보통 (거래량 1.3배)']"
008040,사조동아원,KOSPI,퀄리티 적정가,75,1148.0,-16.75,7.66,-17.82,52.0,2.93,"['❌ 6M 수익 -16.8%', '✅ 변동성 낮음 (σ=7.7)', '✅ 52주 고점 대비 -17.8%', '✅ 모멘텀 양호 (RSI 52.0, MACD+)', '✅ 관심 증가 (거래량 2.9배)']"
008350,남선알미늄,KOSPI,퀄리티 적정가,75,1715.0,47.46,10.81,0.0,73.1,3.24,"['✅ 6M 수익 47.5%', '⚡ 변동성 보통 (σ=10.8)', '❌ 52주 고점 대비 0.0%', '✅ 모멘텀 양호 (RSI 73.1, MACD+)', '✅ 관심 증가 (거래량 3.2배)']"
010780,아이에스동서,KOSPI,퀄리티 적정가,75,31750.0,55.64,23.77,-5.08,51.7,1.22,"['✅ 6M 수익 55.6%', '❌ 변동성 높음 (σ=23.8)', '✅ 52주 고점 대비 -5.1%', '✅ 모멘텀 양호 (RSI 51.7, MACD+)', '⚡ 관심 보통 (거래량 1.2배)']"
012280,영화금속,KOSPI,퀄리티 적정가,75,1030.0,12.32,3.41,-9.33,45.6,1.26,"['⚡ 6M 수익 12.3%', '✅ 변동성 낮음 (σ=3.4)', '✅ 52주 고점 대비 -9.3%', '⚡ 모멘텀 보통 (RSI 45.6)', '⚡ 관심 보통 (거래량 1.3배)']"
039570,랩스,KOSPI,퀄리티 적정가,75,8630.0,-1.26,2.81,-13.27,52.1,1.61,"['❌ 6M 수익 -1.3%', '✅ 변동성 낮음 (σ=2.8)', '✅ 52주 고점 대비 -13.3%', '✅ 모멘텀 양호 (RSI 52.1, MACD+)', '✅ 관심 증가 (거래량 1.6배)']"
072130,유엔젤,KOSPI,퀄리티 적정가,75,5030.0,-7.71,6.71,-18.48,61.0,2.33,"['❌ 6M 수익 -7.7%', '✅ 변동성 낮음 (σ=6.7)', '✅ 52주 고점 대비 -18.5%', '✅ 모멘텀 양호 (RSI 61.0, MACD+)', '✅ 관심 증가 (거래량 2.3배)']"
104520,블루칩,KOSPI,퀄리티 적정가,75,14000.0,30.87,10.9,-13.26,39.4,1.57,"['✅ 6M 수익 30.9%', '⚡ 변동성 보통 (σ=10.9)', '✅ 52주 고점 대비 -13.3%', '❌ 모멘텀 약함 (RSI 39.4)', '✅ 관심 증가 (거래량 1.6배)']"
104530,고배당,KOSPI,퀄리티 적정가,75,19385.0,28.52,10.39,-12.68,34.0,1.36,"['✅ 6M 수익 28.5%', '⚡ 변동성 보통 (σ=10.4)', '✅ 52주 고점 대비 -12.7%', '❌ 모멘텀 약함 (RSI 34.0)', '✅ 관심 증가 (거래량 1.4배)']"
117460,에너지화학,KOSPI,퀄리티 적정가,75,14835.0,26.58,9.4,-15.45,40.4,1.94,"['✅ 6M 수익 26.6%', '⚡ 변동성 보통 (σ=9.4)', '✅ 52주 고점 대비 -15.4%', '❌ 모멘텀 약함 (RSI 40.4)', '✅ 관심 증가 (거래량 1.9배)']"
139250,에너지화학,KOSPI,퀄리티 적정가,75,16140.0,31.78,11.35,-15.85,39.6,2.52,"['✅ 6M 수익 31.8%', '⚡ 변동성 보통 (σ=11.4)', '✅ 52주 고점 대비 -15.8%', '❌ 모멘텀 약함 (RSI 39.6)', '✅ 관심 증가 (거래량 2.5배)']"
161510,고배당주,KOSPI,퀄리티 적정가,75,25540.0,30.06,12.0,-13.52,32.7,1.4,"['✅ 6M 수익 30.1%', '⚡ 변동성 보통 (σ=12.0)', '✅ 52주 고점 대비 -13.5%', '❌ 모멘텀 약함 (RSI 32.7)', '✅ 관심 증가 (거래량 1.4배)']"
174350,로우볼,KOSPI,퀄리티 적정가,75,19970.0,18.0,8.67,-12.91,30.6,2.45,"['✅ 6M 수익 18.0%', '⚡ 변동성 보통 (σ=8.7)', '✅ 52주 고점 대비 -12.9%', '❌ 모멘텀 약함 (RSI 30.6)', '✅ 관심 증가 (거래량 2.4배)']"
192720,파워,KOSPI,퀄리티 적정가,75,54935.0,26.17,11.47,-12.88,35.3,1.84,"['✅ 6M 수익 26.2%', '⚡ 변동성 보통 (σ=11.5)', '✅ 52주 고점 대비 -12.9%', '❌ 모멘텀 약함 (RSI 35.3)', '✅ 관심 증가 (거래량 1.8배)']"
218420,미국S,KOSPI,퀄리티 적정가,75,20035.0,40.65,11.0,0.0,67.2,3.16,"['✅ 6M 수익 40.6%', '⚡ 변동성 보통 (σ=11.0)', '❌ 52주 고점 대비 0.0%', '✅ 모멘텀 양호 (RSI 67.2, MACD+)', '✅ 관심 증가 (거래량 3.2배)']"
219900,중국본토CSI300레버리지,KOSPI,퀄리티 적정가,75,5010.0,25.6,9.05,-0.3,70.9,1.74,"['✅ 6M 수익 25.6%', '⚡ 변동성 보통 (σ=9.0)', '❌ 52주 고점 대비 -0.3%', '✅ 모멘텀 양호 (RSI 70.9, MACD+)', '✅ 관심 증가 (거래량 1.7배)']"
226980,중소형,KOSPI,퀄리티 적정가,75,23280.0,22.91,9.44,-10.19,38.7,1.72,"['✅ 6M 수익 22.9%', '⚡ 변동성 보통 (σ=9.4)', '✅ 52주 고점 대비 -10.2%', '❌ 모멘텀 약함 (RSI 38.7)', '✅ 관심 증가 (거래량 1.7배)']"
241180,일본니케이225,KOSPI,퀄리티 적정가,75,30110.0,19.72,8.91,-8.52,40.6,1.4,"['✅ 6M 수익 19.7%', '⚡ 변동성 보통 (σ=8.9)', '✅ 52주 고점 대비 -8.5%', '❌ 모멘텀 약함 (RSI 40.6)', '✅ 관심 증가 (거래량 1.4배)']"
244670,밸류Plus,KOSPI,퀄리티 적정가,75,11745.0,18.84,9.32,-11.22,33.2,1.41,"['✅ 6M 수익 18.8%', '⚡ 변동성 보통 (σ=9.3)', '✅ 52주 고점 대비 -11.2%', '❌ 모멘텀 약함 (RSI 33.2)', '✅ 관심 증가 (거래량 1.4배)']"
252000,동일가중,KOSPI,퀄리티 적정가,75,19120.0,26.77,9.9,-10.68,39.8,1.5,"['✅ 6M 수익 26.8%', '⚡ 변동성 보통 (σ=9.9)', '✅ 52주 고점 대비 -10.7%', '❌ 모멘텀 약함 (RSI 39.8)', '✅ 관심 증가 (거래량 1.5배)']"
253280,헬스케어,KOSPI,퀄리티 적정가,75,17775.0,15.38,8.57,-9.59,41.0,1.99,"['✅ 6M 수익 15.4%', '⚡ 변동성 보통 (σ=8.6)', '✅ 52주 고점 대비 -9.6%', '❌ 모멘텀 약함 (RSI 41.0)', '✅ 관심 증가 (거래량 2.0배)']"
285690,리더스,KOSPI,퀄리티 적정가,75,18765.0,30.63,11.35,-12.64,37.9,1.85,"['✅ 6M 수익 30.6%', '⚡ 변동성 보통 (σ=11.3)', '✅ 52주 고점 대비 -12.6%', '❌ 모멘텀 약함 (RSI 37.9)', '✅ 관심 증가 (거래량 1.8배)']"
322410,고배당,KOSPI,퀄리티 적정가,75,22060.0,28.91,11.43,-12.14,33.1,1.57,"['✅ 6M 수익 28.9%', '⚡ 변동성 보통 (σ=11.4)', '✅ 52주 고점 대비 -12.1%', '❌ 모멘텀 약함 (RSI 33.1)', '✅ 관심 증가 (거래량 1.6배)']"
329180,현대중공업,KOSPI,퀄리티 적정가,75,583000.0,14.31,7.46,-10.03,45.0,1.11,"['⚡ 6M 수익 14.3%', '✅ 변동성 낮음 (σ=7.5)', '✅ 52주 고점 대비 -10.0%', '⚡ 모멘텀 보통 (RSI 45.0)', '⚡ 관심 보통 (거래량 1.1배)']"
371450,글로벌클라우드컴퓨팅INDXX,KOSPI,퀄리티 적정가,75,10550.0,-8.93,5.64,-17.33,72.8,1.37,"['❌ 6M 수익 -8.9%', '✅ 변동성 낮음 (σ=5.6)', '✅ 52주 고점 대비 -17.3%', '✅ 모멘텀 양호 (RSI 72.8, MACD+)', '✅ 관심 증가 (거래량 1.4배)']"
396510,차이나클린에너지SOLACTIVE,KOSPI,퀄리티 적정가,75,9650.0,41.72,10.95,-2.53,78.2,1.38,"['✅ 6M 수익 41.7%', '⚡ 변동성 보통 (σ=10.9)', '❌ 52주 고점 대비 -2.5%', '✅ 모멘텀 양호 (RSI 78.2, MACD+)', '✅ 관심 증가 (거래량 1.4배)']"
407830,에셋플러스,KOSPI,퀄리티 적정가,75,15060.0,-6.14,3.51,-15.7,60.1,2.22,"['❌ 6M 수익 -6.1%', '✅ 변동성 낮음 (σ=3.5)', '✅ 52주 고점 대비 -15.7%', '✅ 모멘텀 양호 (RSI 60.1, MACD+)', '✅ 관심 증가 (거래량 2.2배)']"
418660,미국나스닥100레버리지,KOSPI,퀄리티 적정가,75,33840.0,17.23,8.84,-7.83,63.7,0.86,"['✅ 6M 수익 17.2%', '⚡ 변동성 보통 (σ=8.8)', '✅ 52주 고점 대비 -7.8%', '✅ 모멘텀 양호 (RSI 63.7, MACD+)']"
437370,글로벌농업경제,KOSPI,퀄리티 적정가,75,11725.0,25.98,8.14,-1.43,60.2,3.32,"['✅ 6M 수익 26.0%', '⚡ 변동성 보통 (σ=8.1)', '❌ 52주 고점 대비 -1.4%', '✅ 모멘텀 양호 (RSI 60.2, MACD+)', '✅ 관심 증가 (거래량 3.3배)']"
445910,배당귀족,KOSPI,퀄리티 적정가,75,20030.0,24.35,10.6,-12.51,34.9,2.05,"['✅ 6M 수익 24.3%', '⚡ 변동성 보통 (σ=10.6)', '✅ 52주 고점 대비 -12.5%', '❌ 모멘텀 약함 (RSI 34.9)', '✅ 관심 증가 (거래량 2.0배)']"
456680,차이나전기차레버리지,KOSPI,퀄리티 적정가,75,11265.0,36.31,10.01,-1.4,76.7,2.1,"['✅ 6M 수익 36.3%', '⚡ 변동성 보통 (σ=10.0)', '❌ 52주 고점 대비 -1.4%', '✅ 모멘텀 양호 (RSI 76.7, MACD+)', '✅ 관심 증가 (거래량 2.1배)']"
457480,테슬라밸류체인액티브,KOSPI,퀄리티 적정가,75,21095.0,23.64,9.91,-9.8,50.5,0.7,"['✅ 6M 수익 23.6%', '⚡ 변동성 보통 (σ=9.9)', '✅ 52주 고점 대비 -9.8%', '✅ 모멘텀 양호 (RSI 50.5, MACD+)']"
474800,미국원유에너지기업,KOSPI,퀄리티 적정가,75,15855.0,42.88,11.02,0.0,65.9,4.15,"['✅ 6M 수익 42.9%', '⚡ 변동성 보통 (σ=11.0)', '❌ 52주 고점 대비 0.0%', '✅ 모멘텀 양호 (RSI 65.9, MACD+)', '✅ 관심 증가 (거래량 4.2배)']"
476000,포스트IPO액티브,KOSPI,퀄리티 적정가,75,13275.0,33.15,9.45,-2.46,56.5,3.35,"['✅ 6M 수익 33.1%', '⚡ 변동성 보통 (σ=9.4)', '❌ 52주 고점 대비 -2.5%', '✅ 모멘텀 양호 (RSI 56.5, MACD+)', '✅ 관심 증가 (거래량 3.3배)']"
491510,파워,KOSPI,퀄리티 적정가,75,17045.0,28.69,11.61,-10.92,34.8,1.93,"['✅ 6M 수익 28.7%', '⚡ 변동성 보통 (σ=11.6)', '✅ 52주 고점 대비 -10.9%', '❌ 모멘텀 약함 (RSI 34.8)', '✅ 관심 증가 (거래량 1.9배)']"
494340,글로벌AI맞춤형반도체,KOSPI,퀄리티 적정가,75,12980.0,-1.39,3.54,-7.0,53.6,1.69,"['❌ 6M 수익 -1.4%', '✅ 변동성 낮음 (σ=3.5)', '✅ 52주 고점 대비 -7.0%', '✅ 모멘텀 양호 (RSI 53.6, MACD+)', '✅ 관심 증가 (거래량 1.7배)']"
003100,선광,KOSDAQ,퀄리티 적정가,73,21300.0,8.29,6.51,-10.69,34.0,1.44,"['⚡ 6M 수익 8.3%', '✅ 변동성 낮음 (σ=6.5)', '✅ 52주 고점 대비 -10.7%', '❌ 모멘텀 약함 (RSI 34.0)', '✅ 관심 증가 (거래량 1.4배)']"
027710,팜스토리,KOSDAQ,퀄리티 적정가,73,1324.0,10.33,3.32,-5.7,41.4,4.24,"['⚡ 6M 수익 10.3%', '✅ 변동성 낮음 (σ=3.3)', '✅ 52주 고점 대비 -5.7%', '❌ 모멘텀 약함 (RSI 41.4)', '✅ 관심 증가 (거래량 4.2배)']"
037760,쎄니트,KOSDAQ,퀄리티 적정가,73,1907.0,8.85,3.93,-0.57,67.1,1.54,"['⚡ 6M 수익 8.8%', '✅ 변동성 낮음 (σ=3.9)', '❌ 52주 고점 대비 -0.6%', '✅ 모멘텀 양호 (RSI 67.1, MACD+)', '✅ 관심 증가 (거래량 1.5배)']"
039310,세중,KOSDAQ,퀄리티 적정가,73,1639.0,6.91,6.57,0.0,67.6,3.55,"['⚡ 6M 수익 6.9%', '✅ 변동성 낮음 (σ=6.6)', '❌ 52주 고점 대비 0.0%', '✅ 모멘텀 양호 (RSI 67.6, MACD+)', '✅ 관심 증가 (거래량 3.5배)']"
052330,코텍,KOSDAQ,퀄리티 적정가,73,10000.0,12.61,5.7,-5.48,40.9,2.36,"['⚡ 6M 수익 12.6%', '✅ 변동성 낮음 (σ=5.7)', '✅ 52주 고점 대비 -5.5%', '❌ 모멘텀 약함 (RSI 40.9)', '✅ 관심 증가 (거래량 2.4배)']"
067920,이글루,KOSDAQ,퀄리티 적정가,73,6050.0,7.27,3.78,0.0,77.2,1.74,"['⚡ 6M 수익 7.3%', '✅ 변동성 낮음 (σ=3.8)', '❌ 52주 고점 대비 0.0%', '✅ 모멘텀 양호 (RSI 77.2, MACD+)', '✅ 관심 증가 (거래량 1.7배)']"
072870,메가스터디,KOSDAQ,퀄리티 적정가,73,12820.0,13.15,2.8,0.0,65.7,2.32,"['⚡ 6M 수익 13.2%', '✅ 변동성 낮음 (σ=2.8)', '❌ 52주 고점 대비 0.0%', '✅ 모멘텀 양호 (RSI 65.7, MACD+)', '✅ 관심 증가 (거래량 2.3배)']"
088910,동우팜투테이블,KOSDAQ,퀄리티 적정가,73,2435.0,13.79,2.93,-3.56,53.4,2.11,"['⚡ 6M 수익 13.8%', '✅ 변동성 낮음 (σ=2.9)', '❌ 52주 고점 대비 -3.6%', '✅ 모멘텀 양호 (RSI 53.4, MACD+)', '✅ 관심 증가 (거래량 2.1배)']"
091970,나노캠텍,KOSDAQ,퀄리티 적정가,73,664.0,8.67,5.3,-34.0,56.9,1.34,"['⚡ 6M 수익 8.7%', '✅ 변동성 낮음 (σ=5.3)', '❌ 52주 고점 대비 -34.0%', '✅ 모멘텀 양호 (RSI 56.9, MACD+)', '✅ 관심 증가 (거래량 1.3배)']"
115440,우리넷,KOSDAQ,퀄리티 적정가,73,7550.0,11.52,3.82,-5.98,53.7,0.98,"['⚡ 6M 수익 11.5%', '✅ 변동성 낮음 (σ=3.8)', '✅ 52주 고점 대비 -6.0%', '✅ 모멘텀 양호 (RSI 53.7, MACD+)']"
001260,남광토건,KOSPI,퀄리티 적정가,73,9030.0,8.93,6.55,-18.43,50.5,0.86,"['⚡ 6M 수익 8.9%', '✅ 변동성 낮음 (σ=6.6)', '✅ 52주 고점 대비 -18.4%', '✅ 모멘텀 양호 (RSI 50.5, MACD+)']"
001390,케미칼,KOSPI,퀄리티 적정가,73,5150.0,7.29,7.94,-15.57,37.6,2.74,"['⚡ 6M 수익 7.3%', '✅ 변동성 낮음 (σ=7.9)', '✅ 52주 고점 대비 -15.6%', '❌ 모멘텀 약함 (RSI 37.6)', '✅ 관심 증가 (거래량 2.7배)']"
001560,제일연마,KOSPI,퀄리티 적정가,73,11850.0,11.37,4.49,0.0,57.5,2.67,"['⚡ 6M 수익 11.4%', '✅ 변동성 낮음 (σ=4.5)', '❌ 52주 고점 대비 0.0%', '✅ 모멘텀 양호 (RSI 57.5, MACD+)', '✅ 관심 증가 (거래량 2.7배)']"
002720,국제약품,KOSPI,퀄리티 적정가,73,4965.0,7.24,4.63,-1.88,57.9,1.85,"['⚡ 6M 수익 7.2%', '✅ 변동성 낮음 (σ=4.6)', '❌ 52주 고점 대비 -1.9%', '✅ 모멘텀 양호 (RSI 57.9, MACD+)', '✅ 관심 증가 (거래량 1.9배)']"
004000,롯데정밀화학,KOSPI,퀄리티 적정가,73,51100.0,11.69,2.63,-3.22,52.1,2.15,"['⚡ 6M 수익 11.7%', '✅ 변동성 낮음 (σ=2.6)', '❌ 52주 고점 대비 -3.2%', '✅ 모멘텀 양호 (RSI 52.1, MACD+)', '✅ 관심 증가 (거래량 2.1배)']"
017900,광전자,KOSPI,퀄리티 적정가,73,2050.0,8.58,3.01,-1.44,52.5,1.41,"['⚡ 6M 수익 8.6%', '✅ 변동성 낮음 (σ=3.0)', '❌ 52주 고점 대비 -1.4%', '✅ 모멘텀 양호 (RSI 52.5, MACD+)', '✅ 관심 증가 (거래량 1.4배)']"
137610,농산물선물Enhanced,KOSPI,퀄리티 적정가,73,5455.0,6.23,2.43,-3.11,71.0,2.75,"['⚡ 6M 수익 6.2%', '✅ 변동성 낮음 (σ=2.4)', '❌ 52주 고점 대비 -3.1%', '✅ 모멘텀 양호 (RSI 71.0, MACD+)', '✅ 관심 증가 (거래량 2.7배)']"
227560,생활소비재,KOSPI,퀄리티 적정가,73,12685.0,7.18,6.74,-14.38,30.6,1.35,"['⚡ 6M 수익 7.2%', '✅ 변동성 낮음 (σ=6.7)', '✅ 52주 고점 대비 -14.4%', '❌ 모멘텀 약함 (RSI 30.6)', '✅ 관심 증가 (거래량 1.3배)']"
245350,유로스탁스배당30,KOSPI,퀄리티 적정가,73,18350.0,11.43,6.28,-6.16,37.1,1.4,"['⚡ 6M 수익 11.4%', '✅ 변동성 낮음 (σ=6.3)', '✅ 52주 고점 대비 -6.2%', '❌ 모멘텀 약함 (RSI 37.1)', '✅ 관심 증가 (거래량 1.4배)']"
261240,미국달러선물,KOSPI,퀄리티 적정가,73,15255.0,9.7,2.73,0.0,67.9,1.66,"['⚡ 6M 수익 9.7%', '✅ 변동성 낮음 (σ=2.7)', '❌ 52주 고점 대비 0.0%', '✅ 모멘텀 양호 (RSI 67.9, MACD+)', '✅ 관심 증가 (거래량 1.7배)']"
267290,경동도시가스,KOSPI,퀄리티 적정가,73,22100.0,7.8,4.02,-7.72,31.0,1.93,"['⚡ 6M 수익 7.8%', '✅ 변동성 낮음 (σ=4.0)', '✅ 52주 고점 대비 -7.7%', '❌ 모멘텀 약함 (RSI 31.0)', '✅ 관심 증가 (거래량 1.9배)']"
271060,대농산물선물,KOSPI,퀄리티 적정가,73,8485.0,9.27,2.98,-2.58,63.3,2.68,"['⚡ 6M 수익 9.3%', '✅ 변동성 낮음 (σ=3.0)', '❌ 52주 고점 대비 -2.6%', '✅ 모멘텀 양호 (RSI 63.3, MACD+)', '✅ 관심 증가 (거래량 2.7배)']"
287180,미국나스닥테크,KOSPI,퀄리티 적정가,73,41955.0,9.2,5.35,-6.87,55.6,0.79,"['⚡ 6M 수익 9.2%', '✅ 변동성 낮음 (σ=5.4)', '✅ 52주 고점 대비 -6.9%', '✅ 모멘텀 양호 (RSI 55.6, MACD+)']"
295020,국채선물10년인버스,KOSPI,퀄리티 적정가,73,57725.0,7.43,2.75,-1.16,54.1,2.16,"['⚡ 6M 수익 7.4%', '✅ 변동성 낮음 (σ=2.7)', '❌ 52주 고점 대비 -1.2%', '✅ 모멘텀 양호 (RSI 54.1, MACD+)', '✅ 관심 증가 (거래량 2.2배)']"
314700,농업융복합산업,KOSPI,퀄리티 적정가,73,11185.0,7.08,3.98,-11.65,34.4,1.53,"['⚡ 6M 수익 7.1%', '✅ 변동성 낮음 (σ=4.0)', '✅ 52주 고점 대비 -11.7%', '❌ 모멘텀 약함 (RSI 34.4)', '✅ 관심 증가 (거래량 1.5배)']"
381170,미국테크TOP10,KOSPI,퀄리티 적정가,73,29250.0,5.7,4.51,-7.65,60.4,0.71,"['⚡ 6M 수익 5.7%', '✅ 변동성 낮음 (σ=4.5)', '✅ 52주 고점 대비 -7.7%', '✅ 모멘텀 양호 (RSI 60.4, MACD+)']"
419650,글로벌수소,KOSPI,퀄리티 적정가,73,4865.0,12.62,6.81,-13.2,52.7,0.99,"['⚡ 6M 수익 12.6%', '✅ 변동성 낮음 (σ=6.8)', '✅ 52주 고점 대비 -13.2%', '✅ 모멘텀 양호 (RSI 52.7, MACD+)']"
424460,글로벌워터MSCI,KOSPI,퀄리티 적정가,73,16120.0,7.89,3.8,-5.18,34.5,1.57,"['⚡ 6M 수익 7.9%', '✅ 변동성 낮음 (σ=3.8)', '✅ 52주 고점 대비 -5.2%', '❌ 모멘텀 약함 (RSI 34.5)', '✅ 관심 증가 (거래량 1.6배)']"
433330,미국S,KOSPI,퀄리티 적정가,73,20715.0,9.53,4.56,-2.71,60.1,1.56,"['⚡ 6M 수익 9.5%', '✅ 변동성 낮음 (σ=4.6)', '❌ 52주 고점 대비 -2.7%', '✅ 모멘텀 양호 (RSI 60.1, MACD+)', '✅ 관심 증가 (거래량 1.6배)']"
435040,글로벌브랜드TOP10,KOSPI,퀄리티 적정가,73,19270.0,7.99,4.47,-6.26,55.0,0.6,"['⚡ 6M 수익 8.0%', '✅ 변동성 낮음 (σ=4.5)', '✅ 52주 고점 대비 -6.3%', '✅ 모멘텀 양호 (RSI 55.0, MACD+)']"
441540,조선해운,KOSPI,퀄리티 적정가,73,32220.0,7.2,3.9,-7.17,41.0,1.52,"['⚡ 6M 수익 7.2%', '✅ 변동성 낮음 (σ=3.9)', '✅ 52주 고점 대비 -7.2%', '❌ 모멘텀 약함 (RSI 41.0)', '✅ 관심 증가 (거래량 1.5배)']"
455030,미국달러SOFR금리액티브,KOSPI,퀄리티 적정가,73,12860.0,9.81,2.81,0.0,68.0,1.49,"['⚡ 6M 수익 9.8%', '✅ 변동성 낮음 (σ=2.8)', '❌ 52주 고점 대비 0.0%', '✅ 모멘텀 양호 (RSI 68.0, MACD+)', '✅ 관심 증가 (거래량 1.5배)']"
456200,미국달러SOFR금리액티브,KOSPI,퀄리티 적정가,73,63790.0,9.84,2.86,0.0,66.4,2.66,"['⚡ 6M 수익 9.8%', '✅ 변동성 낮음 (σ=2.9)', '❌ 52주 고점 대비 0.0%', '✅ 모멘텀 양호 (RSI 66.4, MACD+)', '✅ 관심 증가 (거래량 2.7배)']"
456610,미국달러SOFR금리액티브,KOSPI,퀄리티 적정가,73,63835.0,9.87,2.79,0.0,68.1,1.33,"['⚡ 6M 수익 9.9%', '✅ 변동성 낮음 (σ=2.8)', '❌ 52주 고점 대비 0.0%', '✅ 모멘텀 양호 (RSI 68.1, MACD+)', '✅ 관심 증가 (거래량 1.3배)']"
459790,미국성장기업30액티브,KOSPI,퀄리티 적정가,73,19005.0,14.57,6.39,-5.61,62.2,0.42,"['⚡ 6M 수익 14.6%', '✅ 변동성 낮음 (σ=6.4)', '✅ 52주 고점 대비 -5.6%', '✅ 모멘텀 양호 (RSI 62.2, MACD+)']"
463680,미국S,KOSPI,퀄리티 적정가,73,17750.0,8.07,4.68,-6.43,58.5,0.58,"['⚡ 6M 수익 8.1%', '✅ 변동성 낮음 (σ=4.7)', '✅ 52주 고점 대비 -6.4%', '✅ 모멘텀 양호 (RSI 58.5, MACD+)']"
465580,미국빅테크TOP7,KOSPI,퀄리티 적정가,73,21840.0,6.59,4.94,-7.39,60.3,0.81,"['⚡ 6M 수익 6.6%', '✅ 변동성 낮음 (σ=4.9)', '✅ 52주 고점 대비 -7.4%', '✅ 모멘텀 양호 (RSI 60.3, MACD+)']"
466920,조선TOP3플러스,KOSPI,퀄리티 적정가,73,36890.0,11.45,4.92,-8.42,43.0,1.33,"['⚡ 6M 수익 11.5%', '✅ 변동성 낮음 (σ=4.9)', '✅ 52주 고점 대비 -8.4%', '❌ 모멘텀 약함 (RSI 43.0)', '✅ 관심 증가 (거래량 1.3배)']"
468370,미국인플레이션국채액티브,KOSPI,퀄리티 적정가,73,11890.0,7.98,2.03,0.0,67.2,1.54,"['⚡ 6M 수익 8.0%', '✅ 변동성 낮음 (σ=2.0)', '❌ 52주 고점 대비 0.0%', '✅ 모멘텀 양호 (RSI 67.2, MACD+)', '✅ 관심 증가 (거래량 1.5배)']"
474220,미국테크TOP10타겟커버드콜,KOSPI,퀄리티 적정가,73,15065.0,8.13,4.68,-5.65,63.9,0.81,"['⚡ 6M 수익 8.1%', '✅ 변동성 낮음 (σ=4.7)', '✅ 52주 고점 대비 -5.6%', '✅ 모멘텀 양호 (RSI 63.9, MACD+)']"
480020,미국빅테크7,KOSPI,퀄리티 적정가,73,11920.0,8.94,5.83,-7.13,60.7,0.84,"['⚡ 6M 수익 8.9%', '✅ 변동성 낮음 (σ=5.8)', '✅ 52주 고점 대비 -7.1%', '✅ 모멘텀 양호 (RSI 60.7, MACD+)']"
481190,미국테크TOP10,KOSPI,퀄리티 적정가,73,15870.0,5.84,4.52,-7.6,59.7,0.61,"['⚡ 6M 수익 5.8%', '✅ 변동성 낮음 (σ=4.5)', '✅ 52주 고점 대비 -7.6%', '✅ 모멘텀 양호 (RSI 59.7, MACD+)']"
483280,미국AI테크TOP10타겟커버드콜,KOSPI,퀄리티 적정가,73,12040.0,7.95,4.57,-5.14,60.5,0.89,"['⚡ 6M 수익 8.0%', '✅ 변동성 낮음 (σ=4.6)', '✅ 52주 고점 대비 -5.1%', '✅ 모멘텀 양호 (RSI 60.5, MACD+)']"
483570,미국S,KOSPI,퀄리티 적정가,73,14720.0,6.24,4.68,-7.36,55.7,0.43,"['⚡ 6M 수익 6.2%', '✅ 변동성 낮음 (σ=4.7)', '✅ 52주 고점 대비 -7.4%', '✅ 모멘텀 양호 (RSI 55.7, MACD+)']"
485540,미국AI테크TOP10,KOSPI,퀄리티 적정가,73,14195.0,6.63,4.64,-7.37,58.2,0.57,"['⚡ 6M 수익 6.6%', '✅ 변동성 낮음 (σ=4.6)', '✅ 52주 고점 대비 -7.4%', '✅ 모멘텀 양호 (RSI 58.2, MACD+)']"
485690,미국AI밸류체인TOP3Plus,KOSPI,퀄리티 적정가,73,17555.0,10.74,4.3,-7.63,64.0,0.6,"['⚡ 6M 수익 10.7%', '✅ 변동성 낮음 (σ=4.3)', '✅ 52주 고점 대비 -7.6%', '✅ 모멘텀 양호 (RSI 64.0, MACD+)']"
487950,대만테크고배당다우존스,KOSPI,퀄리티 적정가,73,10800.0,12.98,4.29,-1.24,57.4,2.26,"['⚡ 6M 수익 13.0%', '✅ 변동성 낮음 (σ=4.3)', '❌ 52주 고점 대비 -1.2%', '✅ 모멘텀 양호 (RSI 57.4, MACD+)', '✅ 관심 증가 (거래량 2.3배)']"
490090,미국AI빅테크10,KOSPI,퀄리티 적정가,73,14540.0,9.17,5.27,-5.94,54.7,0.51,"['⚡ 6M 수익 9.2%', '✅ 변동성 낮음 (σ=5.3)', '✅ 52주 고점 대비 -5.9%', '✅ 모멘텀 양호 (RSI 54.7, MACD+)']"
490590,미국AI밸류체인데일리고정커버드콜,KOSPI,퀄리티 적정가,73,12965.0,11.01,4.18,-6.61,65.2,0.71,"['⚡ 6M 수익 11.0%', '✅ 변동성 낮음 (σ=4.2)', '✅ 52주 고점 대비 -6.6%', '✅ 모멘텀 양호 (RSI 65.2, MACD+)']"
491090,미국테크TOP3플러스,KOSPI,퀄리티 적정가,73,15945.0,10.06,5.5,-6.2,55.1,0.47,"['⚡ 6M 수익 10.1%', '✅ 변동성 낮음 (σ=5.5)', '✅ 52주 고점 대비 -6.2%', '✅ 모멘텀 양호 (RSI 55.1, MACD+)']"
493810,미국AI빅테크10타겟데일리커버드콜,KOSPI,퀄리티 적정가,73,11300.0,9.43,5.3,-5.77,55.4,0.79,"['⚡ 6M 수익 9.4%', '✅ 변동성 낮음 (σ=5.3)', '✅ 52주 고점 대비 -5.8%', '✅ 모멘텀 양호 (RSI 55.4, MACD+)']"
494670,조선TOP10,KOSPI,퀄리티 적정가,73,29340.0,13.71,6.2,-8.14,41.7,1.49,"['⚡ 6M 수익 13.7%', '✅ 변동성 낮음 (σ=6.2)', '✅ 52주 고점 대비 -8.1%', '❌ 모멘텀 약함 (RSI 41.7)', '✅ 관심 증가 (거래량 1.5배)']"
024060,흥구석유,KOSDAQ,퀄리티 적정가,72,23550.0,91.62,13.9,-27.98,52.8,2.61,"['✅ 6M 수익 91.6%', '❌ 변동성 높음 (σ=13.9)', '⚡ 52주 고점 대비 -28.0%', '⚡ 모멘텀 보통 (RSI 52.8)', '✅ 관심 증가 (거래량 2.6배)']"
024840,메탈,KOSDAQ,퀄리티 적정가,72,2180.0,21.04,2.97,-13.15,45.7,0.72,"['✅ 6M 수익 21.0%', '✅ 변동성 낮음 (σ=3.0)', '✅ 52주 고점 대비 -13.1%', '⚡ 모멘텀 보통 (RSI 45.7)']"
049520,유아이엘,KOSDAQ,퀄리티 적정가,72,4025.0,21.97,7.77,-14.18,47.3,0.97,"['✅ 6M 수익 22.0%', '✅ 변동성 낮음 (σ=7.8)', '✅ 52주 고점 대비 -14.2%', '⚡ 모멘텀 보통 (RSI 47.3)']"
083550,케이엠,KOSDAQ,퀄리티 적정가,72,3615.0,18.52,7.71,-7.9,46.0,1.0,"['✅ 6M 수익 18.5%', '✅ 변동성 낮음 (σ=7.7)', '✅ 52주 고점 대비 -7.9%', '⚡ 모멘텀 보통 (RSI 46.0)']"
086060,진바이오텍,KOSDAQ,퀄리티 적정가,72,5230.0,17.93,7.2,-5.77,52.0,0.56,"['✅ 6M 수익 17.9%', '✅ 변동성 낮음 (σ=7.2)', '✅ 52주 고점 대비 -5.8%', '⚡ 모멘텀 보통 (RSI 52.0)']"
265520,시스템,KOSDAQ,퀄리티 적정가,72,22350.0,22.4,7.04,-8.96,47.9,0.97,"['✅ 6M 수익 22.4%', '✅ 변동성 낮음 (σ=7.0)', '✅ 52주 고점 대비 -9.0%', '⚡ 모멘텀 보통 (RSI 47.9)']"
405100,큐알티,KOSDAQ,퀄리티 적정가,72,17010.0,16.43,7.51,-12.95,45.9,0.96,"['✅ 6M 수익 16.4%', '✅ 변동성 낮음 (σ=7.5)', '✅ 52주 고점 대비 -12.9%', '⚡ 모멘텀 보통 (RSI 45.9)']"
000390,삼화페인트,KOSPI,퀄리티 적정가,72,9260.0,49.6,24.88,-25.02,47.1,1.43,"['✅ 6M 수익 49.6%', '❌ 변동성 높음 (σ=24.9)', '⚡ 52주 고점 대비 -25.0%', '⚡ 모멘텀 보통 (RSI 47.1)', '✅ 관심 증가 (거래량 1.4배)']"
003460,유화증권,KOSPI,퀄리티 적정가,72,3650.0,30.82,5.92,-12.47,52.3,0.63,"['✅ 6M 수익 30.8%', '✅ 변동성 낮음 (σ=5.9)', '✅ 52주 고점 대비 -12.5%', '⚡ 모멘텀 보통 (RSI 52.3)']"
003465,유화증권우,KOSPI,퀄리티 적정가,72,3525.0,33.52,3.51,-5.87,66.7,0.33,"['✅ 6M 수익 33.5%', '✅ 변동성 낮음 (σ=3.5)', '✅ 52주 고점 대비 -5.9%', '⚡ 모멘텀 보통 (RSI 66.7)']"
004090,한국석유,KOSPI,퀄리티 적정가,72,18940.0,36.16,4.42,-32.72,49.8,3.09,"['✅ 6M 수익 36.2%', '✅ 변동성 낮음 (σ=4.4)', '❌ 52주 고점 대비 -32.7%', '⚡ 모멘텀 보통 (RSI 49.8)', '✅ 관심 증가 (거래량 3.1배)']"
005680,삼영전자,KOSPI,퀄리티 적정가,72,12750.0,16.76,6.08,-1.16,49.7,1.43,"['✅ 6M 수익 16.8%', '✅ 변동성 낮음 (σ=6.1)', '❌ 52주 고점 대비 -1.2%', '⚡ 모멘텀 보통 (RSI 49.7)', '✅ 관심 증가 (거래량 1.4배)']"
084870,글로벌,KOSPI,퀄리티 적정가,72,1930.0,37.17,7.62,-14.6,55.7,0.56,"['✅ 6M 수익 37.2%', '✅ 변동성 낮음 (σ=7.6)', '✅ 52주 고점 대비 -14.6%', '⚡ 모멘텀 보통 (RSI 55.7)']"
138540,현대차그룹플러스,KOSPI,퀄리티 적정가,72,58435.0,58.45,22.21,-20.93,46.5,1.58,"['✅ 6M 수익 58.5%', '❌ 변동성 높음 (σ=22.2)', '⚡ 52주 고점 대비 -20.9%', '⚡ 모멘텀 보통 (RSI 46.5)', '✅ 관심 증가 (거래량 1.6배)']"
269420,글로벌인프라,KOSPI,퀄리티 적정가,72,24495.0,20.59,5.08,-0.53,58.8,1.55,"['✅ 6M 수익 20.6%', '✅ 변동성 낮음 (σ=5.1)', '❌ 52주 고점 대비 -0.5%', '⚡ 모멘텀 보통 (RSI 58.8)', '✅ 관심 증가 (거래량 1.5배)']"
488080,반도체TOP10레버리지,KOSPI,퀄리티 적정가,72,42490.0,422.18,124.64,-20.29,52.9,2.01,"['✅ 6M 수익 422.2%', '❌ 변동성 높음 (σ=124.6)', '⚡ 52주 고점 대비 -20.3%', '⚡ 모멘텀 보통 (RSI 52.9)', '✅ 관심 증가 (거래량 2.0배)']"
489010,글로벌AI인프라,KOSPI,퀄리티 적정가,72,17625.0,19.57,5.91,-2.27,53.0,1.46,"['✅ 6M 수익 19.6%', '✅ 변동성 낮음 (σ=5.9)', '❌ 52주 고점 대비 -2.3%', '⚡ 모멘텀 보통 (RSI 53.0)', '✅ 관심 증가 (거래량 1.5배)']"
023760,한국캐피탈,KOSDAQ,퀄리티 적정가,70,995.0,24.06,5.25,-15.39,30.0,1.18,"['✅ 6M 수익 24.1%', '✅ 변동성 낮음 (σ=5.2)', '✅ 52주 고점 대비 -15.4%', '❌ 모멘텀 약함 (RSI 30.0)', '⚡ 관심 보통 (거래량 1.2배)']"
035080,그래디언트,KOSDAQ,퀄리티 적정가,70,14090.0,-2.96,11.72,-11.94,64.8,4.02,"['❌ 6M 수익 -3.0%', '⚡ 변동성 보통 (σ=11.7)', '✅ 52주 고점 대비 -11.9%', '✅ 모멘텀 양호 (RSI 64.8, MACD+)', '✅ 관심 증가 (거래량 4.0배)']"
039420,케이엘넷,KOSDAQ,퀄리티 적정가,70,2845.0,-6.26,3.3,-21.41,54.1,2.44,"['❌ 6M 수익 -6.3%', '✅ 변동성 낮음 (σ=3.3)', '⚡ 52주 고점 대비 -21.4%', '✅ 모멘텀 양호 (RSI 54.1, MACD+)', '✅ 관심 증가 (거래량 2.4배)']"
048910,대원미디어,KOSDAQ,퀄리티 적정가,70,8740.0,-5.92,6.64,-29.52,57.6,2.34,"['❌ 6M 수익 -5.9%', '✅ 변동성 낮음 (σ=6.6)', '⚡ 52주 고점 대비 -29.5%', '✅ 모멘텀 양호 (RSI 57.6, MACD+)', '✅ 관심 증가 (거래량 2.3배)']"
064240,홈캐스트,KOSDAQ,퀄리티 적정가,70,2150.0,5.91,7.11,-28.81,47.9,1.16,"['⚡ 6M 수익 5.9%', '✅ 변동성 낮음 (σ=7.1)', '⚡ 52주 고점 대비 -28.8%', '⚡ 모멘텀 보통 (RSI 47.9)', '⚡ 관심 보통 (거래량 1.2배)']"
066310,큐에스아이,KOSDAQ,퀄리티 적정가,70,9780.0,26.36,3.84,0.0,57.5,1.22,"['✅ 6M 수익 26.4%', '✅ 변동성 낮음 (σ=3.8)', '❌ 52주 고점 대비 0.0%', '✅ 모멘텀 양호 (RSI 57.5, MACD+)', '⚡ 관심 보통 (거래량 1.2배)']"
066360,체리부로,KOSDAQ,퀄리티 적정가,70,1101.0,36.77,3.93,-5.98,42.5,1.05,"['✅ 6M 수익 36.8%', '✅ 변동성 낮음 (σ=3.9)', '✅ 52주 고점 대비 -6.0%', '❌ 모멘텀 약함 (RSI 42.5)', '⚡ 관심 보통 (거래량 1.0배)']"
073540,에프알텍,KOSDAQ,퀄리티 적정가,70,2415.0,-6.03,10.51,-11.7,64.1,4.62,"['❌ 6M 수익 -6.0%', '⚡ 변동성 보통 (σ=10.5)', '✅ 52주 고점 대비 -11.7%', '✅ 모멘텀 양호 (RSI 64.1, MACD+)', '✅ 관심 증가 (거래량 4.6배)']"
095700,제넥신,KOSDAQ,퀄리티 적정가,70,4825.0,-13.53,7.29,-26.78,55.8,2.93,"['❌ 6M 수익 -13.5%', '✅ 변동성 낮음 (σ=7.3)', '⚡ 52주 고점 대비 -26.8%', '✅ 모멘텀 양호 (RSI 55.8, MACD+)', '✅ 관심 증가 (거래량 2.9배)']"
187220,디티앤씨,KOSDAQ,퀄리티 적정가,70,2835.0,-4.87,10.0,-16.25,63.5,3.31,"['❌ 6M 수익 -4.9%', '⚡ 변동성 보통 (σ=10.0)', '✅ 52주 고점 대비 -16.2%', '✅ 모멘텀 양호 (RSI 63.5, MACD+)', '✅ 관심 증가 (거래량 3.3배)']"
217190,제너셈,KOSDAQ,퀄리티 적정가,70,6160.0,9.16,8.14,-8.2,52.7,1.16,"['⚡ 6M 수익 9.2%', '⚡ 변동성 보통 (σ=8.1)', '✅ 52주 고점 대비 -8.2%', '⚡ 모멘텀 보통 (RSI 52.7)', '⚡ 관심 보통 (거래량 1.2배)']"
262840,아이퀘스트,KOSDAQ,퀄리티 적정가,70,1785.0,-19.41,7.67,-29.59,56.6,1.36,"['❌ 6M 수익 -19.4%', '✅ 변동성 낮음 (σ=7.7)', '⚡ 52주 고점 대비 -29.6%', '✅ 모멘텀 양호 (RSI 56.6, MACD+)', '✅ 관심 증가 (거래량 1.4배)']"
290520,신도기연,KOSDAQ,퀄리티 적정가,70,1694.0,4.25,7.48,-22.29,56.6,1.52,"['❌ 6M 수익 4.2%', '✅ 변동성 낮음 (σ=7.5)', '⚡ 52주 고점 대비 -22.3%', '✅ 모멘텀 양호 (RSI 56.6, MACD+)', '✅ 관심 증가 (거래량 1.5배)']"
475580,에이럭스,KOSDAQ,퀄리티 적정가,70,11430.0,-2.22,8.63,-11.05,61.6,2.84,"['❌ 6M 수익 -2.2%', '⚡ 변동성 보통 (σ=8.6)', '✅ 52주 고점 대비 -11.1%', '✅ 모멘텀 양호 (RSI 61.6, MACD+)', '✅ 관심 증가 (거래량 2.8배)']"
001755,한양증권우,KOSPI,퀄리티 적정가,70,25550.0,49.77,7.63,0.0,57.5,1.13,"['✅ 6M 수익 49.8%', '✅ 변동성 낮음 (σ=7.6)', '❌ 52주 고점 대비 0.0%', '✅ 모멘텀 양호 (RSI 57.5, MACD+)', '⚡ 관심 보통 (거래량 1.1배)']"
003545,대신증권우,KOSPI,퀄리티 적정가,70,26250.0,23.53,6.97,-11.91,39.3,1.05,"['✅ 6M 수익 23.5%', '✅ 변동성 낮음 (σ=7.0)', '✅ 52주 고점 대비 -11.9%', '❌ 모멘텀 약함 (RSI 39.3)', '⚡ 관심 보통 (거래량 1.0배)']"
006890,태경케미컬,KOSPI,퀄리티 적정가,70,9000.0,-6.25,7.86,-24.56,60.6,5.46,"['❌ 6M 수익 -6.2%', '✅ 변동성 낮음 (σ=7.9)', '⚡ 52주 고점 대비 -24.6%', '✅ 모멘텀 양호 (RSI 60.6, MACD+)', '✅ 관심 증가 (거래량 5.5배)']"
008355,남선알미우,KOSPI,퀄리티 적정가,70,14960.0,17.98,8.48,-29.1,58.0,0.67,"['✅ 6M 수익 18.0%', '⚡ 변동성 보통 (σ=8.5)', '⚡ 52주 고점 대비 -29.1%', '✅ 모멘텀 양호 (RSI 58.0, MACD+)']"
018470,조일알미늄,KOSPI,퀄리티 적정가,70,1344.0,-7.57,5.59,-23.2,55.9,2.41,"['❌ 6M 수익 -7.6%', '✅ 변동성 낮음 (σ=5.6)', '⚡ 52주 고점 대비 -23.2%', '✅ 모멘텀 양호 (RSI 55.9, MACD+)', '✅ 관심 증가 (거래량 2.4배)']"
031820,아이티센씨티에스,KOSPI,퀄리티 적정가,70,759.0,21.63,4.69,-8.44,42.2,1.16,"['✅ 6M 수익 21.6%', '✅ 변동성 낮음 (σ=4.7)', '✅ 52주 고점 대비 -8.4%', '❌ 모멘텀 약함 (RSI 42.2)', '⚡ 관심 보통 (거래량 1.2배)']"
037710,광주신세계,KOSPI,퀄리티 적정가,70,38100.0,24.51,5.72,-6.04,39.5,1.0,"['✅ 6M 수익 24.5%', '✅ 변동성 낮음 (σ=5.7)', '✅ 52주 고점 대비 -6.0%', '❌ 모멘텀 약함 (RSI 39.5)', '⚡ 관심 보통 (거래량 1.0배)']"
094800,맵스리얼티,KOSPI,퀄리티 적정가,70,7060.0,41.2,6.65,-1.94,60.5,1.13,"['✅ 6M 수익 41.2%', '✅ 변동성 낮음 (σ=6.6)', '❌ 52주 고점 대비 -1.9%', '✅ 모멘텀 양호 (RSI 60.5, MACD+)', '⚡ 관심 보통 (거래량 1.1배)']"
200030,미국S,KOSPI,퀄리티 적정가,70,42680.0,16.55,6.76,-5.39,43.0,1.25,"['✅ 6M 수익 16.5%', '✅ 변동성 낮음 (σ=6.8)', '✅ 52주 고점 대비 -5.4%', '❌ 모멘텀 약함 (RSI 43.0)', '⚡ 관심 보통 (거래량 1.3배)']"
225030,미국S,KOSPI,퀄리티 적정가,70,2565.0,-0.66,2.14,-26.55,60.7,1.92,"['❌ 6M 수익 -0.7%', '✅ 변동성 낮음 (σ=2.1)', '⚡ 52주 고점 대비 -26.5%', '✅ 모멘텀 양호 (RSI 60.7, MACD+)', '✅ 관심 증가 (거래량 1.9배)']"
229640,에코에너지,KOSPI,퀄리티 적정가,70,44600.0,14.65,8.04,-6.89,48.9,1.2,"['⚡ 6M 수익 14.7%', '⚡ 변동성 보통 (σ=8.0)', '✅ 52주 고점 대비 -6.9%', '⚡ 모멘텀 보통 (RSI 48.9)', '⚡ 관심 보통 (거래량 1.2배)']"
256450,심천차이넥스트,KOSPI,퀄리티 적정가,70,15350.0,18.12,7.01,0.0,62.2,1.26,"['✅ 6M 수익 18.1%', '✅ 변동성 낮음 (σ=7.0)', '❌ 52주 고점 대비 0.0%', '✅ 모멘텀 양호 (RSI 62.2, MACD+)', '⚡ 관심 보통 (거래량 1.3배)']"
261250,미국달러선물레버리지,KOSPI,퀄리티 적정가,70,18520.0,18.52,5.35,0.0,67.9,1.18,"['✅ 6M 수익 18.5%', '✅ 변동성 낮음 (σ=5.4)', '❌ 52주 고점 대비 0.0%', '✅ 모멘텀 양호 (RSI 67.9, MACD+)', '⚡ 관심 보통 (거래량 1.2배)']"
371460,차이나전기차SOLACTIVE,KOSPI,퀄리티 적정가,70,13705.0,20.46,5.52,0.0,78.7,1.3,"['✅ 6M 수익 20.5%', '✅ 변동성 낮음 (σ=5.5)', '❌ 52주 고점 대비 0.0%', '✅ 모멘텀 양호 (RSI 78.7, MACD+)', '⚡ 관심 보통 (거래량 1.3배)']"
412770,글로벌AI플랫폼액티브,KOSPI,퀄리티 적정가,70,12145.0,-13.33,5.07,-20.05,61.0,2.51,"['❌ 6M 수익 -13.3%', '✅ 변동성 낮음 (σ=5.1)', '⚡ 52주 고점 대비 -20.0%', '✅ 모멘텀 양호 (RSI 61.0, MACD+)', '✅ 관심 증가 (거래량 2.5배)']"
441680,미국나스닥100커버드콜,KOSPI,퀄리티 적정가,70,11210.0,17.7,6.0,0.0,80.6,1.26,"['✅ 6M 수익 17.7%', '✅ 변동성 낮음 (σ=6.0)', '❌ 52주 고점 대비 0.0%', '✅ 모멘텀 양호 (RSI 80.6, MACD+)', '⚡ 관심 보통 (거래량 1.3배)']"
456600,글로벌AI인공지능액티브,KOSPI,퀄리티 적정가,70,41870.0,25.62,7.7,-2.13,54.2,1.0,"['✅ 6M 수익 25.6%', '✅ 변동성 낮음 (σ=7.7)', '❌ 52주 고점 대비 -2.1%', '✅ 모멘텀 양호 (RSI 54.2, MACD+)', '⚡ 관심 보통 (거래량 1.0배)']"
464930,글로벌혁신블루칩TOP10,KOSPI,퀄리티 적정가,70,19610.0,15.45,6.96,-4.43,63.0,1.01,"['✅ 6M 수익 15.4%', '✅ 변동성 낮음 (σ=7.0)', '❌ 52주 고점 대비 -4.4%', '✅ 모멘텀 양호 (RSI 63.0, MACD+)', '⚡ 관심 보통 (거래량 1.0배)']"
486450,미국AI전력인프라,KOSPI,퀄리티 적정가,70,21315.0,19.71,6.91,-4.59,56.6,1.04,"['✅ 6M 수익 19.7%', '✅ 변동성 낮음 (σ=6.9)', '❌ 52주 고점 대비 -4.6%', '✅ 모멘텀 양호 (RSI 56.6, MACD+)', '⚡ 관심 보통 (거래량 1.0배)']"
