date,code,name,entry_price,exit_price,return,exit_reason,signals,gap_pct,change_pct,trade_amount
2026-03-04,114800,Stock,1736.6399999999999,1710.5903999999998,-1.5,stop_loss,"{'gap_up': True, 'bullish': True, 'volume_spike': False, 'vwap_condition': True, 'momentum': True}",3.783783783783784,8.275462962962964,1766639309612.0
2026-03-04,003280,흥아해운,2587.8749999999995,2549.0568749999993,-1.5,stop_loss,"{'gap_up': True, 'bullish': True, 'volume_spike': True, 'vwap_condition': True, 'momentum': True}",10.515021459227468,12.815533980582524,658348779830.0
2026-03-04,251340,Stock,2221.0499999999997,2187.7342499999995,-1.5,stop_loss,"{'gap_up': True, 'bullish': True, 'volume_spike': False, 'vwap_condition': True, 'momentum': True}",2.7906976744186047,13.34841628959276,283934129790.0
2026-03-04,005860,한일사료,3773.7749999999996,3717.1683749999997,-1.5,stop_loss,"{'gap_up': True, 'bullish': True, 'volume_spike': True, 'vwap_condition': True, 'momentum': True}",4.450625869262865,15.312916111850866,232697062130.0
2026-03-04,117580,대성에너지,12612.749999999998,12423.558749999998,-1.5,stop_loss,"{'gap_up': True, 'bullish': True, 'volume_spike': True, 'vwap_condition': True, 'momentum': True}",20.095693779904305,8.207171314741036,148834369180.0
2026-03-04,402490,그린리소스,10401.749999999998,10245.723749999997,-1.5,stop_loss,"{'gap_up': True, 'bullish': True, 'volume_spike': True, 'vwap_condition': False, 'momentum': True}",6.3720452209660845,4.444444444444445,131803141050.0
2026-03-04,053050,지에스이,3567.7499999999995,3514.2337499999994,-1.5,stop_loss,"{'gap_up': True, 'bullish': True, 'volume_spike': True, 'vwap_condition': True, 'momentum': True}",14.886731391585762,12.957746478873238,129343716910.0
2026-03-04,014530,극동유화,5376.749999999999,5296.098749999999,-1.5,stop_loss,"{'gap_up': True, 'bullish': True, 'volume_spike': True, 'vwap_condition': True, 'momentum': True}",15.926327193932826,11.962616822429908,109887250830.0
2026-03-04,000440,중앙에너비스,32310.749999999996,31826.088749999995,-1.5,stop_loss,"{'gap_up': True, 'bullish': True, 'volume_spike': True, 'vwap_condition': True, 'momentum': True}",27.32673267326733,2.021772939346812,60633686400.0
2026-03-04,123310,Stock,1953.7199999999998,1924.4141999999997,-1.5,stop_loss,"{'gap_up': True, 'bullish': True, 'volume_spike': False, 'vwap_condition': True, 'momentum': True}",4.516129032258064,7.510288065843622,48912476910.0
2026-03-04,465350,Stock,18341.249999999996,18891.487499999996,3.0,take_profit,"{'gap_up': False, 'bullish': True, 'volume_spike': True, 'vwap_condition': True, 'momentum': True}",1.4452473596442468,13.753424657534246,25324252080.0
2026-03-05,KS11,Stock,5277.174599999999,5435.4898379999995,3.0,take_profit,"{'gap_up': True, 'bullish': True, 'volume_spike': False, 'vwap_condition': True, 'momentum': True}",3.0897960946610827,6.341364941762579,9273241065003.299
2026-03-05,229200,Stock,18632.699999999997,19191.680999999997,3.0,take_profit,"{'gap_up': True, 'bullish': True, 'volume_spike': False, 'vwap_condition': True, 'momentum': True}",8.675263774912075,5.582524271844661,2593824016050.0
2026-03-05,233740,Stock,15627.749999999998,15393.333749999998,-1.5,stop_loss,"{'gap_up': True, 'bullish': True, 'volume_spike': False, 'vwap_condition': True, 'momentum': True}",16.917293233082706,7.556270096463022,2457400169100.0
2026-03-05,396500,Stock,33265.5,34263.465000000004,3.0,take_profit,"{'gap_up': True, 'bullish': True, 'volume_spike': False, 'vwap_condition': True, 'momentum': True}",13.70663002404672,3.141993957703928,2112570363360.0
2026-03-05,024060,흥구석유,25979.249999999996,25589.561249999995,-1.5,stop_loss,"{'gap_up': False, 'bullish': True, 'volume_spike': True, 'vwap_condition': True, 'momentum': True}",-12.962962962962962,26.4990328820116,1712977008600.0
2026-03-05,079550,LIG넥스원,651239.9999999999,641471.3999999999,-1.5,stop_loss,"{'gap_up': True, 'bullish': True, 'volume_spike': False, 'vwap_condition': True, 'momentum': True}",4.68497576736672,17.746913580246915,1539125126000.0
2026-03-05,272210,한화시스템,127534.49999999999,131360.53499999997,3.0,take_profit,"{'gap_up': True, 'bullish': True, 'volume_spike': False, 'vwap_condition': True, 'momentum': True}",9.39655172413793,18.83372734436564,1233305132800.0
2026-03-05,KQ11,Stock,1028.9592,1059.827976,3.0,take_profit,"{'gap_up': True, 'bullish': True, 'volume_spike': False, 'vwap_condition': True, 'momentum': True}",4.640039246146925,9.041451789342089,1166242964305.9502
2026-03-05,091160,Stock,97756.34999999999,100689.04049999999,3.0,take_profit,"{'gap_up': True, 'bullish': True, 'volume_spike': False, 'vwap_condition': True, 'momentum': True}",14.570082449941108,3.4080394777423666,1156739771370.0
2026-03-05,042700,한미반도체,303509.99999999994,312615.29999999993,3.0,take_profit,"{'gap_up': True, 'bullish': True, 'volume_spike': False, 'vwap_condition': True, 'momentum': True}",16.602316602316602,4.304635761589404,973304325000.0
2026-03-05,488080,Stock,44747.62499999999,44076.41062499999,-1.5,stop_loss,"{'gap_up': True, 'bullish': True, 'volume_spike': False, 'vwap_condition': True, 'momentum': True}",28.964518464880523,3.13307130825379,823038716640.0
2026-03-05,494310,Stock,70249.49999999999,69195.75749999998,-1.5,stop_loss,"{'gap_up': True, 'bullish': True, 'volume_spike': False, 'vwap_condition': True, 'momentum': True}",24.788003213424975,3.5765379113018603,725709653600.0
2026-03-05,086520,에코프로,154267.49999999997,158895.52499999997,3.0,take_profit,"{'gap_up': True, 'bullish': True, 'volume_spike': False, 'vwap_condition': True, 'momentum': True}",14.723467862481316,4.755700325732899,694952676000.0
2026-03-05,089030,테크윙,57083.99999999999,56227.73999999999,-1.5,stop_loss,"{'gap_up': True, 'bullish': True, 'volume_spike': False, 'vwap_condition': True, 'momentum': True}",11.372549019607844,16.725352112676056,677695859100.0
2026-03-05,004090,한국석유,26632.499999999996,26233.012499999997,-1.5,stop_loss,"{'gap_up': False, 'bullish': True, 'volume_spike': True, 'vwap_condition': True, 'momentum': True}",-3.4608378870673953,6.226415094339623,487073031800.0
2026-03-05,463250,Stock,45325.49999999999,44645.61749999999,-1.5,stop_loss,"{'gap_up': True, 'bullish': True, 'volume_spike': False, 'vwap_condition': True, 'momentum': True}",7.637231503579953,9.290465631929047,411225927810.0
2026-03-05,449450,Stock,71274.59999999999,73412.83799999999,3.0,take_profit,"{'gap_up': True, 'bullish': True, 'volume_spike': False, 'vwap_condition': True, 'momentum': True}",6.758994430227307,7.72701635645798,389973486000.0
2026-03-06,012450,한화에어로스페이스,1421069.9999999998,1399753.9499999997,-1.5,stop_loss,"{'gap_up': True, 'bullish': True, 'volume_spike': False, 'vwap_condition': True, 'momentum': True}",2.389572773352643,4.738330975954738,1239163067000.0
2026-03-06,089030,테크윙,68541.0,67512.885,-1.5,stop_loss,"{'gap_up': True, 'bullish': True, 'volume_spike': False, 'vwap_condition': True, 'momentum': True}",2.865761689291101,4.252199413489736,942183854100.0
2026-03-06,009830,한화솔루션,46983.74999999999,46278.993749999994,-1.5,stop_loss,"{'gap_up': True, 'bullish': True, 'volume_spike': True, 'vwap_condition': True, 'momentum': True}",5.292792792792793,10.802139037433154,931364155400.0
2026-03-06,042700,한미반도체,327629.99999999994,322715.54999999993,-1.5,stop_loss,"{'gap_up': True, 'bullish': True, 'volume_spike': False, 'vwap_condition': True, 'momentum': True}",3.492063492063492,2.3006134969325154,744453374000.0
2026-03-06,322000,HD현대에너지솔루션,93163.49999999999,95958.40499999998,3.0,take_profit,"{'gap_up': True, 'bullish': True, 'volume_spike': False, 'vwap_condition': True, 'momentum': True}",2.885682574916759,26.321467098166128,531339025100.0
2026-03-06,010820,퍼스텍,8542.5,8414.3625,-1.5,stop_loss,"{'gap_up': True, 'bullish': True, 'volume_spike': True, 'vwap_condition': True, 'momentum': True}",10.103626943005182,6.11764705882353,320331174680.0
2026-03-10,000660,SK하이닉스,919574.9999999999,905781.3749999999,-1.5,stop_loss,"{'gap_up': True, 'bullish': True, 'volume_spike': False, 'vwap_condition': True, 'momentum': True}",9.449760765550238,2.5136612021857925,4975993386000.0
2026-03-10,032820,우리기술,18592.499999999996,18313.612499999996,-1.5,stop_loss,"{'gap_up': True, 'bullish': True, 'volume_spike': False, 'vwap_condition': True, 'momentum': True}",6.9364161849710975,11.621621621621623,1654508892400.0
2026-03-10,034020,두산에너빌리티,100801.49999999999,103825.54499999998,3.0,take_profit,"{'gap_up': True, 'bullish': True, 'volume_spike': False, 'vwap_condition': True, 'momentum': True}",4.261954261954262,2.1934197407776668,1108452220000.0
2026-03-10,005935,삼성전자우,131353.5,129383.1975,-1.5,stop_loss,"{'gap_up': True, 'bullish': True, 'volume_spike': False, 'vwap_condition': True, 'momentum': True}",7.572016460905349,2.9074215761285385,823352241000.0
2026-03-10,036930,주성엔지니어링,65224.49999999999,64246.13249999999,-1.5,stop_loss,"{'gap_up': True, 'bullish': True, 'volume_spike': False, 'vwap_condition': True, 'momentum': True}",8.347245409015025,7.858243451463791,368471390000.0
2026-03-10,043260,성호전자,41204.99999999999,42441.149999999994,3.0,take_profit,"{'gap_up': True, 'bullish': True, 'volume_spike': False, 'vwap_condition': True, 'momentum': True}",6.493506493506493,20.48780487804878,328750825000.0
2026-03-10,010170,대한광통신,4633.049999999999,4563.554249999999,-1.5,stop_loss,"{'gap_up': True, 'bullish': True, 'volume_spike': True, 'vwap_condition': True, 'momentum': True}",8.598351001177857,19.522776572668114,305631280720.0
2026-03-10,006910,보성파워텍,9788.699999999999,9641.869499999999,-1.5,stop_loss,"{'gap_up': True, 'bullish': True, 'volume_spike': True, 'vwap_condition': True, 'momentum': True}",5.411255411255411,5.544147843942506,207890075600.0
2026-03-10,044490,태웅,42159.74999999999,41527.353749999995,-1.5,stop_loss,"{'gap_up': True, 'bullish': True, 'volume_spike': True, 'vwap_condition': True, 'momentum': True}",4.613466334164588,19.189511323003575,181868900000.0
2026-03-10,115180,큐리언트,48340.49999999999,47615.392499999994,-1.5,stop_loss,"{'gap_up': True, 'bullish': True, 'volume_spike': True, 'vwap_condition': True, 'momentum': True}",18.472906403940886,5.8212058212058215,126898331900.0
2026-03-10,007660,이수페타시스,111856.49999999999,110178.65249999998,-1.5,stop_loss,"{'gap_up': True, 'bullish': True, 'volume_spike': False, 'vwap_condition': True, 'momentum': True}",7.4324324324324325,2.15633423180593,116558418000.0
2026-03-11,032820,우리기술,21707.999999999996,21382.379999999997,-1.5,stop_loss,"{'gap_up': True, 'bullish': True, 'volume_spike': False, 'vwap_condition': True, 'momentum': True}",4.600484261501211,5.092592592592593,1410603900700.0
2026-03-11,006800,미래에셋증권,68145.03,70189.3809,3.0,take_profit,"{'gap_up': True, 'bullish': True, 'volume_spike': False, 'vwap_condition': True, 'momentum': True}",5.418137155827801,4.844704008494824,868181491296.0
2026-03-11,010170,대한광통신,6050.099999999999,5959.348499999999,-1.5,stop_loss,"{'gap_up': True, 'bullish': True, 'volume_spike': False, 'vwap_condition': True, 'momentum': True}",9.25589836660617,18.93687707641196,479427120200.0
2026-03-11,006910,보성파워텍,10542.449999999999,10384.31325,-1.5,stop_loss,"{'gap_up': True, 'bullish': True, 'volume_spike': True, 'vwap_condition': True, 'momentum': True}",2.0428015564202333,10.009532888465204,406189097480.0
2026-03-11,050890,쏠리드,9446.999999999998,9305.294999999998,-1.5,stop_loss,"{'gap_up': True, 'bullish': True, 'volume_spike': True, 'vwap_condition': True, 'momentum': True}",4.328523862375139,24.574468085106382,382793693700.0
2026-03-11,038500,삼표시멘트,14281.05,14709.4815,3.0,take_profit,"{'gap_up': False, 'bullish': True, 'volume_spike': True, 'vwap_condition': True, 'momentum': True}",1.7908309455587392,27.656579873328642,377796501260.0
2026-03-11,218410,RFHIC,81304.49999999999,80084.93249999998,-1.5,stop_loss,"{'gap_up': True, 'bullish': True, 'volume_spike': True, 'vwap_condition': True, 'momentum': True}",8.299866131191433,10.754017305315204,256445772800.0
2026-03-11,102970,Stock,26944.049999999996,27752.371499999997,3.0,take_profit,"{'gap_up': True, 'bullish': True, 'volume_spike': False, 'vwap_condition': True, 'momentum': True}",4.217687074829931,2.461767997016039,188161231530.0
2026-03-11,253590,네오셈,19215.6,18927.365999999998,-1.5,stop_loss,"{'gap_up': True, 'bullish': True, 'volume_spike': True, 'vwap_condition': True, 'momentum': True}",2.41028387787895,3.190376569037657,181275925360.0
2026-03-11,027360,아주IB투자,5236.049999999999,5393.1314999999995,3.0,take_profit,"{'gap_up': False, 'bullish': True, 'volume_spike': True, 'vwap_condition': True, 'momentum': True}",1.3618677042801557,17.65834932821497,172571079570.0
2026-03-11,138080,오이솔루션,26330.999999999996,25936.034999999996,-1.5,stop_loss,"{'gap_up': True, 'bullish': True, 'volume_spike': True, 'vwap_condition': True, 'momentum': True}",3.149606299212598,16.984732824427482,155405154750.0
2026-03-11,295310,에이치브이엠,93967.49999999999,96786.525,3.0,take_profit,"{'gap_up': False, 'bullish': True, 'volume_spike': True, 'vwap_condition': True, 'momentum': True}",-1.5789473684210527,16.363636363636363,154914662400.0
2026-03-11,376900,로킷헬스케어,81907.49999999999,84364.72499999999,3.0,take_profit,"{'gap_up': True, 'bullish': True, 'volume_spike': False, 'vwap_condition': True, 'momentum': True}",5.433376455368694,19.018404907975462,148496815000.0
2026-03-11,278470,에이피알,311549.99999999994,320896.49999999994,3.0,take_profit,"{'gap_up': True, 'bullish': True, 'volume_spike': False, 'vwap_condition': True, 'momentum': True}",2.8192371475953566,2.903225806451613,144544323000.0
2026-03-11,321370,센서뷰,2899.4249999999997,2855.9336249999997,-1.5,stop_loss,"{'gap_up': True, 'bullish': True, 'volume_spike': False, 'vwap_condition': True, 'momentum': True}",2.4866785079928952,21.49046793760832,139037479125.0
2026-03-12,038500,삼표시멘트,18622.649999999998,18343.31025,-1.5,stop_loss,"{'gap_up': True, 'bullish': True, 'volume_spike': True, 'vwap_condition': True, 'momentum': True}",2.1499448732083795,9.01241230437129,1143733877800.0
2026-03-12,322000,HD현대에너지솔루션,103715.99999999999,106827.47999999998,3.0,take_profit,"{'gap_up': False, 'bullish': True, 'volume_spike': True, 'vwap_condition': True, 'momentum': True}",-1.7142857142857144,26.647286821705425,1056304852800.0
2026-03-12,010170,대한광통신,7406.849999999999,7295.747249999999,-1.5,stop_loss,"{'gap_up': True, 'bullish': True, 'volume_spike': True, 'vwap_condition': False, 'momentum': True}",2.9329608938547485,4.07055630936228,776398771980.0
2026-03-12,475150,SK이터닉스,28893.749999999996,28460.343749999996,-1.5,stop_loss,"{'gap_up': False, 'bullish': True, 'volume_spike': True, 'vwap_condition': True, 'momentum': True}",0.0,29.91304347826087,442427669550.0
2026-03-12,0009K0,에임드바이오,63716.99999999999,62761.244999999995,-1.5,stop_loss,"{'gap_up': False, 'bullish': True, 'volume_spike': True, 'vwap_condition': True, 'momentum': True}",-2.61136712749616,10.883280757097792,300320053400.0
2026-03-12,048410,현대바이오,15074.999999999998,14848.874999999998,-1.5,stop_loss,"{'gap_up': False, 'bullish': True, 'volume_spike': True, 'vwap_condition': True, 'momentum': True}",-0.19960079840319359,11.0,219543919650.0
2026-03-12,046120,오르비텍,6502.349999999999,6404.81475,-1.5,stop_loss,"{'gap_up': True, 'bullish': True, 'volume_spike': True, 'vwap_condition': True, 'momentum': True}",3.0254777070063694,26.120556414219475,186147021600.0
2026-03-12,380540,옵티코어,4251.15,4187.38275,-1.5,stop_loss,"{'gap_up': True, 'bullish': True, 'volume_spike': True, 'vwap_condition': True, 'momentum': True}",4.573547589616811,18.67612293144208,173544120840.0
2026-03-12,336260,두산퓨얼셀,40652.24999999999,41871.81749999999,3.0,take_profit,"{'gap_up': False, 'bullish': True, 'volume_spike': True, 'vwap_condition': True, 'momentum': True}",-1.5815085158150852,14.338689740420271,168935108750.0
2026-03-13,047040,대우건설,10361.55,10206.12675,-1.5,stop_loss,"{'gap_up': False, 'bullish': True, 'volume_spike': True, 'vwap_condition': True, 'momentum': True}",-1.4340344168260037,19.495635305528612,1058543455200.0
2026-03-13,417200,LS머트리얼즈,18803.55,18521.49675,-1.5,stop_loss,"{'gap_up': False, 'bullish': True, 'volume_spike': True, 'vwap_condition': True, 'momentum': True}",0.0,22.127204703367184,877665598050.0
2026-03-13,003280,흥아해운,2185.8749999999995,2153.0868749999995,-1.5,stop_loss,"{'gap_up': True, 'bullish': True, 'volume_spike': True, 'vwap_condition': False, 'momentum': True}",3.080568720379147,7.35632183908046,311071165760.0
2026-03-13,039980,폴라리스AI,1905.4799999999998,1876.8977999999997,-1.5,stop_loss,"{'gap_up': True, 'bullish': True, 'volume_spike': True, 'vwap_condition': True, 'momentum': True}",8.034188034188034,7.858649789029536,207649747855.0
2026-03-17,003280,흥아해운,3035.0999999999995,2989.5734999999995,-1.5,stop_loss,"{'gap_up': False, 'bullish': True, 'volume_spike': True, 'vwap_condition': True, 'momentum': True}",-0.4942339373970346,12.08609271523179,1144254256580.0
2026-03-17,090710,휴림로봇,12311.249999999998,12126.581249999997,-1.5,stop_loss,"{'gap_up': True, 'bullish': True, 'volume_spike': True, 'vwap_condition': True, 'momentum': True}",2.4247491638795986,9.714285714285714,482440008960.0
2026-03-17,009150,삼성전기,430642.49999999994,424182.86249999993,-1.5,stop_loss,"{'gap_up': True, 'bullish': True, 'volume_spike': False, 'vwap_condition': True, 'momentum': True}",3.753026634382567,4.200700116686114,462749474500.0
2026-03-17,027360,아주IB투자,6472.199999999999,6666.365999999999,3.0,take_profit,"{'gap_up': False, 'bullish': True, 'volume_spike': True, 'vwap_condition': True, 'momentum': True}",1.7377567140600316,16.149068322981368,346905181040.0
2026-03-17,000390,삼화페인트,9446.999999999998,9730.409999999998,3.0,take_profit,"{'gap_up': False, 'bullish': True, 'volume_spike': True, 'vwap_condition': True, 'momentum': True}",1.511879049676026,17.02127659574468,319075218000.0
2026-03-17,011930,신성이엔지,2331.6,2401.548,3.0,take_profit,"{'gap_up': True, 'bullish': True, 'volume_spike': True, 'vwap_condition': True, 'momentum': True}",3.571428571428571,25.43103448275862,304515035220.0
2026-03-17,307750,국전약품,4723.499999999999,4652.647499999999,-1.5,stop_loss,"{'gap_up': False, 'bullish': True, 'volume_spike': True, 'vwap_condition': True, 'momentum': True}",0.966702470461869,17.872340425531917,181293209240.0
2026-03-17,242040,나무기술,6723.449999999999,6925.153499999999,3.0,take_profit,"{'gap_up': True, 'bullish': True, 'volume_spike': True, 'vwap_condition': False, 'momentum': True}",4.694835680751173,3.1390134529147984,169592650500.0
2026-03-17,007660,이수페타시스,109544.99999999999,112831.34999999999,3.0,take_profit,"{'gap_up': True, 'bullish': True, 'volume_spike': False, 'vwap_condition': True, 'momentum': True}",3.0245746691871456,4.862385321100918,162726852600.0
2026-03-17,0011A0,액스비스,29948.999999999996,30847.469999999998,3.0,take_profit,"{'gap_up': True, 'bullish': True, 'volume_spike': False, 'vwap_condition': True, 'momentum': True}",4.929577464788732,9.563758389261745,103934745000.0
2026-03-17,209640,와이제이링크,4165.724999999999,4103.239124999999,-1.5,stop_loss,"{'gap_up': True, 'bullish': True, 'volume_spike': True, 'vwap_condition': True, 'momentum': True}",3.6249999999999996,25.45235223160434,93782020800.0
2026-03-17,065170,비엘팜텍,4482.299999999999,4415.065499999999,-1.5,stop_loss,"{'gap_up': True, 'bullish': True, 'volume_spike': False, 'vwap_condition': True, 'momentum': True}",9.852216748768473,6.390134529147982,89973840645.0
2026-03-18,KS11,Stock,5795.9355,5925.03,2.227328099148104,time_exit,"{'gap_up': True, 'bullish': True, 'volume_spike': False, 'vwap_condition': True, 'momentum': True}",2.2448444104048026,2.7384647396438306,6776881475675.189
2026-03-18,005930,삼성전자,201502.49999999997,207547.57499999998,3.0,take_profit,"{'gap_up': True, 'bullish': True, 'volume_spike': False, 'vwap_condition': True, 'momentum': True}",3.403816400206292,3.99002493765586,5243458288500.0
2026-03-18,000660,SK하이닉스,1004999.9999999999,1035149.9999999999,3.0,take_profit,"{'gap_up': True, 'bullish': True, 'volume_spike': False, 'vwap_condition': True, 'momentum': True}",3.0927835051546393,5.6000000000000005,4591365504000.0
2026-03-18,032820,우리기술,24823.499999999996,25568.204999999998,3.0,take_profit,"{'gap_up': True, 'bullish': True, 'volume_spike': False, 'vwap_condition': True, 'momentum': True}",2.4896265560165975,18.62348178137652,2228044576100.0
2026-03-18,122630,Stock,89992.72499999999,92692.50675,3.0,take_profit,"{'gap_up': True, 'bullish': True, 'volume_spike': False, 'vwap_condition': True, 'momentum': True}",4.792276184903453,6.359930761069853,1828574856480.0
2026-03-18,047040,대우건설,12381.599999999999,12753.047999999999,3.0,take_profit,"{'gap_up': False, 'bullish': True, 'volume_spike': True, 'vwap_condition': True, 'momentum': True}",1.7341040462427744,20.698051948051948,1666781125300.0
2026-03-18,005935,삼성전자우,144619.49999999997,148958.08499999996,3.0,take_profit,"{'gap_up': True, 'bullish': True, 'volume_spike': False, 'vwap_condition': True, 'momentum': True}",2.056737588652482,3.6136205698401667,780473194200.0
2026-03-18,396500,Stock,34119.75,35143.3425,3.0,take_profit,"{'gap_up': True, 'bullish': True, 'volume_spike': False, 'vwap_condition': True, 'momentum': True}",2.56797583081571,3.5935198821796757,702725474570.0
2026-03-18,403870,HPSP,45425.99999999999,46788.77999999999,3.0,take_profit,"{'gap_up': True, 'bullish': True, 'volume_spike': True, 'vwap_condition': True, 'momentum': True}",2.6106696935300793,10.619469026548673,608614450000.0
2026-03-18,090710,휴림로봇,13868.999999999998,13660.964999999998,-1.5,stop_loss,"{'gap_up': True, 'bullish': True, 'volume_spike': True, 'vwap_condition': True, 'momentum': True}",2.6785714285714284,7.898550724637682,588281430990.0
2026-03-18,091160,Stock,102590.4,105100.0,2.4462327859136974,time_exit,"{'gap_up': True, 'bullish': True, 'volume_spike': False, 'vwap_condition': True, 'momentum': True}",2.623906705539359,2.9584639498432606,481621065300.0
2026-03-18,402340,SK스퀘어,615059.9999999999,633511.7999999999,3.0,take_profit,"{'gap_up': True, 'bullish': True, 'volume_spike': False, 'vwap_condition': True, 'momentum': True}",4.258943781942079,2.941176470588235,352264500000.0
2026-03-18,494310,Stock,71857.49999999999,74013.22499999999,3.0,take_profit,"{'gap_up': True, 'bullish': True, 'volume_spike': False, 'vwap_condition': True, 'momentum': True}",4.0378319388868675,7.55944055944056,339793668180.0
2026-03-18,006340,대원전선,5849.099999999999,6024.572999999999,3.0,take_profit,"{'gap_up': True, 'bullish': True, 'volume_spike': True, 'vwap_condition': True, 'momentum': True}",2.6455026455026456,12.027491408934708,307563317760.0
2026-03-18,488080,Stock,44792.85,46136.6355,3.0,take_profit,"{'gap_up': True, 'bullish': True, 'volume_spike': False, 'vwap_condition': True, 'momentum': True}",4.379391100702576,8.223019968588737,300867645430.0
2026-03-18,035510,신세계 I&C,23416.499999999996,24118.994999999995,3.0,take_profit,"{'gap_up': True, 'bullish': True, 'volume_spike': True, 'vwap_condition': False, 'momentum': True}",3.0973451327433628,2.7896995708154506,284658826700.0
2026-03-18,001510,SK증권,1766.7899999999997,1819.7936999999997,3.0,take_profit,"{'gap_up': False, 'bullish': True, 'volume_spike': True, 'vwap_condition': True, 'momentum': True}",1.6184971098265895,6.939704209328783,264320827800.0
2026-03-18,007660,이수페타시스,118790.99999999999,122354.72999999998,3.0,take_profit,"{'gap_up': True, 'bullish': True, 'volume_spike': True, 'vwap_condition': True, 'momentum': True}",3.4120734908136483,5.83756345177665,248790248100.0
2026-03-19,001510,SK증권,1829.1,1883.973,3.0,take_profit,"{'gap_up': False, 'bullish': True, 'volume_spike': True, 'vwap_condition': True, 'momentum': True}",-3.1914893617021276,19.78021978021978,794495927140.0
2026-03-19,475150,SK이터닉스,43717.49999999999,45029.024999999994,3.0,take_profit,"{'gap_up': True, 'bullish': True, 'volume_spike': False, 'vwap_condition': True, 'momentum': True}",2.112676056338028,23.448275862068964,785571930000.0
2026-03-20,047040,대우건설,16944.3,17452.629,3.0,take_profit,"{'gap_up': True, 'bullish': True, 'volume_spike': False, 'vwap_condition': True, 'momentum': True}",4.267161410018553,13.345195729537366,1847663898990.0
2026-03-20,001510,SK증권,2246.1749999999997,2212.4823749999996,-1.5,stop_loss,"{'gap_up': True, 'bullish': True, 'volume_spike': True, 'vwap_condition': True, 'momentum': True}",2.522935779816514,15.659955257270694,1204488078475.0
2026-03-20,000250,삼천당제약,809024.9999999999,796889.6249999999,-1.5,stop_loss,"{'gap_up': False, 'bullish': True, 'volume_spike': True, 'vwap_condition': True, 'momentum': True}",1.257861635220126,12.670807453416149,585111142000.0
2026-03-20,036930,주성엔지니어링,68038.5,70079.655,3.0,take_profit,"{'gap_up': True, 'bullish': True, 'volume_spike': True, 'vwap_condition': True, 'momentum': True}",10.98360655737705,7.533234859675036,451799566400.0
2026-03-20,100090,SK오션플랜트,23768.249999999996,23411.726249999996,-1.5,stop_loss,"{'gap_up': True, 'bullish': True, 'volume_spike': True, 'vwap_condition': True, 'momentum': True}",20.172764227642276,8.0338266384778,328099175250.0
2026-03-20,006360,GS건설,28139.999999999996,28984.199999999997,3.0,take_profit,"{'gap_up': True, 'bullish': True, 'volume_spike': True, 'vwap_condition': True, 'momentum': True}",7.89980732177264,13.571428571428571,302792890200.0
2026-03-20,046120,오르비텍,11858.999999999998,11681.114999999998,-1.5,stop_loss,"{'gap_up': True, 'bullish': True, 'volume_spike': False, 'vwap_condition': True, 'momentum': True}",7.468123861566485,16.101694915254235,246840339100.0
2026-03-20,105840,우진,26732.999999999996,26332.004999999997,-1.5,stop_loss,"{'gap_up': False, 'bullish': True, 'volume_spike': True, 'vwap_condition': True, 'momentum': True}",1.7208413001912046,17.293233082706767,231643495200.0
2026-03-20,044490,태웅,49345.49999999999,48605.31749999999,-1.5,stop_loss,"{'gap_up': True, 'bullish': True, 'volume_spike': True, 'vwap_condition': True, 'momentum': True}",8.388520971302428,16.700610997963338,220194502800.0
2026-03-20,375500,DL이앤씨,57083.99999999999,56227.73999999999,-1.5,stop_loss,"{'gap_up': True, 'bullish': True, 'volume_spike': True, 'vwap_condition': True, 'momentum': True}",9.441233140655106,18.661971830985916,217406585800.0
2026-03-20,353200,대덕전자,80701.49999999999,79490.97749999998,-1.5,stop_loss,"{'gap_up': True, 'bullish': True, 'volume_spike': False, 'vwap_condition': True, 'momentum': True}",3.8809831824062093,3.1133250311332503,203512215600.0
2026-03-20,003380,하림지주,15376.499999999998,15837.794999999998,3.0,take_profit,"{'gap_up': False, 'bullish': True, 'volume_spike': True, 'vwap_condition': True, 'momentum': True}",1.3245033112582782,15.686274509803921,176985415200.0
2026-03-20,0082N0,카나프테라퓨틱스,48038.99999999999,47318.41499999999,-1.5,stop_loss,"{'gap_up': True, 'bullish': True, 'volume_spike': False, 'vwap_condition': True, 'momentum': True}",5.286343612334802,9.205020920502092,169138701000.0
2026-03-20,016360,삼성증권,100097.99999999999,102300.0,2.199844152730339,time_exit,"{'gap_up': False, 'bullish': True, 'volume_spike': True, 'vwap_condition': True, 'momentum': True}",1.0141987829614605,2.710843373493976,155210992200.0
2026-03-20,226950,올릭스,182708.99999999997,179968.36499999996,-1.5,stop_loss,"{'gap_up': False, 'bullish': True, 'volume_spike': True, 'vwap_condition': True, 'momentum': True}",0.0,2.8052805280528053,138420943500.0
2026-03-24,178320,서진시스템,45978.74999999999,45289.06874999999,-1.5,stop_loss,"{'gap_up': True, 'bullish': True, 'volume_spike': False, 'vwap_condition': True, 'momentum': True}",3.389830508474576,7.540983606557377,319002861600.0
2026-03-24,010170,대한광통신,7828.949999999999,7711.515749999999,-1.5,stop_loss,"{'gap_up': True, 'bullish': True, 'volume_spike': False, 'vwap_condition': True, 'momentum': True}",5.986394557823129,5.905006418485238,287051976750.0
2026-03-24,368770,파이버프로,17115.149999999998,16858.422749999998,-1.5,stop_loss,"{'gap_up': True, 'bullish': True, 'volume_spike': True, 'vwap_condition': True, 'momentum': True}",3.525835866261398,25.36699941280094,258428705150.0
2026-03-24,373220,LG에너지솔루션,373357.49999999994,384558.225,3.0,take_profit,"{'gap_up': True, 'bullish': True, 'volume_spike': False, 'vwap_condition': True, 'momentum': True}",4.353932584269663,5.652759084791386,257692342500.0
2026-03-24,240810,원익IPS,122408.99999999999,126081.26999999999,3.0,take_profit,"{'gap_up': True, 'bullish': True, 'volume_spike': True, 'vwap_condition': True, 'momentum': True}",4.819277108433735,10.591133004926109,238724769000.0
2026-03-24,014970,삼륭물산,8552.55,8424.26175,-1.5,stop_loss,"{'gap_up': False, 'bullish': True, 'volume_spike': True, 'vwap_condition': True, 'momentum': True}",0.0,12.220916568742656,203925122800.0
2026-03-24,050890,쏠리드,12944.399999999998,12750.233999999999,-1.5,stop_loss,"{'gap_up': True, 'bullish': True, 'volume_spike': False, 'vwap_condition': True, 'momentum': True}",4.12287793047696,3.4161490683229814,192266221320.0
2026-03-24,066970,엘앤에프,118589.99999999999,122147.69999999998,3.0,take_profit,"{'gap_up': True, 'bullish': True, 'volume_spike': True, 'vwap_condition': True, 'momentum': True}",5.263157894736842,5.932203389830509,173180125000.0
2026-03-24,450080,에코프로머티,63917.99999999999,65835.54,3.0,take_profit,"{'gap_up': True, 'bullish': True, 'volume_spike': True, 'vwap_condition': True, 'momentum': True}",4.2622950819672125,6.918238993710692,143150132000.0
2026-03-24,082920,비츠로셀,30149.999999999996,29697.749999999996,-1.5,stop_loss,"{'gap_up': True, 'bullish': True, 'volume_spike': False, 'vwap_condition': True, 'momentum': True}",2.9159519725557463,8.833333333333334,137153573300.0
2026-03-24,068270,셀트리온,196075.49999999997,193134.36749999996,-1.5,stop_loss,"{'gap_up': True, 'bullish': True, 'volume_spike': False, 'vwap_condition': True, 'momentum': True}",3.6112586298459903,2.3065094823167605,136839772000.0
2026-03-24,196170,알테오젠,341197.49999999994,351433.42499999993,3.0,take_profit,"{'gap_up': True, 'bullish': True, 'volume_spike': False, 'vwap_condition': True, 'momentum': True}",2.723146747352496,4.712812960235641,130275463500.0
2026-03-24,064350,현대로템,174266.99999999997,171652.99499999997,-1.5,stop_loss,"{'gap_up': True, 'bullish': True, 'volume_spike': False, 'vwap_condition': True, 'momentum': True}",2.664298401420959,2.5951557093425603,122746552500.0
2026-03-24,247540,에코프로비엠,187733.99999999997,193366.02,3.0,take_profit,"{'gap_up': True, 'bullish': True, 'volume_spike': False, 'vwap_condition': True, 'momentum': True}",4.29927414852038,3.3190578158458246,118839364000.0
2026-03-24,295310,에이치브이엠,91856.99999999999,90479.14499999999,-1.5,stop_loss,"{'gap_up': True, 'bullish': True, 'volume_spike': True, 'vwap_condition': True, 'momentum': True}",4.576659038901601,14.113785557986871,105598117800.0
2026-03-24,003000,부광약품,6421.949999999999,6325.620749999999,-1.5,stop_loss,"{'gap_up': True, 'bullish': True, 'volume_spike': True, 'vwap_condition': True, 'momentum': True}",5.7947019867549665,11.267605633802818,103295054070.0
2026-03-24,115440,우리넷,8502.3,8374.7655,-1.5,stop_loss,"{'gap_up': True, 'bullish': True, 'volume_spike': True, 'vwap_condition': True, 'momentum': True}",3.1707317073170733,17.02127659574468,102102214500.0
2026-03-25,050890,쏠리드,13718.249999999998,13512.476249999998,-1.5,stop_loss,"{'gap_up': True, 'bullish': True, 'volume_spike': True, 'vwap_condition': True, 'momentum': True}",2.4774774774774775,15.970695970695969,810952869630.0
2026-03-25,233740,Stock,16919.175,17426.75025,3.0,take_profit,"{'gap_up': True, 'bullish': True, 'volume_spike': False, 'vwap_condition': True, 'momentum': True}",3.727664818237831,3.0591030591030592,711275273550.0
2026-03-25,263750,펄어비스,45174.74999999999,46529.99249999999,3.0,take_profit,"{'gap_up': True, 'bullish': True, 'volume_spike': False, 'vwap_condition': True, 'momentum': True}",10.442260442260443,11.67964404894327,415287281000.0
2026-03-25,000250,삼천당제약,1041179.9999999999,1025562.2999999998,-1.5,stop_loss,"{'gap_up': True, 'bullish': True, 'volume_spike': False, 'vwap_condition': True, 'momentum': True}",10.683760683760683,7.818532818532818,406665073000.0
2026-03-25,010170,대한광통신,8542.5,8414.3625,-1.5,stop_loss,"{'gap_up': True, 'bullish': True, 'volume_spike': False, 'vwap_condition': True, 'momentum': True}",3.0303030303030303,7.1764705882352935,365471117360.0
2026-03-25,066970,엘앤에프,128639.99999999999,132499.19999999998,3.0,take_profit,"{'gap_up': True, 'bullish': True, 'volume_spike': True, 'vwap_condition': True, 'momentum': True}",2.4,13.28125,344595835000.0
2026-03-25,006800,미래에셋증권,64018.49999999999,63058.22249999999,-1.5,stop_loss,"{'gap_up': True, 'bullish': True, 'volume_spike': False, 'vwap_condition': True, 'momentum': True}",4.25531914893617,5.023547880690738,344313360300.0
2026-03-25,027360,아주IB투자,6733.499999999999,6632.497499999999,-1.5,stop_loss,"{'gap_up': True, 'bullish': True, 'volume_spike': True, 'vwap_condition': True, 'momentum': True}",2.1341463414634148,27.164179104477608,335130723840.0
2026-03-25,375500,DL이앤씨,65626.5,64642.1025,-1.5,stop_loss,"{'gap_up': True, 'bullish': True, 'volume_spike': False, 'vwap_condition': True, 'momentum': True}",8.291873963515755,6.1255742725880555,311156168400.0
2026-03-25,489790,한화비전,88439.99999999999,91093.19999999998,3.0,take_profit,"{'gap_up': True, 'bullish': True, 'volume_spike': True, 'vwap_condition': True, 'momentum': True}",6.024096385542169,5.340909090909091,296788690800.0
2026-03-25,012450,한화에어로스페이스,1368809.9999999998,1348277.8499999999,-1.5,stop_loss,"{'gap_up': True, 'bullish': True, 'volume_spike': False, 'vwap_condition': True, 'momentum': True}",2.0224719101123596,2.3494860499265786,254052318000.0
2026-03-25,298040,효성중공업,2792894.9999999995,2876681.8499999996,3.0,take_profit,"{'gap_up': True, 'bullish': True, 'volume_spike': False, 'vwap_condition': True, 'momentum': True}",2.8878193261754905,7.5926592299388265,237923270000.0
2026-03-25,100790,미래에셋벤처투자,21607.499999999996,21283.387499999997,-1.5,stop_loss,"{'gap_up': True, 'bullish': True, 'volume_spike': True, 'vwap_condition': True, 'momentum': True}",3.3653846153846154,25.581395348837212,227096271000.0
2026-03-25,368770,파이버프로,21607.499999999996,21283.387499999997,-1.5,stop_loss,"{'gap_up': False, 'bullish': True, 'volume_spike': True, 'vwap_condition': True, 'momentum': True}",0.702576112412178,7.209302325581396,222446330000.0
2026-03-25,475150,SK이터닉스,54370.49999999999,53554.94249999999,-1.5,stop_loss,"{'gap_up': True, 'bullish': True, 'volume_spike': False, 'vwap_condition': True, 'momentum': True}",4.440154440154441,6.099815157116451,191701248200.0
2026-03-26,108860,셀바스AI,13195.649999999998,12997.715249999997,-1.5,stop_loss,"{'gap_up': False, 'bullish': True, 'volume_spike': True, 'vwap_condition': True, 'momentum': True}",-2.306547619047619,27.57044935262757,388031371000.0
2026-03-26,950160,코오롱티슈진,107534.99999999999,105921.97499999999,-1.5,stop_loss,"{'gap_up': True, 'bullish': True, 'volume_spike': True, 'vwap_condition': True, 'momentum': True}",4.594330400782014,11.962616822429908,328518435200.0
2026-03-26,038110,에코플라스틱,3617.9999999999995,3726.5399999999995,3.0,take_profit,"{'gap_up': True, 'bullish': True, 'volume_spike': False, 'vwap_condition': True, 'momentum': True}",3.004291845493562,17.5,280000746900.0
2026-03-26,060280,큐렉소,15074.999999999998,14848.874999999998,-1.5,stop_loss,"{'gap_up': False, 'bullish': True, 'volume_spike': True, 'vwap_condition': True, 'momentum': True}",0.267379679144385,15.066666666666666,174929703020.0
2026-03-26,226950,올릭스,195070.49999999997,192144.44249999998,-1.5,stop_loss,"{'gap_up': True, 'bullish': True, 'volume_spike': False, 'vwap_condition': True, 'momentum': True}",3.464818763326226,3.039670273055126,99605200000.0
2026-03-26,009420,한올바이오파마,58792.49999999999,57910.612499999996,-1.5,stop_loss,"{'gap_up': False, 'bullish': True, 'volume_spike': True, 'vwap_condition': True, 'momentum': True}",1.2110726643598615,10.085470085470085,88860601200.0
2026-03-26,014160,대영포장,1093.4399999999998,1126.2432,3.0,take_profit,"{'gap_up': False, 'bullish': True, 'volume_spike': True, 'vwap_condition': True, 'momentum': True}",0.7407407407407408,29.503676470588236,68142396160.0
2026-03-27,100790,미래에셋벤처투자,28139.999999999996,27717.899999999998,-1.5,stop_loss,"{'gap_up': False, 'bullish': True, 'volume_spike': True, 'vwap_condition': True, 'momentum': True}",-0.8849557522123894,16.25,745034215800.0
2026-03-31,003280,흥아해운,3215.9999999999995,3167.7599999999993,-1.5,stop_loss,"{'gap_up': True, 'bullish': True, 'volume_spike': True, 'vwap_condition': True, 'momentum': True}",4.404567699836868,24.375,970797572240.0
2026-03-31,028050,삼성E&A,33969.0,33459.465,-1.5,stop_loss,"{'gap_up': False, 'bullish': True, 'volume_spike': True, 'vwap_condition': True, 'momentum': True}",1.6541353383458646,5.621301775147929,203784382200.0
2026-03-31,005880,대한해운,2271.2999999999997,2339.439,3.0,take_profit,"{'gap_up': False, 'bullish': True, 'volume_spike': True, 'vwap_condition': True, 'momentum': True}",0.0,5.9734513274336285,189301580770.0
2026-03-31,008350,남선알미늄,1476.3449999999998,1454.1998249999997,-1.5,stop_loss,"{'gap_up': True, 'bullish': True, 'volume_spike': True, 'vwap_condition': True, 'momentum': True}",6.064981949458484,22.532334921715453,163904412600.0
2026-03-31,006110,삼아알미늄,33667.5,33162.4875,-1.5,stop_loss,"{'gap_up': True, 'bullish': True, 'volume_spike': True, 'vwap_condition': True, 'momentum': True}",8.239095315024231,20.0,153103066800.0
2026-03-31,001780,알루코,2216.0249999999996,2182.784625,-1.5,stop_loss,"{'gap_up': True, 'bullish': True, 'volume_spike': True, 'vwap_condition': True, 'momentum': True}",2.797202797202797,20.408163265306122,146757235725.0
2026-03-31,018470,조일알미늄,1294.4399999999998,1275.0233999999998,-1.5,stop_loss,"{'gap_up': True, 'bullish': True, 'volume_spike': True, 'vwap_condition': True, 'momentum': True}",4.038772213247173,24.922360248447205,122263055647.0
2026-03-31,101670,하이드로리튬,2110.5,2173.815,3.0,take_profit,"{'gap_up': True, 'bullish': True, 'volume_spike': True, 'vwap_condition': True, 'momentum': True}",3.194103194103194,12.142857142857142,66269370300.0
2026-03-31,114190,강원에너지,14873.999999999998,14650.889999999998,-1.5,stop_loss,"{'gap_up': True, 'bullish': True, 'volume_spike': True, 'vwap_condition': True, 'momentum': True}",19.741100323624593,5.472972972972974,58235946020.0
2026-04-01,005930,삼성전자,179894.99999999997,185291.84999999998,3.0,take_profit,"{'gap_up': True, 'bullish': True, 'volume_spike': False, 'vwap_condition': True, 'momentum': True}",7.057416267942583,5.921787709497207,6141191589600.0
2026-04-01,KS11,Stock,5356.690199999999,5276.339846999999,-1.5,stop_loss,"{'gap_up': True, 'bullish': True, 'volume_spike': False, 'vwap_condition': True, 'momentum': True}",5.493957398970005,2.7890972675627173,5253817307742.5
2026-04-01,122630,Stock,73415.24999999999,75617.70749999999,3.0,take_profit,"{'gap_up': True, 'bullish': True, 'volume_spike': False, 'vwap_condition': True, 'momentum': True}",9.833107803337844,7.912388774811772,2300153846630.0
2026-04-01,047040,대우건설,16964.399999999998,17473.332,3.0,take_profit,"{'gap_up': True, 'bullish': True, 'volume_spike': False, 'vwap_condition': True, 'momentum': True}",8.55305466237942,15.106635071090047,1550308916350.0
2026-04-01,KQ11,Stock,1095.8117999999997,1116.18,1.858731581463199,time_exit,"{'gap_up': True, 'bullish': True, 'volume_spike': False, 'vwap_condition': True, 'momentum': True}",3.607978030958085,2.3680252393704984,1177665996400.9202
2026-04-01,079550,LIG넥스원,646214.9999999999,636521.7749999999,-1.5,stop_loss,"{'gap_up': True, 'bullish': True, 'volume_spike': False, 'vwap_condition': True, 'momentum': True}",5.237315875613748,23.48367029548989,680256324000.0
2026-04-01,233740,Stock,15220.724999999999,15677.346749999999,3.0,take_profit,"{'gap_up': True, 'bullish': True, 'volume_spike': False, 'vwap_condition': True, 'momentum': True}",7.259206798866856,3.7636183558930343,655556080935.0
2026-04-01,396500,Stock,30577.124999999996,31494.438749999998,3.0,take_profit,"{'gap_up': True, 'bullish': True, 'volume_spike': False, 'vwap_condition': True, 'momentum': True}",6.942003514938488,3.6318816762530814,628656175500.0
2026-04-01,091160,Stock,93062.99999999999,95854.88999999998,3.0,take_profit,"{'gap_up': True, 'bullish': True, 'volume_spike': False, 'vwap_condition': True, 'momentum': True}",6.559263521288838,3.590712742980562,488352064650.0
2026-04-01,005380,현대차,474359.99999999994,467244.5999999999,-1.5,stop_loss,"{'gap_up': True, 'bullish': True, 'volume_spike': False, 'vwap_condition': True, 'momentum': True}",5.948372615039282,3.389830508474576,475441808000.0
2026-04-01,005935,삼성전자우,122308.49999999999,120473.87249999998,-1.5,stop_loss,"{'gap_up': True, 'bullish': True, 'volume_spike': False, 'vwap_condition': True, 'momentum': True}",6.754385964912281,4.7658175842235,438526687500.0
2026-04-01,272210,한화시스템,119192.99999999999,122768.79,3.0,take_profit,"{'gap_up': True, 'bullish': True, 'volume_spike': True, 'vwap_condition': True, 'momentum': True}",3.943908851884312,8.600337268128163,359240974400.0
2026-04-01,494310,Stock,57546.299999999996,59272.689,3.0,take_profit,"{'gap_up': True, 'bullish': True, 'volume_spike': False, 'vwap_condition': True, 'momentum': True}",11.346621293145358,8.094655955291651,336632978625.0
2026-04-01,010170,대한광통신,8039.999999999999,7919.399999999999,-1.5,stop_loss,"{'gap_up': True, 'bullish': True, 'volume_spike': False, 'vwap_condition': True, 'momentum': True}",10.497237569060774,17.625,331271465540.0
2026-04-01,488080,Stock,35677.49999999999,35142.337499999994,-1.5,stop_loss,"{'gap_up': True, 'bullish': True, 'volume_spike': False, 'vwap_condition': True, 'momentum': True}",13.763819900656946,6.267605633802817,311603105325.0
2026-04-01,050890,쏠리드,13436.849999999999,13839.955499999998,3.0,take_profit,"{'gap_up': True, 'bullish': True, 'volume_spike': True, 'vwap_condition': True, 'momentum': True}",5.859065716547902,8.975317875841435,291280598850.0
2026-04-01,001510,SK증권,1961.7599999999998,2020.6127999999999,3.0,take_profit,"{'gap_up': True, 'bullish': True, 'volume_spike': False, 'vwap_condition': True, 'momentum': True}",6.086956521739131,9.887295081967213,264653703600.0
2026-04-01,009150,삼성전기,437174.99999999994,430617.37499999994,-1.5,stop_loss,"{'gap_up': True, 'bullish': True, 'volume_spike': False, 'vwap_condition': True, 'momentum': True}",6.748466257668712,2.1839080459770113,258331398500.0
2026-04-02,024060,흥구석유,18431.699999999997,18155.224499999997,-1.5,stop_loss,"{'gap_up': False, 'bullish': True, 'volume_spike': True, 'vwap_condition': True, 'momentum': True}",-0.43431053203040176,18.047982551799347,418569517250.0
2026-04-02,008350,남선알미늄,1679.3549999999998,1654.1646749999998,-1.5,stop_loss,"{'gap_up': True, 'bullish': True, 'volume_spike': True, 'vwap_condition': False, 'momentum': True}",2.389705882352941,6.523040095751047,319985852740.0
2026-04-02,065450,빅텍,4979.775,5129.16825,3.0,take_profit,"{'gap_up': True, 'bullish': True, 'volume_spike': True, 'vwap_condition': True, 'momentum': True}",2.8008298755186725,23.713420787083752,222017388230.0
2026-04-02,368770,파이버프로,22411.499999999996,22075.327499999996,-1.5,stop_loss,"{'gap_up': False, 'bullish': True, 'volume_spike': True, 'vwap_condition': True, 'momentum': True}",0.6772009029345373,5.605381165919283,118063827300.0
2026-04-02,010060,OCI홀딩스,199994.99999999997,196995.07499999998,-1.5,stop_loss,"{'gap_up': True, 'bullish': True, 'volume_spike': False, 'vwap_condition': True, 'momentum': True}",2.842377260981912,3.015075376884422,88263980000.0
2026-04-03,010170,대한광통신,11718.3,11542.5255,-1.5,stop_loss,"{'gap_up': True, 'bullish': True, 'volume_spike': False, 'vwap_condition': True, 'momentum': True}",15.217391304347828,9.262435677530018,965531335860.0
2026-04-03,079550,LIG넥스원,805004.9999999999,792929.9249999999,-1.5,stop_loss,"{'gap_up': True, 'bullish': True, 'volume_spike': False, 'vwap_condition': True, 'momentum': True}",2.1683673469387754,7.365792759051186,813919480000.0
2026-04-03,475150,SK이터닉스,54973.49999999999,56622.704999999994,3.0,take_profit,"{'gap_up': False, 'bullish': True, 'volume_spike': True, 'vwap_condition': True, 'momentum': True}",-0.5454545454545455,24.680073126142595,774692802400.0
2026-04-03,011930,신성이엔지,2899.4249999999997,2855.9336249999997,-1.5,stop_loss,"{'gap_up': True, 'bullish': True, 'volume_spike': True, 'vwap_condition': True, 'momentum': True}",4.909090909090909,19.410745233968804,663644507175.0
2026-04-03,009150,삼성전기,442199.99999999994,435566.99999999994,-1.5,stop_loss,"{'gap_up': True, 'bullish': True, 'volume_spike': False, 'vwap_condition': True, 'momentum': True}",5.515587529976019,3.6363636363636362,379179960000.0
2026-04-03,329180,HD현대중공업,454762.49999999994,447941.06249999994,-1.5,stop_loss,"{'gap_up': True, 'bullish': True, 'volume_spike': False, 'vwap_condition': True, 'momentum': True}",3.0751708428246016,5.966850828729282,353821132000.0
2026-04-03,028050,삼성E&A,36833.24999999999,37938.24749999999,3.0,take_profit,"{'gap_up': True, 'bullish': True, 'volume_spike': False, 'vwap_condition': True, 'momentum': True}",4.415954415954416,10.641200545702592,315888190050.0
2026-04-03,100090,SK오션플랜트,29697.749999999996,29252.283749999995,-1.5,stop_loss,"{'gap_up': True, 'bullish': True, 'volume_spike': True, 'vwap_condition': True, 'momentum': True}",4.232804232804233,2.199661590524535,304000327200.0
2026-04-03,272210,한화시스템,133263.0,131264.055,-1.5,stop_loss,"{'gap_up': True, 'bullish': True, 'volume_spike': False, 'vwap_condition': True, 'momentum': True}",2.631578947368421,2.1116138763197587,260984989400.0
2026-04-03,488080,Stock,35185.049999999996,34657.274249999995,-1.5,stop_loss,"{'gap_up': True, 'bullish': True, 'volume_spike': False, 'vwap_condition': True, 'momentum': True}",5.579010856453558,2.3850328477577833,211259819880.0
2026-04-03,112610,씨에스윈드,66631.5,68630.445,3.0,take_profit,"{'gap_up': True, 'bullish': True, 'volume_spike': True, 'vwap_condition': True, 'momentum': True}",2.157164869029276,15.987933634992457,175965425300.0
2026-04-03,042660,한화오션,122810.99999999999,120968.83499999998,-1.5,stop_loss,"{'gap_up': True, 'bullish': True, 'volume_spike': False, 'vwap_condition': True, 'momentum': True}",2.4308466051969826,4.746317512274959,166542848000.0
2026-04-07,005810,풍산홀딩스,53867.99999999999,53059.97999999999,-1.5,stop_loss,"{'gap_up': True, 'bullish': True, 'volume_spike': True, 'vwap_condition': True, 'momentum': True}",13.43915343915344,2.2388059701492535,209584792000.0
2026-04-07,004650,창해에탄올,10451.999999999998,10295.219999999998,-1.5,stop_loss,"{'gap_up': False, 'bullish': True, 'volume_spike': True, 'vwap_condition': True, 'momentum': True}",0.3861003861003861,15.480769230769232,201907303990.0
2026-04-07,017900,광전자,6381.749999999999,6286.023749999999,-1.5,stop_loss,"{'gap_up': True, 'bullish': True, 'volume_spike': False, 'vwap_condition': True, 'momentum': True}",9.671848013816927,18.425196850393704,160066787040.0
2026-04-07,0007C0,아크릴,32109.749999999996,31628.103749999995,-1.5,stop_loss,"{'gap_up': False, 'bullish': True, 'volume_spike': True, 'vwap_condition': True, 'momentum': True}",1.2678288431061806,17.84037558685446,139202667300.0
2026-04-07,321260,프로이천,2628.075,2588.653875,-1.5,stop_loss,"{'gap_up': True, 'bullish': True, 'volume_spike': True, 'vwap_condition': True, 'momentum': True}",6.73469387755102,10.89866156787763,136677843900.0
2026-04-08,000660,SK하이닉스,1012034.9999999999,996854.4749999999,-1.5,stop_loss,"{'gap_up': True, 'bullish': True, 'volume_spike': False, 'vwap_condition': True, 'momentum': True}",9.934497816593886,2.5819265143992056,6821424797000.0
2026-04-08,047040,대우건설,18873.899999999998,19440.117,3.0,take_profit,"{'gap_up': True, 'bullish': True, 'volume_spike': False, 'vwap_condition': True, 'momentum': True}",8.24207492795389,20.07454739084132,2043609625200.0
2026-04-08,000720,현대건설,166025.99999999997,171006.77999999997,3.0,take_profit,"{'gap_up': True, 'bullish': True, 'volume_spike': True, 'vwap_condition': True, 'momentum': True}",5.965362411802437,14.225181598062955,1111926449400.0
2026-04-08,010170,대한광통신,13969.499999999998,13759.957499999999,-1.5,stop_loss,"{'gap_up': True, 'bullish': True, 'volume_spike': False, 'vwap_condition': True, 'momentum': True}",9.968354430379748,5.683453237410072,1021165610530.0
2026-04-08,032820,우리기술,21406.499999999996,21085.402499999997,-1.5,stop_loss,"{'gap_up': True, 'bullish': True, 'volume_spike': True, 'vwap_condition': True, 'momentum': True}",6.7669172932330826,11.032863849765258,962363151200.0
2026-04-08,006360,GS건설,30752.999999999996,31675.589999999997,3.0,take_profit,"{'gap_up': True, 'bullish': True, 'volume_spike': True, 'vwap_condition': True, 'momentum': True}",6.25,22.22222222222222,586209881400.0
2026-04-08,375500,DL이앤씨,80701.49999999999,83122.54499999998,3.0,take_profit,"{'gap_up': True, 'bullish': True, 'volume_spike': True, 'vwap_condition': True, 'momentum': True}",6.216931216931217,18.55541718555417,577183415200.0
2026-04-08,091160,Unknown,102635.62499999999,101096.09062499998,-1.5,stop_loss,"{'gap_up': True, 'bullish': True, 'volume_spike': False, 'vwap_condition': True, 'momentum': True}",7.57926893500474,2.178702570379437,571531419700.0
2026-04-08,009150,삼성전기,492449.99999999994,507223.49999999994,3.0,take_profit,"{'gap_up': True, 'bullish': True, 'volume_spike': False, 'vwap_condition': True, 'momentum': True}",7.2210065645514225,4.8979591836734695,483186728000.0
2026-04-08,402340,SK스퀘어,560789.9999999999,577613.6999999998,3.0,take_profit,"{'gap_up': True, 'bullish': True, 'volume_spike': False, 'vwap_condition': True, 'momentum': True}",11.823647294589177,3.584229390681003,434817262000.0
2026-04-08,488080,Unknown,43164.74999999999,42517.27874999999,-1.5,stop_loss,"{'gap_up': True, 'bullish': True, 'volume_spike': False, 'vwap_condition': True, 'momentum': True}",14.99330655957162,3.8766006984866124,430267149230.0
2026-04-08,034020,두산에너빌리티,99695.99999999999,101200.0,1.5085861017493327,time_exit,"{'gap_up': True, 'bullish': True, 'volume_spike': False, 'vwap_condition': True, 'momentum': True}",4.531085353003162,2.0161290322580645,405858248400.0
2026-04-08,038500,삼표시멘트,15175.499999999998,14947.867499999998,-1.5,stop_loss,"{'gap_up': True, 'bullish': True, 'volume_spike': True, 'vwap_condition': True, 'momentum': True}",4.137931034482759,15.562913907284766,375286069250.0
2026-04-08,494310,Unknown,69143.99999999999,68106.83999999998,-1.5,stop_loss,"{'gap_up': True, 'bullish': True, 'volume_spike': False, 'vwap_condition': True, 'momentum': True}",14.323695579926888,2.7252906976744184,374477636225.0
2026-04-08,395270,Unknown,36195.075,35652.148875,-1.5,stop_loss,"{'gap_up': True, 'bullish': True, 'volume_spike': True, 'vwap_condition': True, 'momentum': True}",7.555621920262805,2.2212966819380813,356042061910.0
2026-04-08,028260,삼성물산,300997.49999999994,296482.5374999999,-1.5,stop_loss,"{'gap_up': True, 'bullish': True, 'volume_spike': False, 'vwap_condition': True, 'momentum': True}",9.306569343065693,3.1719532554257093,239811810000.0
2026-04-08,298040,효성중공업,2803949.9999999995,2761890.7499999995,-1.5,stop_loss,"{'gap_up': True, 'bullish': True, 'volume_spike': False, 'vwap_condition': True, 'momentum': True}",6.896551724137931,5.017921146953405,212090980000.0
2026-04-08,079900,전진건설로봇,64520.99999999999,63553.18499999999,-1.5,stop_loss,"{'gap_up': True, 'bullish': True, 'volume_spike': True, 'vwap_condition': True, 'momentum': True}",10.689655172413794,13.707165109034266,190756811000.0
2026-04-09,079550,LIG넥스원,868319.9999999999,855295.1999999998,-1.5,stop_loss,"{'gap_up': True, 'bullish': True, 'volume_spike': False, 'vwap_condition': True, 'momentum': True}",3.721488595438175,2.662037037037037,668579798000.0
2026-04-09,017900,광전자,8743.499999999998,9005.804999999998,3.0,take_profit,"{'gap_up': True, 'bullish': True, 'volume_spike': False, 'vwap_condition': True, 'momentum': True}",7.4074074074074066,21.03448275862069,405673262280.0
2026-04-09,278470,에이피알,358784.99999999994,369548.54999999993,3.0,take_profit,"{'gap_up': True, 'bullish': True, 'volume_spike': True, 'vwap_condition': False, 'momentum': True}",6.4083457526080485,2.380952380952381,317314673000.0
2026-04-09,093370,후성,10381.65,10225.92525,-1.5,stop_loss,"{'gap_up': True, 'bullish': True, 'volume_spike': True, 'vwap_condition': True, 'momentum': True}",6.385169927909372,8.809293320425944,280698947840.0
2026-04-09,065440,이루온,4266.224999999999,4394.2117499999995,3.0,take_profit,"{'gap_up': True, 'bullish': True, 'volume_spike': True, 'vwap_condition': False, 'momentum': True}",8.567774936061381,5.418138987043581,258618882275.0
2026-04-09,069540,빛과전자,3371.7749999999996,3321.1983749999995,-1.5,stop_loss,"{'gap_up': True, 'bullish': True, 'volume_spike': True, 'vwap_condition': True, 'momentum': True}",3.230769230769231,25.93144560357675,248537036150.0
2026-04-09,092790,넥스틸,14240.849999999999,14668.075499999999,3.0,take_profit,"{'gap_up': False, 'bullish': True, 'volume_spike': True, 'vwap_condition': True, 'momentum': True}",-3.3424283765347886,18.772053634438958,246305013570.0
2026-04-09,100590,머큐리,7577.699999999999,7805.030999999999,3.0,take_profit,"{'gap_up': True, 'bullish': True, 'volume_spike': True, 'vwap_condition': True, 'momentum': True}",2.029769959404601,16.710875331564985,230657970400.0
2026-04-09,010820,퍼스텍,8311.349999999999,8186.679749999998,-1.5,stop_loss,"{'gap_up': True, 'bullish': True, 'volume_spike': True, 'vwap_condition': True, 'momentum': True}",9.97340425531915,18.13784764207981,182019398800.0
2026-04-09,017550,수산세보틱스,2467.2749999999996,2541.2932499999997,3.0,take_profit,"{'gap_up': False, 'bullish': True, 'volume_spike': True, 'vwap_condition': True, 'momentum': True}",-9.074074074074074,19.95926680244399,150065187345.0
2026-04-09,037440,희림,5567.7,5484.184499999999,-1.5,stop_loss,"{'gap_up': False, 'bullish': True, 'volume_spike': True, 'vwap_condition': True, 'momentum': True}",1.8382352941176472,11.913357400722022,120601116600.0
2026-04-10,010170,대한광통신,14562.449999999999,14999.323499999999,3.0,take_profit,"{'gap_up': True, 'bullish': True, 'volume_spike': False, 'vwap_condition': True, 'momentum': True}",2.1861777150916786,22.63630089717046,1553226796960.0
2026-04-10,050890,쏠리드,14592.599999999999,15030.377999999999,3.0,take_profit,"{'gap_up': True, 'bullish': True, 'volume_spike': True, 'vwap_condition': True, 'momentum': True}",2.109704641350211,17.63085399449036,763619403680.0
2026-04-10,009150,삼성전기,532650.0,548629.5,3.0,take_profit,"{'gap_up': True, 'bullish': True, 'volume_spike': False, 'vwap_condition': True, 'momentum': True}",2.7131782945736433,6.60377358490566,613968550000.0
2026-04-10,005880,대한해운,2411.9999999999995,2484.3599999999997,3.0,take_profit,"{'gap_up': False, 'bullish': True, 'volume_spike': True, 'vwap_condition': True, 'momentum': True}",0.8403361344537815,28.749999999999996,484978809390.0
2026-04-10,064260,다날,7034.999999999999,7246.049999999999,3.0,take_profit,"{'gap_up': False, 'bullish': True, 'volume_spike': True, 'vwap_condition': True, 'momentum': True}",-2.2346368715083798,13.714285714285715,366541427280.0
2026-04-10,010820,퍼스텍,10622.849999999999,10463.507249999999,-1.5,stop_loss,"{'gap_up': True, 'bullish': True, 'volume_spike': True, 'vwap_condition': True, 'momentum': True}",8.188331627430912,7.757805108798486,347820382330.0
2026-04-10,005290,동진쎄미켐,46682.24999999999,48082.71749999999,3.0,take_profit,"{'gap_up': True, 'bullish': True, 'volume_spike': True, 'vwap_condition': True, 'momentum': True}",3.107658157602664,6.566200215285253,295906693500.0
2026-04-10,069540,빛과전자,4542.599999999999,4474.460999999999,-1.5,stop_loss,"{'gap_up': True, 'bullish': True, 'volume_spike': False, 'vwap_condition': True, 'momentum': True}",6.982248520710059,8.849557522123893,290985183600.0
2026-04-10,011070,LG이노텍,351247.49999999994,361784.92499999993,3.0,take_profit,"{'gap_up': True, 'bullish': True, 'volume_spike': False, 'vwap_condition': True, 'momentum': True}",2.4926686217008798,8.726752503576538,202517960000.0
2026-04-10,278470,에이피알,374864.99999999994,386110.94999999995,3.0,take_profit,"{'gap_up': True, 'bullish': True, 'volume_spike': False, 'vwap_condition': True, 'momentum': True}",2.0519835841313268,5.361930294906166,195138648000.0
2026-04-10,490470,세미파이브,24823.499999999996,25568.204999999998,3.0,take_profit,"{'gap_up': True, 'bullish': True, 'volume_spike': True, 'vwap_condition': True, 'momentum': True}",2.4896265560165975,26.720647773279353,187695019800.0
2026-04-10,062040,산일전기,147533.99999999997,151960.01999999996,3.0,take_profit,"{'gap_up': True, 'bullish': True, 'volume_spike': True, 'vwap_condition': True, 'momentum': True}",3.017543859649123,4.564032697547684,145803356500.0
