종목코드,종목명,시장,현재가,거래대금(억),충족전략수,우선순위,전략1_거래대금TOP20,순위,전략2_턴어라운드,52주고가대비,전략3_모멘텀,거래량비율,전략4_2000억돌파,전략5_MA200우상향,MA200기울기
003280,흥아해운,KOSPI,2335.0,3082.35544095,3,10,✅,18,,0.0%,✅,2.7x,,✅,3.0%
047040,대우건설,KOSPI,12320.0,10535.1398768,3,10,✅,4,,0.0%,✅,3.0x,,✅,12.9%
475150,이터닉스,KOSPI,39350.0,4543.3569025,3,10,✅,12,,0.0%,✅,3.3x,,✅,5.2%
481050,년금리플러스액티브,KOSPI,1022435.0,0.0,2,8,,,,0.0%,✅,6.8x,✅,,0.2%
000660,하이닉스,KOSPI,910000.0,30012.0457,2,7,✅,1,,0.0%,,0.7x,,✅,17.2%
000720,현대건설,KOSPI,164400.0,4456.34148,2,7,✅,14,,0.0%,,1.3x,,✅,14.1%
003670,포스코퓨처엠,KOSPI,190900.0,3026.803496,2,7,✅,19,,0.0%,,3.3x,,✅,5.9%
005380,현대차,KOSPI,517000.0,4913.75929,2,7,✅,10,,0.0%,,0.4x,,✅,12.8%
005930,삼성전자,KOSPI,183300.0,25264.561608,2,7,✅,2,,-17.8%,,0.4x,,✅,14.5%
005935,삼성전자우,KOSPI,133900.0,4057.460563,2,7,✅,15,,0.0%,,0.5x,,✅,11.9%
010140,삼성중공업,KOSPI,30700.0,3250.087428,2,7,✅,17,,0.0%,,1.7x,,✅,6.1%
012450,한화에어로스페이스,KOSPI,1488000.0,4792.65456,2,7,✅,11,,0.0%,,0.7x,,✅,4.8%
034020,두산에너빌리티,KOSPI,106500.0,10048.359135,2,7,✅,5,,0.0%,,1.2x,,✅,10.1%
091160,반도체,KOSPI,96935.0,3301.51982785,2,7,✅,16,,0.0%,,0.6x,,✅,13.0%
122630,레버리지,KOSPI,79725.0,14493.874251,2,7,✅,3,,0.0%,,0.8x,,✅,20.4%
229200,코스닥150,KOSPI,19925.0,4487.8141495,2,7,✅,13,,0.0%,,0.4x,,✅,5.4%
233740,코스닥150레버리지,KOSPI,17150.0,7303.642717,2,7,✅,6,,0.0%,,0.5x,,✅,10.1%
396500,반도체TOP10,KOSPI,32365.0,5319.8881286,2,7,✅,8,,0.0%,,0.6x,,✅,13.9%
001550,조비,KOSPI,17260.0,0.0,2,5,,,,0.0%,✅,4.7x,,✅,2.2%
006110,삼아알미늄,KOSPI,33850.0,0.0,2,5,,,,0.0%,✅,3.7x,,✅,2.8%
019180,티에이치엔,KOSPI,8610.0,0.0,2,5,,,,0.0%,✅,3.5x,,✅,9.1%
058730,다스코,KOSPI,3600.0,0.0,2,5,,,,0.0%,✅,5.1x,,✅,1.2%
114800,인버스,KOSPI,1711.0,5213.53345066,1,5,✅,9,,0.0%,,0.9x,,,-8.2%
252670,선물인버스2X,KOSPI,284.0,6098.85355748,1,5,✅,7,,0.0%,,0.5x,,,-15.5%
459580,금리액티브,KOSPI,1074375.0,2689.96640625,1,5,✅,20,,0.0%,,0.7x,,,0.2%
003920,남양유업,KOSPI,55900.0,0.0,1,3,,,,0.0%,✅,5.3x,,,-4.2%
003925,남양유업우,KOSPI,40950.0,0.0,1,3,,,,0.0%,✅,5.7x,,,-1.0%
008350,남선알미늄,KOSPI,1506.0,0.0,1,3,,,,0.0%,✅,5.0x,,,-0.7%
008355,남선알미우,KOSPI,14020.0,0.0,1,3,,,,0.0%,✅,3.0x,,,-0.7%
051630,진양화학,KOSPI,2485.0,0.0,1,3,,,,0.0%,✅,3.9x,,,0.6%
364990,게임TOP10,KOSPI,5660.0,0.0,1,3,,,,0.0%,✅,2.1x,,,0.8%
496020,전단채플러스액티브,KOSPI,51635.0,0.0,1,3,,,,0.0%,✅,7.5x,,,0.2%
000050,경방,KOSPI,9370.0,0.0,1,2,,,,0.0%,,0.2x,,✅,3.0%
000070,삼양홀딩스,KOSPI,70900.0,0.0,1,2,,,,0.0%,,0.4x,,✅,4.9%
000120,대한통운,KOSPI,111900.0,0.0,1,2,,,,0.0%,,0.4x,,✅,4.8%
000150,두산,KOSPI,1099000.0,0.0,1,2,,,,0.0%,,0.4x,,✅,10.7%
000155,두산우,KOSPI,512000.0,0.0,1,2,,,,0.0%,,0.5x,,✅,7.9%
000157,두산2우B,KOSPI,469000.0,0.0,1,2,,,,0.0%,,0.4x,,✅,6.3%
000180,성창기업지주,KOSPI,1544.0,0.0,1,2,,,,0.0%,,0.4x,,✅,1.9%
000230,일동홀딩스,KOSPI,10690.0,0.0,1,2,,,,0.0%,,0.3x,,✅,4.9%
000240,한국앤컴퍼니,KOSPI,25250.0,0.0,1,2,,,,0.0%,,0.5x,,✅,5.7%
000270,기아,KOSPI,164300.0,0.0,1,2,,,,0.0%,,0.9x,,✅,7.1%
000320,노루홀딩스,KOSPI,23100.0,0.0,1,2,,,,0.0%,,0.3x,,✅,4.0%
000370,한화손해보험,KOSPI,6920.0,0.0,1,2,,,,0.0%,,0.1x,,✅,6.0%
000390,삼화페인트,KOSPI,9450.0,0.0,1,2,,,,0.0%,,0.3x,,✅,5.2%
000400,롯데손해보험,KOSPI,2085.0,0.0,1,2,,,,0.0%,,0.1x,,✅,2.7%
000500,가온전선,KOSPI,98600.0,0.0,1,2,,,,0.0%,,0.3x,,✅,5.5%
000540,흥국화재,KOSPI,4580.0,0.0,1,2,,,,0.0%,,0.0x,,✅,3.7%
000590,홀딩스,KOSPI,82600.0,0.0,1,2,,,,0.0%,,0.7x,,✅,1.2%
000640,동아쏘시오홀딩스,KOSPI,103200.0,0.0,1,2,,,,0.0%,,0.4x,,✅,1.1%
000650,천일고속,KOSPI,233500.0,0.0,1,2,,,,0.0%,,0.3x,,✅,18.3%
000670,영풍,KOSPI,52200.0,0.0,1,2,,,,0.0%,,0.5x,,✅,4.6%
000700,유수홀딩스,KOSPI,6470.0,0.0,1,2,,,,0.0%,,1.0x,,✅,1.3%
000725,현대건설우,KOSPI,73800.0,0.0,1,2,,,,0.0%,,1.1x,,✅,2.9%
000760,이화산업,KOSPI,15500.0,0.0,1,2,,,,0.0%,,0.2x,,✅,3.9%
000810,삼성화재,KOSPI,474000.0,0.0,1,2,,,,0.0%,,0.8x,,✅,3.3%
000815,삼성화재우,KOSPI,388500.0,0.0,1,2,,,,0.0%,,0.8x,,✅,3.6%
000850,화천기공,KOSPI,37250.0,0.0,1,2,,,,0.0%,,0.4x,,✅,3.0%
000860,강남제비스코,KOSPI,15600.0,0.0,1,2,,,,0.0%,,0.5x,,✅,3.7%
000880,한화,KOSPI,122100.0,0.0,1,2,,,,0.0%,,0.4x,,✅,8.7%
000950,전방,KOSPI,36200.0,0.0,1,2,,,,0.0%,,0.4x,,✅,4.1%
000990,하이텍,KOSPI,86500.0,0.0,1,2,,,,0.0%,,0.5x,,✅,8.4%
001060,중외제약,KOSPI,31750.0,0.0,1,2,,,,0.0%,,0.3x,,✅,4.8%
001070,대한방직,KOSPI,6800.0,0.0,1,2,,,,0.0%,,0.2x,,✅,2.9%
001080,만호제강,KOSPI,5020.0,0.0,1,2,,,,0.0%,,0.6x,,✅,7.0%
001120,인터내셔널,KOSPI,43300.0,0.0,1,2,,,,0.0%,,0.8x,,✅,5.3%
001130,대한제분,KOSPI,152300.0,0.0,1,2,,,,0.0%,,3.3x,,✅,1.3%
001200,유진투자증권,KOSPI,4840.0,0.0,1,2,,,,0.0%,,0.1x,,✅,6.2%
001230,동국홀딩스,KOSPI,10320.0,0.0,1,2,,,,0.0%,,1.4x,,✅,2.6%
001270,부국증권,KOSPI,81500.0,0.0,1,2,,,,0.0%,,0.4x,,✅,9.4%
001275,부국증권우,KOSPI,37750.0,0.0,1,2,,,,0.0%,,0.5x,,✅,4.3%
001290,상상인증권,KOSPI,1226.0,0.0,1,2,,,,0.0%,,0.1x,,✅,10.2%
001360,삼성제약,KOSPI,1877.0,0.0,1,2,,,,0.0%,,0.5x,,✅,2.6%
001390,케미칼,KOSPI,5300.0,0.0,1,2,,,,0.0%,,2.2x,,✅,3.0%
001430,세아베스틸지주,KOSPI,70500.0,0.0,1,2,,,,0.0%,,0.8x,,✅,14.3%
001440,대한전선,KOSPI,29950.0,0.0,1,2,,,,0.0%,,0.4x,,✅,10.0%
001450,현대해상,KOSPI,29800.0,0.0,1,2,,,,0.0%,,0.3x,,✅,4.0%
001500,현대차증권,KOSPI,10960.0,0.0,1,2,,,,0.0%,,0.1x,,✅,6.4%
001510,증권,KOSPI,1781.0,0.0,1,2,,,,0.0%,,0.2x,,✅,17.2%
001515,증권우,KOSPI,3050.0,0.0,1,2,,,,0.0%,,0.1x,,✅,7.3%
001520,동양,KOSPI,830.0,0.0,1,2,,,,0.0%,,0.3x,,✅,4.4%
001560,제일연마,KOSPI,11370.0,0.0,1,2,,,,0.0%,,0.5x,,✅,1.4%
001620,케이비아이동국실업,KOSPI,622.0,0.0,1,2,,,,0.0%,,0.3x,,✅,3.3%
001720,신영증권,KOSPI,207000.0,0.0,1,2,,,,0.0%,,0.4x,,✅,8.5%
001740,네트웍스,KOSPI,5300.0,0.0,1,2,,,,0.0%,,0.3x,,✅,2.7%
001750,한양증권,KOSPI,26150.0,0.0,1,2,,,,0.0%,,0.5x,,✅,6.2%
001755,한양증권우,KOSPI,25350.0,0.0,1,2,,,,0.0%,,0.7x,,✅,4.9%
001800,오리온홀딩스,KOSPI,24100.0,0.0,1,2,,,,0.0%,,0.4x,,✅,2.7%
001820,삼화콘덴서,KOSPI,50600.0,0.0,1,2,,,,0.0%,,0.3x,,✅,7.4%
001940,홀딩스,KOSPI,25150.0,0.0,1,2,,,,0.0%,,0.5x,,✅,1.5%
002020,코오롱,KOSPI,55600.0,0.0,1,2,,,,0.0%,,0.6x,,✅,8.4%
002025,코오롱우,KOSPI,26750.0,0.0,1,2,,,,0.0%,,0.6x,,✅,5.9%
002170,삼양통상,KOSPI,58000.0,0.0,1,2,,,,0.0%,,0.3x,,✅,2.0%
002200,한국수출포장,KOSPI,3060.0,0.0,1,2,,,,0.0%,,0.6x,,✅,1.2%
002220,한일철강,KOSPI,3885.0,0.0,1,2,,,,0.0%,,0.4x,,✅,6.2%
002240,고려제강,KOSPI,20900.0,0.0,1,2,,,,0.0%,,0.9x,,✅,2.7%
002310,아세아제지,KOSPI,9160.0,0.0,1,2,,,,0.0%,,0.3x,,✅,3.4%
002350,넥센타이어,KOSPI,7300.0,0.0,1,2,,,,0.0%,,0.3x,,✅,4.2%
002355,넥센타이어1우B,KOSPI,4125.0,0.0,1,2,,,,0.0%,,0.3x,,✅,4.5%
002460,화성,KOSPI,12830.0,0.0,1,2,,,,0.0%,,0.8x,,✅,3.0%
002690,동일제강,KOSPI,1523.0,0.0,1,2,,,,0.0%,,0.2x,,✅,1.3%
002790,아모레퍼시픽홀딩스,KOSPI,26750.0,0.0,1,2,,,,0.0%,,0.6x,,✅,2.8%
002795,아모레퍼시픽홀딩스우,KOSPI,12290.0,0.0,1,2,,,,0.0%,,0.4x,,✅,2.9%
002810,삼영무역,KOSPI,19240.0,0.0,1,2,,,,0.0%,,0.7x,,✅,4.0%
002920,유성기업,KOSPI,2025.0,0.0,1,2,,,,0.0%,,0.2x,,✅,1.2%
002960,한국쉘석유,KOSPI,533000.0,0.0,1,2,,,,0.0%,,0.4x,,✅,3.0%
002990,금호건설,KOSPI,5040.0,0.0,1,2,,,,0.0%,,0.6x,,✅,5.3%
002995,금호건설우,KOSPI,14050.0,0.0,1,2,,,,0.0%,,0.5x,,✅,1.5%
003000,부광약품,KOSPI,6090.0,0.0,1,2,,,,0.0%,,1.1x,,✅,3.9%
003070,코오롱글로벌,KOSPI,10280.0,0.0,1,2,,,,0.0%,,1.3x,,✅,1.4%
003090,대웅,KOSPI,23800.0,0.0,1,2,,,,0.0%,,0.6x,,✅,2.3%
003120,일성아이에스,KOSPI,23900.0,0.0,1,2,,,,0.0%,,0.3x,,✅,3.5%
003160,디아이,KOSPI,32000.0,0.0,1,2,,,,0.0%,,0.5x,,✅,9.7%
003200,일신방직,KOSPI,12520.0,0.0,1,2,,,,0.0%,,0.9x,,✅,4.2%
003230,삼양식품,KOSPI,1086000.0,0.0,1,2,,,,0.0%,,0.6x,,✅,1.3%
003240,태광산업,KOSPI,1112000.0,0.0,1,2,,,,0.0%,,0.6x,,✅,4.7%
003300,한일홀딩스,KOSPI,17710.0,0.0,1,2,,,,0.0%,,0.9x,,✅,1.3%
003460,유화증권,KOSPI,3650.0,0.0,1,2,,,,0.0%,,0.1x,,✅,4.4%
003465,유화증권우,KOSPI,3500.0,0.0,1,2,,,,0.0%,,0.3x,,✅,3.4%
003470,유안타증권,KOSPI,4980.0,0.0,1,2,,,,0.0%,,0.2x,,✅,5.6%
003475,유안타증권우,KOSPI,4505.0,0.0,1,2,,,,0.0%,,0.3x,,✅,4.2%
003490,대한항공,KOSPI,24300.0,0.0,1,2,,,,0.0%,,0.5x,,✅,1.6%
003530,한화투자증권,KOSPI,7150.0,0.0,1,2,,,,0.0%,,0.1x,,✅,7.4%
003535,한화투자증권우,KOSPI,8300.0,0.0,1,2,,,,0.0%,,0.1x,,✅,3.8%
003540,대신증권,KOSPI,39850.0,0.0,1,2,,,,0.0%,,0.2x,,✅,8.6%
003545,대신증권우,KOSPI,26300.0,0.0,1,2,,,,0.0%,,0.4x,,✅,4.7%
003547,대신증권2우B,KOSPI,25000.0,0.0,1,2,,,,0.0%,,0.4x,,✅,4.7%
003570,다이내믹스,KOSPI,52300.0,0.0,1,2,,,,0.0%,,0.6x,,✅,3.5%
003610,방림,KOSPI,5270.0,0.0,1,2,,,,0.0%,,0.4x,,✅,3.5%
003650,미창석유,KOSPI,116600.0,0.0,1,2,,,,0.0%,,0.4x,,✅,2.6%
003690,코리안리,KOSPI,13160.0,0.0,1,2,,,,0.0%,,0.9x,,✅,4.9%
003720,삼영,KOSPI,7210.0,0.0,1,2,,,,0.0%,,0.3x,,✅,6.9%
003830,대한화섬,KOSPI,121900.0,0.0,1,2,,,,0.0%,,0.6x,,✅,1.1%
003850,보령,KOSPI,9590.0,0.0,1,2,,,,0.0%,,0.4x,,✅,1.3%
004000,롯데정밀화학,KOSPI,51400.0,0.0,1,2,,,,0.0%,,1.1x,,✅,3.1%
004020,현대제철,KOSPI,37000.0,0.0,1,2,,,,0.0%,,0.4x,,✅,3.9%
004060,세계물산,KOSPI,520.0,0.0,1,2,,,,0.0%,,0.2x,,✅,7.1%
004090,한국석유,KOSPI,19990.0,0.0,1,2,,,,0.0%,,1.0x,,✅,4.9%
004150,한솔홀딩스,KOSPI,3265.0,0.0,1,2,,,,0.0%,,0.3x,,✅,2.7%
004170,신세계,KOSPI,326000.0,0.0,1,2,,,,0.0%,,0.6x,,✅,8.9%
004310,현대약품,KOSPI,9270.0,0.0,1,2,,,,0.0%,,0.1x,,✅,15.6%
004360,세방,KOSPI,15080.0,0.0,1,2,,,,0.0%,,0.6x,,✅,2.6%
004365,세방우,KOSPI,9310.0,0.0,1,2,,,,0.0%,,0.1x,,✅,1.9%
004410,서울식품,KOSPI,206.0,0.0,1,2,,,,0.0%,,0.7x,,✅,2.4%
004440,삼일씨엔에스,KOSPI,5960.0,0.0,1,2,,,,0.0%,,0.7x,,✅,3.0%
004560,현대비앤지스틸,KOSPI,17750.0,0.0,1,2,,,,0.0%,,0.2x,,✅,5.2%
004690,삼천리,KOSPI,139700.0,0.0,1,2,,,,0.0%,,0.9x,,✅,4.0%
004700,조광피혁,KOSPI,69300.0,0.0,1,2,,,,0.0%,,0.3x,,✅,2.7%
004710,한솔테크닉스,KOSPI,5280.0,0.0,1,2,,,,0.0%,,0.3x,,✅,1.5%
004800,효성,KOSPI,132400.0,0.0,1,2,,,,0.0%,,0.8x,,✅,9.8%
004840,동일,KOSPI,5600.0,0.0,1,2,,,,0.0%,,0.6x,,✅,2.8%
004960,한신공영,KOSPI,12860.0,0.0,1,2,,,,0.0%,,0.5x,,✅,6.6%
004990,롯데지주,KOSPI,30100.0,0.0,1,2,,,,0.0%,,0.5x,,✅,3.6%
005070,코스모신소재,KOSPI,48000.0,0.0,1,2,,,,0.0%,,0.5x,,✅,3.2%
005090,에너지,KOSPI,63300.0,0.0,1,2,,,,0.0%,,1.0x,,✅,9.8%
005257,녹십자홀딩스2우,KOSPI,24000.0,0.0,1,2,,,,0.0%,,0.2x,,✅,1.1%
005300,롯데칠성,KOSPI,121500.0,0.0,1,2,,,,0.0%,,0.8x,,✅,2.1%
005305,롯데칠성우,KOSPI,80200.0,0.0,1,2,,,,0.0%,,0.7x,,✅,3.0%
005320,온타이드,KOSPI,510.0,0.0,1,2,,,,0.0%,,0.3x,,✅,1.5%
005385,현대차우,KOSPI,265000.0,0.0,1,2,,,,0.0%,,0.4x,,✅,6.6%
005387,현대차2우B,KOSPI,263500.0,0.0,1,2,,,,0.0%,,0.4x,,✅,6.5%
005389,현대차3우B,KOSPI,248500.0,0.0,1,2,,,,0.0%,,0.4x,,✅,6.0%
005430,한국공항,KOSPI,59000.0,0.0,1,2,,,,0.0%,,0.3x,,✅,2.5%
005440,현대지에프홀딩스,KOSPI,14600.0,0.0,1,2,,,,0.0%,,0.2x,,✅,11.0%
005490,홀딩스,KOSPI,337000.0,0.0,1,2,,,,0.0%,,0.5x,,✅,3.6%
005680,삼영전자,KOSPI,12720.0,0.0,1,2,,,,0.0%,,1.4x,,✅,1.4%
005690,파미셀,KOSPI,16420.0,0.0,1,2,,,,0.0%,,0.4x,,✅,3.8%
005720,넥센,KOSPI,6800.0,0.0,1,2,,,,0.0%,,0.2x,,✅,3.5%
005725,넥센우,KOSPI,4450.0,0.0,1,2,,,,0.0%,,0.4x,,✅,2.9%
005740,크라운해태홀딩스,KOSPI,6650.0,0.0,1,2,,,,0.0%,,0.4x,,✅,1.3%
005750,대림바스,KOSPI,5300.0,0.0,1,2,,,,0.0%,,0.5x,,✅,2.7%
005800,신영와코루,KOSPI,16490.0,0.0,1,2,,,,0.0%,,0.2x,,✅,4.3%
005810,풍산홀딩스,KOSPI,38600.0,0.0,1,2,,,,0.0%,,0.3x,,✅,2.8%
005820,원림,KOSPI,15880.0,0.0,1,2,,,,0.0%,,0.4x,,✅,1.1%
005830,손해보험,KOSPI,177300.0,0.0,1,2,,,,0.0%,,0.5x,,✅,7.4%
005850,에스엘,KOSPI,65300.0,0.0,1,2,,,,0.0%,,0.5x,,✅,7.8%
005880,대한해운,KOSPI,2200.0,0.0,1,2,,,,0.0%,,0.9x,,✅,3.9%
005940,투자증권,KOSPI,31700.0,0.0,1,2,,,,0.0%,,0.6x,,✅,8.8%
005945,투자증권우,KOSPI,25950.0,0.0,1,2,,,,0.0%,,0.5x,,✅,6.4%
005950,이수화학,KOSPI,8010.0,0.0,1,2,,,,0.0%,,0.2x,,✅,4.1%
005960,동부건설,KOSPI,7680.0,0.0,1,2,,,,0.0%,,0.7x,,✅,7.5%
006120,디스커버리,KOSPI,56600.0,0.0,1,2,,,,0.0%,,1.7x,,✅,2.8%
006125,디스커버리우,KOSPI,39800.0,0.0,1,2,,,,0.0%,,1.4x,,✅,1.1%
006220,제주은행,KOSPI,13610.0,0.0,1,2,,,,0.0%,,0.1x,,✅,3.2%
006280,녹십자,KOSPI,152200.0,0.0,1,2,,,,0.0%,,0.4x,,✅,2.8%
006340,대원전선,KOSPI,5980.0,0.0,1,2,,,,0.0%,,0.5x,,✅,7.2%
006360,건설,KOSPI,23000.0,0.0,1,2,,,,0.0%,,1.8x,,✅,1.9%
006400,삼성SDI,KOSPI,388000.0,0.0,1,2,,,,0.0%,,0.6x,,✅,9.0%
006405,삼성SDI우,KOSPI,222500.0,0.0,1,2,,,,0.0%,,0.4x,,✅,7.9%
006650,대한유화,KOSPI,127300.0,0.0,1,2,,,,0.0%,,0.5x,,✅,5.7%
006800,미래에셋증권,KOSPI,69500.0,0.0,1,2,,,,0.0%,,0.5x,,✅,23.8%
006805,미래에셋증권우,KOSPI,24250.0,0.0,1,2,,,,0.0%,,0.2x,,✅,16.9%
006980,우성,KOSPI,21350.0,0.0,1,2,,,,0.0%,,0.7x,,✅,2.7%
007070,리테일,KOSPI,18960.0,0.0,1,2,,,,0.0%,,0.3x,,✅,3.5%
007120,미래아이앤지,KOSPI,1765.0,0.0,1,2,,,,0.0%,,3.5x,,✅,2.0%
007160,사조산업,KOSPI,53000.0,0.0,1,2,,,,0.0%,,0.3x,,✅,4.2%
007340,오토모티브,KOSPI,27600.0,0.0,1,2,,,,0.0%,,0.4x,,✅,2.6%
007540,샘표,KOSPI,56400.0,0.0,1,2,,,,0.0%,,0.2x,,✅,2.9%
007660,이수페타시스,KOSPI,107100.0,0.0,1,2,,,,0.0%,,0.4x,,✅,8.6%
007690,국도화학,KOSPI,36100.0,0.0,1,2,,,,0.0%,,0.4x,,✅,1.4%
007700,홀딩스,KOSPI,18200.0,0.0,1,2,,,,0.0%,,0.7x,,✅,4.0%
007810,코리아써키트,KOSPI,51400.0,0.0,1,2,,,,0.0%,,0.4x,,✅,18.3%
007815,코리아써우,KOSPI,14700.0,0.0,1,2,,,,0.0%,,1.0x,,✅,11.3%
007860,서연,KOSPI,10000.0,0.0,1,2,,,,0.0%,,0.4x,,✅,3.0%
008060,대덕,KOSPI,12860.0,0.0,1,2,,,,0.0%,,0.6x,,✅,4.3%
008490,서흥,KOSPI,20450.0,0.0,1,2,,,,0.0%,,0.2x,,✅,3.3%
008930,한미사이언스,KOSPI,37150.0,0.0,1,2,,,,0.0%,,0.2x,,✅,2.8%
009150,삼성전기,KOSPI,400500.0,0.0,1,2,,,,0.0%,,0.4x,,✅,13.6%
009155,삼성전기우,KOSPI,165300.0,0.0,1,2,,,,0.0%,,0.6x,,✅,11.5%
009180,한솔로지스틱스,KOSPI,2965.0,0.0,1,2,,,,0.0%,,0.1x,,✅,2.8%
009290,광동제약,KOSPI,9020.0,0.0,1,2,,,,0.0%,,0.2x,,✅,5.2%
009420,한올바이오파마,KOSPI,56300.0,0.0,1,2,,,,0.0%,,0.8x,,✅,7.9%
009470,삼화전기,KOSPI,40000.0,0.0,1,2,,,,0.0%,,0.3x,,✅,4.4%
009540,한국조선해양,KOSPI,416000.0,0.0,1,2,,,,0.0%,,0.6x,,✅,4.0%
009680,모토닉,KOSPI,11170.0,0.0,1,2,,,,0.0%,,0.6x,,✅,1.2%
009770,삼정펄프,KOSPI,33050.0,0.0,1,2,,,,0.0%,,0.6x,,✅,2.7%
009830,한화솔루션,KOSPI,48700.0,0.0,1,2,,,,0.0%,,0.5x,,✅,6.3%
009835,한화솔루션우,KOSPI,28800.0,0.0,1,2,,,,0.0%,,0.3x,,✅,1.7%
009900,명신산업,KOSPI,11080.0,0.0,1,2,,,,0.0%,,0.8x,,✅,1.9%
009970,영원무역홀딩스,KOSPI,223000.0,0.0,1,2,,,,0.0%,,0.8x,,✅,8.7%
010060,홀딩스,KOSPI,166000.0,0.0,1,2,,,,0.0%,,1.3x,,✅,7.9%
010100,한국무브넥스,KOSPI,4700.0,0.0,1,2,,,,0.0%,,0.3x,,✅,2.3%
010130,고려아연,KOSPI,1628000.0,0.0,1,2,,,,0.0%,,0.6x,,✅,9.1%
010400,우진아이엔에스,KOSPI,4000.0,0.0,1,2,,,,0.0%,,1.8x,,✅,3.7%
010580,에스엠벡셀,KOSPI,2055.0,0.0,1,2,,,,0.0%,,0.4x,,✅,4.5%
010660,화천기계,KOSPI,5970.0,0.0,1,2,,,,0.0%,,0.4x,,✅,3.0%
010690,화신,KOSPI,12760.0,0.0,1,2,,,,0.0%,,0.2x,,✅,5.3%
010780,아이에스동서,KOSPI,33450.0,0.0,1,2,,,,0.0%,,1.3x,,✅,5.6%
010820,퍼스텍,KOSPI,7310.0,0.0,1,2,,,,0.0%,,0.3x,,✅,7.5%
010960,삼호개발,KOSPI,3995.0,0.0,1,2,,,,0.0%,,0.4x,,✅,1.4%
011070,이노텍,KOSPI,250000.0,0.0,1,2,,,,0.0%,,0.4x,,✅,6.0%
011170,롯데케미칼,KOSPI,70800.0,0.0,1,2,,,,0.0%,,0.7x,,✅,2.6%
011210,현대위아,KOSPI,83500.0,0.0,1,2,,,,0.0%,,0.3x,,✅,7.6%
011500,한농화성,KOSPI,22250.0,0.0,1,2,,,,0.0%,,0.2x,,✅,5.5%
011690,와이투솔루션,KOSPI,6910.0,0.0,1,2,,,,0.0%,,0.2x,,✅,12.9%
011700,한신기계,KOSPI,4945.0,0.0,1,2,,,,0.0%,,0.7x,,✅,4.9%
011760,현대코퍼레이션,KOSPI,25800.0,0.0,1,2,,,,0.0%,,0.5x,,✅,1.7%
011780,금호석유화학,KOSPI,116300.0,0.0,1,2,,,,0.0%,,1.1x,,✅,1.5%
011785,금호석유화학우,KOSPI,57600.0,0.0,1,2,,,,0.0%,,0.7x,,✅,1.7%
011930,신성이엔지,KOSPI,2370.0,0.0,1,2,,,,0.0%,,0.6x,,✅,4.9%
012160,영흥,KOSPI,551.0,0.0,1,2,,,,0.0%,,0.1x,,✅,1.7%
012200,계양전기,KOSPI,7410.0,0.0,1,2,,,,0.0%,,0.2x,,✅,21.8%
012205,계양전기우,KOSPI,5800.0,0.0,1,2,,,,0.0%,,0.2x,,✅,6.0%
012280,영화금속,KOSPI,1027.0,0.0,1,2,,,,0.0%,,0.7x,,✅,2.0%
012320,경동인베스트,KOSPI,85300.0,0.0,1,2,,,,0.0%,,0.6x,,✅,4.3%
012330,현대모비스,KOSPI,404000.0,0.0,1,2,,,,0.0%,,0.6x,,✅,5.7%
012510,더존비즈온,KOSPI,119000.0,0.0,1,2,,,,0.0%,,1.1x,,✅,5.9%
012610,경인양행,KOSPI,4125.0,0.0,1,2,,,,0.0%,,0.5x,,✅,3.3%
012750,에스원,KOSPI,83100.0,0.0,1,2,,,,0.0%,,1.1x,,✅,3.0%
013520,화승코퍼레이션,KOSPI,3025.0,0.0,1,2,,,,0.0%,,0.2x,,✅,4.9%
013570,디와이,KOSPI,4980.0,0.0,1,2,,,,0.0%,,0.3x,,✅,2.5%
013700,까뮤이앤씨,KOSPI,1290.0,0.0,1,2,,,,0.0%,,0.5x,,✅,1.0%
013870,지엠비코리아,KOSPI,5300.0,0.0,1,2,,,,0.0%,,0.2x,,✅,3.3%
014280,금강공업,KOSPI,5070.0,0.0,1,2,,,,0.0%,,0.6x,,✅,1.4%
014530,극동유화,KOSPI,3865.0,0.0,1,2,,,,0.0%,,0.7x,,✅,1.7%
014680,한솔케미칼,KOSPI,275000.0,0.0,1,2,,,,0.0%,,1.4x,,✅,9.2%
014710,사조씨푸드,KOSPI,7650.0,0.0,1,2,,,,0.0%,,0.2x,,✅,3.3%
014910,성문전자,KOSPI,1726.0,0.0,1,2,,,,0.0%,,0.2x,,✅,4.5%
015230,대창단조,KOSPI,6400.0,0.0,1,2,,,,0.0%,,0.6x,,✅,2.4%
015260,에이엔피,KOSPI,730.0,0.0,1,2,,,,0.0%,,0.1x,,✅,2.4%
015760,한국전력,KOSPI,48300.0,0.0,1,2,,,,0.0%,,1.1x,,✅,6.8%
015860,일진홀딩스,KOSPI,7430.0,0.0,1,2,,,,0.0%,,0.6x,,✅,7.1%
016360,삼성증권,KOSPI,95300.0,0.0,1,2,,,,0.0%,,0.5x,,✅,6.6%
016450,한세예스24홀딩스,KOSPI,4870.0,0.0,1,2,,,,0.0%,,1.1x,,✅,1.8%
016590,신대양제지,KOSPI,13200.0,0.0,1,2,,,,0.0%,,0.1x,,✅,5.1%
016610,증권,KOSPI,13990.0,0.0,1,2,,,,0.0%,,0.2x,,✅,8.7%
016710,대성홀딩스,KOSPI,8870.0,0.0,1,2,,,,0.0%,,0.3x,,✅,1.9%
016740,두올,KOSPI,4755.0,0.0,1,2,,,,0.0%,,0.5x,,✅,3.8%
016880,웅진,KOSPI,2145.0,0.0,1,2,,,,0.0%,,1.0x,,✅,2.7%
017180,명문제약,KOSPI,1856.0,0.0,1,2,,,,0.0%,,1.1x,,✅,1.0%
017390,서울가스,KOSPI,68200.0,0.0,1,2,,,,0.0%,,0.7x,,✅,2.7%
017670,텔레콤,KOSPI,75000.0,0.0,1,2,,,,0.0%,,0.3x,,✅,4.1%
017800,현대엘리베이터,KOSPI,87900.0,0.0,1,2,,,,0.0%,,0.4x,,✅,2.7%
017960,한국카본,KOSPI,46550.0,0.0,1,2,,,,0.0%,,0.8x,,✅,6.7%
018260,삼성에스디에스,KOSPI,160900.0,0.0,1,2,,,,0.0%,,0.6x,,✅,2.7%
018880,한온시스템,KOSPI,4055.0,0.0,1,2,,,,0.0%,,0.2x,,✅,3.3%
019170,신풍제약,KOSPI,11000.0,0.0,1,2,,,,0.0%,,0.3x,,✅,3.1%
019175,신풍제약우,KOSPI,16500.0,0.0,1,2,,,,0.0%,,0.3x,,✅,2.4%
020000,한섬,KOSPI,23550.0,0.0,1,2,,,,0.0%,,0.6x,,✅,4.3%
020150,롯데에너지머티리얼즈,KOSPI,37250.0,0.0,1,2,,,,0.0%,,0.5x,,✅,6.4%
020760,일진디스플,KOSPI,902.0,0.0,1,2,,,,0.0%,,0.0x,,✅,1.6%
021820,세원정공,KOSPI,16020.0,0.0,1,2,,,,0.0%,,0.8x,,✅,6.2%
022100,포스코DX,KOSPI,30800.0,0.0,1,2,,,,0.0%,,0.8x,,✅,4.2%
023530,롯데쇼핑,KOSPI,96000.0,0.0,1,2,,,,0.0%,,0.4x,,✅,4.6%
023590,다우기술,KOSPI,48550.0,0.0,1,2,,,,0.0%,,0.3x,,✅,8.4%
023800,인지컨트롤스,KOSPI,6660.0,0.0,1,2,,,,0.0%,,0.6x,,✅,1.8%
023810,인팩,KOSPI,8070.0,0.0,1,2,,,,0.0%,,0.3x,,✅,3.3%
023960,에쓰씨엔지니어링,KOSPI,1382.0,0.0,1,2,,,,0.0%,,0.3x,,✅,1.3%
024110,기업은행,KOSPI,23100.0,0.0,1,2,,,,0.0%,,0.7x,,✅,4.9%
025000,케미칼,KOSPI,50200.0,0.0,1,2,,,,0.0%,,0.8x,,✅,2.1%
025530,홀딩스,KOSPI,3590.0,0.0,1,2,,,,0.0%,,0.5x,,✅,1.1%
025540,한국단자,KOSPI,72600.0,0.0,1,2,,,,0.0%,,0.4x,,✅,1.7%
025560,미래산업,KOSPI,13640.0,0.0,1,2,,,,0.0%,,0.3x,,✅,2.3%
025620,차AI헬스케어,KOSPI,9600.0,0.0,1,2,,,,0.0%,,0.1x,,✅,2.8%
025820,이구산업,KOSPI,5070.0,0.0,1,2,,,,0.0%,,0.3x,,✅,2.1%
025860,남해화학,KOSPI,8950.0,0.0,1,2,,,,0.0%,,5.4x,,✅,1.2%
026890,스틱인베스트먼트,KOSPI,10090.0,0.0,1,2,,,,0.0%,,0.1x,,✅,1.3%
028050,삼성E,KOSPI,32800.0,0.0,1,2,,,,0.0%,,1.0x,,✅,5.5%
028100,동아지질,KOSPI,16950.0,0.0,1,2,,,,0.0%,,0.4x,,✅,1.7%
028260,삼성물산,KOSPI,280500.0,0.0,1,2,,,,0.0%,,0.6x,,✅,9.2%
028670,팬오션,KOSPI,5050.0,0.0,1,2,,,,0.0%,,0.4x,,✅,4.6%
029460,케이씨,KOSPI,31650.0,0.0,1,2,,,,0.0%,,0.5x,,✅,5.2%
029530,신도리코,KOSPI,54800.0,0.0,1,2,,,,0.0%,,0.5x,,✅,2.9%
029780,삼성카드,KOSPI,59100.0,0.0,1,2,,,,0.0%,,0.8x,,✅,3.8%
030000,제일기획,KOSPI,20700.0,0.0,1,2,,,,0.0%,,0.6x,,✅,1.4%
030190,평가정보,KOSPI,17460.0,0.0,1,2,,,,0.0%,,1.0x,,✅,2.5%
030210,다올투자증권,KOSPI,4495.0,0.0,1,2,,,,0.0%,,0.3x,,✅,3.0%
030610,교보증권,KOSPI,12490.0,0.0,1,2,,,,0.0%,,0.2x,,✅,7.5%
030720,동원수산,KOSPI,5890.0,0.0,1,2,,,,0.0%,,0.5x,,✅,1.0%
031210,서울보증보험,KOSPI,56200.0,0.0,1,2,,,,0.0%,,0.3x,,✅,4.7%
031430,신세계인터내셔날,KOSPI,12410.0,0.0,1,2,,,,0.0%,,0.4x,,✅,2.3%
031440,신세계푸드,KOSPI,48250.0,0.0,1,2,,,,0.0%,,0.6x,,✅,4.0%
031820,아이티센씨티에스,KOSPI,767.0,0.0,1,2,,,,0.0%,,0.2x,,✅,2.1%
032350,롯데관광개발,KOSPI,19430.0,0.0,1,2,,,,0.0%,,0.5x,,✅,6.3%
032560,황금에스티,KOSPI,5990.0,0.0,1,2,,,,0.0%,,0.2x,,✅,1.4%
032640,유플러스,KOSPI,14950.0,0.0,1,2,,,,0.0%,,0.8x,,✅,2.6%
032830,삼성생명,KOSPI,216000.0,0.0,1,2,,,,0.0%,,0.6x,,✅,9.0%
033240,자화전자,KOSPI,39950.0,0.0,1,2,,,,0.0%,,0.5x,,✅,14.3%
033530,세종,KOSPI,8480.0,0.0,1,2,,,,0.0%,,0.3x,,✅,7.4%
033920,무학,KOSPI,9180.0,0.0,1,2,,,,0.0%,,0.3x,,✅,2.8%
034220,디스플레이,KOSPI,11360.0,0.0,1,2,,,,0.0%,,0.5x,,✅,3.5%
034230,파라다이스,KOSPI,16750.0,0.0,1,2,,,,0.0%,,0.6x,,✅,3.4%
035000,애드,KOSPI,8760.0,0.0,1,2,,,,0.0%,,0.8x,,✅,1.8%
035250,강원랜드,KOSPI,18140.0,0.0,1,2,,,,0.0%,,0.6x,,✅,1.2%
035510,신세계,KOSPI,16540.0,0.0,1,2,,,,0.0%,,0.6x,,✅,2.7%
035720,카카오,KOSPI,50600.0,0.0,1,2,,,,0.0%,,0.3x,,✅,2.9%
036530,홀딩스,KOSPI,57900.0,0.0,1,2,,,,0.0%,,0.5x,,✅,4.5%
036570,엔씨소프트,KOSPI,228500.0,0.0,1,2,,,,0.0%,,1.3x,,✅,3.5%
036580,팜스코,KOSPI,3275.0,0.0,1,2,,,,0.0%,,0.3x,,✅,5.7%
037710,광주신세계,KOSPI,37750.0,0.0,1,2,,,,0.0%,,0.4x,,✅,3.2%
039490,키움증권,KOSPI,429000.0,0.0,1,2,,,,0.0%,,0.6x,,✅,12.1%
042660,한화오션,KOSPI,136900.0,0.0,1,2,,,,0.0%,,0.5x,,✅,4.8%
042700,한미반도체,KOSPI,305500.0,0.0,1,2,,,,0.0%,,0.4x,,✅,15.4%
044450,해운,KOSPI,10560.0,0.0,1,2,,,,0.0%,,0.4x,,✅,1.8%
044820,코스맥스비티아이,KOSPI,14170.0,0.0,1,2,,,,0.0%,,0.7x,,✅,1.6%
047050,포스코인터내셔널,KOSPI,73700.0,0.0,1,2,,,,0.0%,,1.3x,,✅,4.1%
047810,한국항공우주,KOSPI,182700.0,0.0,1,2,,,,0.0%,,0.5x,,✅,8.4%
049800,우진플라임,KOSPI,2525.0,0.0,1,2,,,,0.0%,,0.1x,,✅,3.1%
051600,한전KPS,KOSPI,60200.0,0.0,1,2,,,,0.0%,,1.0x,,✅,3.1%
051910,화학,KOSPI,297500.0,0.0,1,2,,,,0.0%,,0.5x,,✅,3.9%
051915,화학우,KOSPI,146800.0,0.0,1,2,,,,0.0%,,0.8x,,✅,3.7%
052690,한전기술,KOSPI,177700.0,0.0,1,2,,,,0.0%,,1.8x,,✅,9.6%
053210,스카이라이프,KOSPI,5170.0,0.0,1,2,,,,0.0%,,0.6x,,✅,1.3%
053690,한미글로벌,KOSPI,20350.0,0.0,1,2,,,,0.0%,,1.3x,,✅,1.8%
055550,신한지주,KOSPI,90800.0,0.0,1,2,,,,0.0%,,1.0x,,✅,6.3%
057050,현대홈쇼핑,KOSPI,78700.0,0.0,1,2,,,,0.0%,,0.4x,,✅,5.4%
058430,포스코스틸리온,KOSPI,45900.0,0.0,1,2,,,,0.0%,,0.2x,,✅,1.9%
058650,세아홀딩스,KOSPI,155500.0,0.0,1,2,,,,0.0%,,0.4x,,✅,4.9%
060980,홀딩스,KOSPI,43850.0,0.0,1,2,,,,0.0%,,0.5x,,✅,2.1%
062040,산일전기,KOSPI,140600.0,0.0,1,2,,,,0.0%,,0.5x,,✅,8.1%
064350,현대로템,KOSPI,198500.0,0.0,1,2,,,,0.0%,,0.7x,,✅,5.2%
064400,씨엔에스,KOSPI,67900.0,0.0,1,2,,,,0.0%,,0.5x,,✅,2.2%
064960,모티브,KOSPI,33450.0,0.0,1,2,,,,0.0%,,0.5x,,✅,1.9%
066570,전자,KOSPI,113100.0,0.0,1,2,,,,0.0%,,0.3x,,✅,6.1%
066575,전자우,KOSPI,52500.0,0.0,1,2,,,,0.0%,,0.3x,,✅,4.9%
066970,엘앤에프,KOSPI,106800.0,0.0,1,2,,,,0.0%,,1.0x,,✅,5.6%
067830,세이브존I,KOSPI,2965.0,0.0,1,2,,,,0.0%,,0.1x,,✅,2.9%
068270,셀트리온,KOSPI,205500.0,0.0,1,2,,,,0.0%,,0.7x,,✅,4.0%
069260,휴켐스,KOSPI,18820.0,0.0,1,2,,,,0.0%,,0.8x,,✅,1.7%
069620,대웅제약,KOSPI,167200.0,0.0,1,2,,,,0.0%,,0.4x,,✅,2.3%
069730,제강,KOSPI,4850.0,0.0,1,2,,,,0.0%,,0.5x,,✅,2.1%
069960,현대백화점,KOSPI,84500.0,0.0,1,2,,,,0.0%,,0.5x,,✅,4.6%
071050,한국금융지주,KOSPI,219500.0,0.0,1,2,,,,0.0%,,0.6x,,✅,10.7%
071055,한국금융지주우,KOSPI,161900.0,0.0,1,2,,,,0.0%,,0.3x,,✅,9.8%
071320,지역난방공사,KOSPI,86200.0,0.0,1,2,,,,0.0%,,0.7x,,✅,3.8%
071840,롯데하이마트,KOSPI,7700.0,0.0,1,2,,,,0.0%,,0.2x,,✅,1.1%
071970,현대마린엔진,KOSPI,81400.0,0.0,1,2,,,,0.0%,,0.6x,,✅,6.1%
072710,농심홀딩스,KOSPI,93600.0,0.0,1,2,,,,0.0%,,0.4x,,✅,3.1%
073240,금호타이어,KOSPI,5730.0,0.0,1,2,,,,0.0%,,0.5x,,✅,3.5%
075580,세진중공업,KOSPI,18040.0,0.0,1,2,,,,0.0%,,0.9x,,✅,5.4%
077970,엔진,KOSPI,34300.0,0.0,1,2,,,,0.0%,,0.9x,,✅,2.7%
078000,텔코웨어,KOSPI,18200.0,0.0,1,2,,,,0.0%,,0.4x,,✅,5.6%
078520,에이블씨엔씨,KOSPI,10970.0,0.0,1,2,,,,0.0%,,0.7x,,✅,4.0%
079550,넥스원,KOSPI,723000.0,0.0,1,2,,,,0.0%,,0.6x,,✅,5.3%
079900,전진건설로봇,KOSPI,56500.0,0.0,1,2,,,,0.0%,,0.3x,,✅,1.6%
081000,일진다이아,KOSPI,13940.0,0.0,1,2,,,,0.0%,,0.4x,,✅,1.7%
081660,미스토홀딩스,KOSPI,47550.0,0.0,1,2,,,,0.0%,,0.6x,,✅,3.3%
082640,동양생명,KOSPI,8030.0,0.0,1,2,,,,0.0%,,0.2x,,✅,2.4%
082740,한화엔진,KOSPI,49650.0,0.0,1,2,,,,0.0%,,0.6x,,✅,5.9%
084010,대한제강,KOSPI,11630.0,0.0,1,2,,,,0.0%,,0.3x,,✅,1.3%
084670,동양고속,KOSPI,41900.0,0.0,1,2,,,,0.0%,,0.2x,,✅,18.3%
084680,이월드,KOSPI,1610.0,0.0,1,2,,,,0.0%,,0.3x,,✅,1.3%
084870,글로벌,KOSPI,1939.0,0.0,1,2,,,,0.0%,,0.1x,,✅,4.6%
085310,엔케이,KOSPI,1034.0,0.0,1,2,,,,0.0%,,0.4x,,✅,1.5%
085620,미래에셋생명,KOSPI,13200.0,0.0,1,2,,,,0.0%,,0.3x,,✅,9.3%
086280,현대글로비스,KOSPI,223000.0,0.0,1,2,,,,0.0%,,0.6x,,✅,8.2%
086790,하나금융지주,KOSPI,108900.0,0.0,1,2,,,,0.0%,,1.1x,,✅,6.2%
088350,한화생명,KOSPI,4770.0,0.0,1,2,,,,0.0%,,0.2x,,✅,7.1%
088790,진도,KOSPI,2455.0,0.0,1,2,,,,0.0%,,2.0x,,✅,1.4%
089470,현대EP,KOSPI,5300.0,0.0,1,2,,,,0.0%,,0.3x,,✅,5.0%
090370,메타랩스,KOSPI,1399.0,0.0,1,2,,,,0.0%,,0.5x,,✅,1.0%
090430,아모레퍼시픽,KOSPI,131000.0,0.0,1,2,,,,0.0%,,0.7x,,✅,1.8%
090435,아모레퍼시픽우,KOSPI,47900.0,0.0,1,2,,,,0.0%,,0.7x,,✅,2.8%
090460,비에이치,KOSPI,18470.0,0.0,1,2,,,,0.0%,,1.4x,,✅,3.7%
091170,은행,KOSPI,14760.0,0.0,1,2,,,,0.0%,,0.4x,,✅,6.1%
091180,자동차,KOSPI,31280.0,0.0,1,2,,,,0.0%,,0.3x,,✅,7.1%
091220,은행,KOSPI,15440.0,0.0,1,2,,,,0.0%,,0.6x,,✅,6.1%
091230,반도체,KOSPI,102385.0,0.0,1,2,,,,0.0%,,0.5x,,✅,13.2%
092200,디아이씨,KOSPI,9220.0,0.0,1,2,,,,0.0%,,0.5x,,✅,7.3%
092230,홀딩스,KOSPI,79000.0,0.0,1,2,,,,0.0%,,0.2x,,✅,2.9%
093370,후성,KOSPI,6970.0,0.0,1,2,,,,0.0%,,0.6x,,✅,5.0%
094800,맵스리얼티,KOSPI,7200.0,0.0,1,2,,,,0.0%,,1.1x,,✅,4.5%
095570,네트웍스,KOSPI,5010.0,0.0,1,2,,,,0.0%,,0.4x,,✅,3.1%
096760,홀딩스,KOSPI,4145.0,0.0,1,2,,,,0.0%,,0.6x,,✅,2.9%
096770,이노베이션,KOSPI,112600.0,0.0,1,2,,,,0.0%,,1.1x,,✅,2.6%
096775,이노베이션우,KOSPI,71200.0,0.0,1,2,,,,0.0%,,0.3x,,✅,1.2%
097230,중공업,KOSPI,26900.0,0.0,1,2,,,,0.0%,,3.1x,,✅,9.0%
099140,차이나H,KOSPI,23665.0,0.0,1,2,,,,0.0%,,0.7x,,✅,1.1%
100090,오션플랜트,KOSPI,19240.0,0.0,1,2,,,,0.0%,,0.7x,,✅,1.3%
100840,에너지,KOSPI,45050.0,0.0,1,2,,,,0.0%,,0.7x,,✅,1.6%
101280,일본TOPIX100,KOSPI,28525.0,0.0,1,2,,,,0.0%,,0.2x,,✅,2.9%
102780,삼성그룹,KOSPI,17965.0,0.0,1,2,,,,0.0%,,0.4x,,✅,8.6%
102960,기계장비,KOSPI,16465.0,0.0,1,2,,,,0.0%,,0.2x,,✅,6.8%
102970,증권,KOSPI,26600.0,0.0,1,2,,,,0.0%,,0.4x,,✅,12.5%
103140,풍산,KOSPI,102500.0,0.0,1,2,,,,0.0%,,0.6x,,✅,4.8%
103590,일진전기,KOSPI,78700.0,0.0,1,2,,,,0.0%,,0.3x,,✅,11.4%
104520,블루칩,KOSPI,14005.0,0.0,1,2,,,,0.0%,,0.9x,,✅,5.6%
104530,고배당,KOSPI,19405.0,0.0,1,2,,,,0.0%,,0.2x,,✅,5.8%
104700,한국철강,KOSPI,9360.0,0.0,1,2,,,,0.0%,,0.2x,,✅,1.1%
105010,라틴35,KOSPI,6630.0,0.0,1,2,,,,0.0%,,0.4x,,✅,4.7%
105560,금융,KOSPI,148900.0,0.0,1,2,,,,0.0%,,0.8x,,✅,5.6%
105630,한세실업,KOSPI,12280.0,0.0,1,2,,,,0.0%,,0.6x,,✅,1.8%
105780,대그룹주,KOSPI,12550.0,0.0,1,2,,,,0.0%,,0.4x,,✅,9.2%
105840,우진,KOSPI,28250.0,0.0,1,2,,,,0.0%,,1.3x,,✅,12.1%
108450,삼성그룹섹터가중,KOSPI,30145.0,0.0,1,2,,,,0.0%,,0.6x,,✅,8.7%
111770,영원무역,KOSPI,89400.0,0.0,1,2,,,,0.0%,,0.5x,,✅,6.2%
112610,씨에스윈드,KOSPI,55400.0,0.0,1,2,,,,0.0%,,1.1x,,✅,2.0%
117460,에너지화학,KOSPI,15080.0,0.0,1,2,,,,0.0%,,0.5x,,✅,5.3%
117580,대성에너지,KOSPI,10590.0,0.0,1,2,,,,0.0%,,0.8x,,✅,2.8%
117680,철강,KOSPI,15100.0,0.0,1,2,,,,0.0%,,0.3x,,✅,5.5%
117690,차이나항셍30,KOSPI,21815.0,0.0,1,2,,,,0.0%,,0.2x,,✅,1.0%
117700,건설,KOSPI,6865.0,0.0,1,2,,,,0.0%,,1.9x,,✅,7.1%
120110,코오롱인더,KOSPI,75000.0,0.0,1,2,,,,0.0%,,1.1x,,✅,8.1%
120115,코오롱인더우,KOSPI,28250.0,0.0,1,2,,,,0.0%,,0.8x,,✅,3.4%
122090,코스피50,KOSPI,59290.0,0.0,1,2,,,,0.0%,,0.2x,,✅,10.5%
123320,레버리지,KOSPI,79610.0,0.0,1,2,,,,0.0%,,1.1x,,✅,20.5%
123690,한국화장품,KOSPI,8490.0,0.0,1,2,,,,0.0%,,0.4x,,✅,2.3%
126560,현대퓨처넷,KOSPI,3275.0,0.0,1,2,,,,0.0%,,0.8x,,✅,1.2%
126720,수산인더스트리,KOSPI,29300.0,0.0,1,2,,,,0.0%,,1.6x,,✅,3.1%
128820,대성산업,KOSPI,8140.0,0.0,1,2,,,,0.0%,,0.2x,,✅,10.3%
128940,한미약품,KOSPI,496500.0,0.0,1,2,,,,0.0%,,1.0x,,✅,8.0%
130660,한전산업,KOSPI,21850.0,0.0,1,2,,,,0.0%,,0.5x,,✅,8.5%
130680,원유선물Enhanced,KOSPI,6385.0,0.0,1,2,,,,0.0%,,2.0x,,✅,2.7%
131890,삼성그룹동일가중,KOSPI,31810.0,0.0,1,2,,,,0.0%,,0.1x,,✅,6.6%
132030,골드선물,KOSPI,29045.0,0.0,1,2,,,,0.0%,,0.5x,,✅,4.1%
133690,미국나스닥100,KOSPI,162390.0,0.0,1,2,,,,0.0%,,0.6x,,✅,2.4%
133820,화인베스틸,KOSPI,1304.0,0.0,1,2,,,,0.0%,,1.1x,,✅,3.4%
134380,미원화학,KOSPI,109300.0,0.0,1,2,,,,0.0%,,0.3x,,✅,3.5%
136490,선진,KOSPI,10300.0,0.0,1,2,,,,0.0%,,0.6x,,✅,5.1%
138490,코오롱ENP,KOSPI,13800.0,0.0,1,2,,,,0.0%,,0.6x,,✅,7.3%
138520,삼성그룹,KOSPI,24565.0,0.0,1,2,,,,0.0%,,0.7x,,✅,9.2%
138530,그룹플러스,KOSPI,9140.0,0.0,1,2,,,,0.0%,,0.2x,,✅,4.5%
138540,현대차그룹플러스,KOSPI,59650.0,0.0,1,2,,,,0.0%,,0.5x,,✅,8.8%
138910,구리선물,KOSPI,9070.0,0.0,1,2,,,,0.0%,,0.4x,,✅,1.7%
138930,금융지주,KOSPI,18270.0,0.0,1,2,,,,0.0%,,0.6x,,✅,6.5%
139130,금융지주,KOSPI,16660.0,0.0,1,2,,,,0.0%,,0.5x,,✅,6.1%
139220,건설,KOSPI,7475.0,0.0,1,2,,,,0.0%,,1.7x,,✅,8.5%
139230,중공업,KOSPI,16360.0,0.0,1,2,,,,0.0%,,0.4x,,✅,6.8%
139240,철강소재,KOSPI,13980.0,0.0,1,2,,,,0.0%,,0.2x,,✅,5.0%
139250,에너지화학,KOSPI,16450.0,0.0,1,2,,,,0.0%,,3.2x,,✅,6.4%
139270,금융,KOSPI,15945.0,0.0,1,2,,,,0.0%,,0.1x,,✅,6.7%
139280,경기방어,KOSPI,13080.0,0.0,1,2,,,,0.0%,,0.1x,,✅,3.2%
139290,경기소비재,KOSPI,26635.0,0.0,1,2,,,,0.0%,,0.4x,,✅,6.6%
139320,금은선물,KOSPI,22035.0,0.0,1,2,,,,0.0%,,0.2x,,✅,4.5%
139480,이마트,KOSPI,93700.0,0.0,1,2,,,,0.0%,,0.2x,,✅,1.7%
140570,수출주,KOSPI,22185.0,0.0,1,2,,,,0.0%,,0.1x,,✅,6.7%
140580,우량업종대표주,KOSPI,23205.0,0.0,1,2,,,,0.0%,,0.2x,,✅,6.8%
140700,보험,KOSPI,15350.0,0.0,1,2,,,,0.0%,,0.1x,,✅,6.1%
140710,운송,KOSPI,6670.0,0.0,1,2,,,,0.0%,,0.2x,,✅,3.4%
140950,파워,KOSPI,63580.0,0.0,1,2,,,,0.0%,,0.1x,,✅,10.1%
143850,미국S,KOSPI,68360.0,0.0,1,2,,,,0.0%,,0.3x,,✅,1.6%
143860,헬스케어,KOSPI,51080.0,0.0,1,2,,,,0.0%,,0.4x,,✅,3.4%
144600,은선물,KOSPI,13760.0,0.0,1,2,,,,0.0%,,0.4x,,✅,9.2%
145850,펀더멘탈,KOSPI,87625.0,0.0,1,2,,,,0.0%,,0.0x,,✅,9.6%
145995,삼양사우,KOSPI,35850.0,0.0,1,2,,,,0.0%,,0.0x,,✅,1.5%
147970,모멘텀,KOSPI,66350.0,0.0,1,2,,,,0.0%,,0.2x,,✅,6.9%
150460,중국소비테마,KOSPI,7390.0,0.0,1,2,,,,0.0%,,0.2x,,✅,1.3%
152500,레버리지,KOSPI,32400.0,0.0,1,2,,,,0.0%,,0.1x,,✅,20.4%
152550,한국ANKOR유전,KOSPI,344.0,0.0,1,2,,,,0.0%,,0.7x,,✅,1.6%
152870,파워,KOSPI,82715.0,0.0,1,2,,,,0.0%,,0.0x,,✅,9.8%
153270,코스피100,KOSPI,62220.0,0.0,1,2,,,,0.0%,,0.2x,,✅,10.1%
157490,소프트웨어,KOSPI,9290.0,0.0,1,2,,,,0.0%,,0.4x,,✅,1.8%
157500,증권,KOSPI,18325.0,0.0,1,2,,,,0.0%,,0.5x,,✅,12.1%
159800,마이티,KOSPI,64510.0,0.0,1,2,,,,0.0%,,0.0x,,✅,10.0%
160580,구리실물,KOSPI,15775.0,0.0,1,2,,,,0.0%,,0.6x,,✅,2.7%
161390,한국타이어앤테크놀로지,KOSPI,55300.0,0.0,1,2,,,,0.0%,,0.8x,,✅,5.4%
161510,고배당주,KOSPI,25740.0,0.0,1,2,,,,0.0%,,0.5x,,✅,6.1%
166400,커버드콜OTM,KOSPI,19190.0,0.0,1,2,,,,0.0%,,0.0x,,✅,4.4%
168580,중국본토CSI300,KOSPI,36605.0,0.0,1,2,,,,0.0%,,0.4x,,✅,2.8%
169950,차이나A50,KOSPI,26580.0,0.0,1,2,,,,0.0%,,0.7x,,✅,1.9%
174350,로우볼,KOSPI,19985.0,0.0,1,2,,,,0.0%,,0.6x,,✅,4.5%
174360,중국본토대형주CSI100,KOSPI,25065.0,0.0,1,2,,,,0.0%,,0.5x,,✅,3.0%
175330,금융지주,KOSPI,30500.0,0.0,1,2,,,,0.0%,,0.5x,,✅,6.2%
178920,첨단소재,KOSPI,19490.0,0.0,1,2,,,,0.0%,,0.4x,,✅,1.7%
180640,한진칼,KOSPI,115600.0,0.0,1,2,,,,0.0%,,0.8x,,✅,3.7%
183190,아세아시멘트,KOSPI,12030.0,0.0,1,2,,,,0.0%,,0.4x,,✅,1.3%
183710,주식혼합,KOSPI,74325.0,0.0,1,2,,,,0.0%,,0.6x,,✅,6.9%
185680,미국S,KOSPI,39205.0,0.0,1,2,,,,0.0%,,0.6x,,✅,4.7%
185750,종근당,KOSPI,85100.0,0.0,1,2,,,,0.0%,,0.5x,,✅,1.2%
189400,글로벌MSCI,KOSPI,22910.0,0.0,1,2,,,,0.0%,,0.2x,,✅,1.9%
192090,차이나CSI300,KOSPI,13295.0,0.0,1,2,,,,0.0%,,0.5x,,✅,2.9%
192400,쿠쿠홀딩스,KOSPI,28350.0,0.0,1,2,,,,0.0%,,0.5x,,✅,1.2%
192650,드림텍,KOSPI,6970.0,0.0,1,2,,,,0.0%,,1.1x,,✅,1.8%
192720,파워,KOSPI,54825.0,0.0,1,2,,,,0.0%,,0.6x,,✅,5.3%
194370,제이에스코퍼레이션,KOSPI,12050.0,0.0,1,2,,,,0.0%,,0.3x,,✅,4.3%
195870,해성디에스,KOSPI,52900.0,0.0,1,2,,,,0.0%,,0.5x,,✅,9.4%
195920,일본TOPIX,KOSPI,30875.0,0.0,1,2,,,,0.0%,,0.9x,,✅,3.4%
195930,유로스탁스50,KOSPI,20870.0,0.0,1,2,,,,0.0%,,0.2x,,✅,1.4%
195970,선진국MSCI,KOSPI,14975.0,0.0,1,2,,,,0.0%,,0.4x,,✅,1.9%
195980,신흥국MSCI,KOSPI,13145.0,0.0,1,2,,,,0.0%,,0.3x,,✅,2.9%
196030,일본TOPIX레버리지,KOSPI,70700.0,0.0,1,2,,,,0.0%,,2.1x,,✅,6.8%
200030,미국S,KOSPI,42600.0,0.0,1,2,,,,0.0%,,0.9x,,✅,2.9%
200880,서연이화,KOSPI,14540.0,0.0,1,2,,,,0.0%,,0.4x,,✅,2.7%
203780,미국나스닥바이오,KOSPI,31130.0,0.0,1,2,,,,0.0%,,0.3x,,✅,3.8%
204320,만도,KOSPI,52000.0,0.0,1,2,,,,0.0%,,0.9x,,✅,4.7%
204480,차이나CSI300레버리지,KOSPI,29785.0,0.0,1,2,,,,0.0%,,0.9x,,✅,4.9%
210540,디와이파워,KOSPI,14030.0,0.0,1,2,,,,0.0%,,0.4x,,✅,2.0%
210780,코스피고배당,KOSPI,24715.0,0.0,1,2,,,,0.0%,,0.3x,,✅,5.2%
210980,디앤디,KOSPI,13430.0,0.0,1,2,,,,0.0%,,2.0x,,✅,3.5%
211560,배당성장,KOSPI,35590.0,0.0,1,2,,,,0.0%,,0.2x,,✅,6.4%
211900,코리아배당성장,KOSPI,28370.0,0.0,1,2,,,,0.0%,,0.4x,,✅,6.4%
213610,삼성그룹밸류,KOSPI,16575.0,0.0,1,2,,,,0.0%,,0.5x,,✅,8.2%
213630,미국다우존스고배당주,KOSPI,19415.0,0.0,1,2,,,,0.0%,,0.2x,,✅,1.8%
215620,코리아로우볼,KOSPI,17765.0,0.0,1,2,,,,0.0%,,0.0x,,✅,2.9%
218420,미국S,KOSPI,19860.0,0.0,1,2,,,,0.0%,,1.2x,,✅,3.4%
219390,미국S,KOSPI,7380.0,0.0,1,2,,,,0.0%,,1.1x,,✅,2.9%
219480,미국S,KOSPI,29070.0,0.0,1,2,,,,0.0%,,1.0x,,✅,1.7%
219900,중국본토CSI300레버리지,KOSPI,5005.0,0.0,1,2,,,,0.0%,,1.5x,,✅,4.8%
220130,차이나강소기업CSI500,KOSPI,7010.0,0.0,1,2,,,,0.0%,,1.1x,,✅,4.3%
223190,가치저변동,KOSPI,23500.0,0.0,1,2,,,,0.0%,,0.1x,,✅,8.4%
225040,미국S,KOSPI,52620.0,0.0,1,2,,,,0.0%,,0.6x,,✅,3.1%
225050,유로스탁스레버리지,KOSPI,13735.0,0.0,1,2,,,,0.0%,,0.0x,,✅,2.3%
225060,이머징마켓MSCI레버리지,KOSPI,12905.0,0.0,1,2,,,,0.0%,,0.6x,,✅,5.8%
225130,골드선물,KOSPI,71285.0,0.0,1,2,,,,0.0%,,0.3x,,✅,7.8%
226380,성장소비주도주,KOSPI,6720.0,0.0,1,2,,,,0.0%,,0.1x,,✅,1.0%
226490,코스피,KOSPI,56550.0,0.0,1,2,,,,0.0%,,0.5x,,✅,8.5%
226980,중소형,KOSPI,23585.0,0.0,1,2,,,,0.0%,,0.2x,,✅,5.3%
227540,헬스케어,KOSPI,21765.0,0.0,1,2,,,,0.0%,,0.7x,,✅,2.4%
227550,산업재,KOSPI,13850.0,0.0,1,2,,,,0.0%,,0.1x,,✅,5.1%
227560,생활소비재,KOSPI,12940.0,0.0,1,2,,,,0.0%,,0.0x,,✅,3.5%
227570,우량가치,KOSPI,19160.0,0.0,1,2,,,,0.0%,,0.8x,,✅,4.7%
227830,코스피,KOSPI,56700.0,0.0,1,2,,,,0.0%,,0.2x,,✅,8.4%
227840,현대코퍼레이션홀딩스,KOSPI,12180.0,0.0,1,2,,,,0.0%,,0.8x,,✅,1.4%
228800,여행레저,KOSPI,3285.0,0.0,1,2,,,,0.0%,,0.3x,,✅,1.2%
229640,에코에너지,KOSPI,47800.0,0.0,1,2,,,,0.0%,,1.3x,,✅,2.8%
232080,코스닥150,KOSPI,20330.0,0.0,1,2,,,,0.0%,,0.5x,,✅,5.4%
233160,코스닥150,KOSPI,18935.0,0.0,1,2,,,,0.0%,,0.7x,,✅,10.0%
234080,생명과학,KOSPI,13140.0,0.0,1,2,,,,0.0%,,0.4x,,✅,1.2%
234310,셀렉트밸류,KOSPI,25595.0,0.0,1,2,,,,0.0%,,0.5x,,✅,7.3%
237350,코스피100,KOSPI,64845.0,0.0,1,2,,,,0.0%,,0.4x,,✅,10.1%
238720,일본Nikkei225,KOSPI,38620.0,0.0,1,2,,,,0.0%,,0.4x,,✅,4.4%
241180,일본니케이225,KOSPI,30240.0,0.0,1,2,,,,0.0%,,0.3x,,✅,3.9%
241560,두산밥캣,KOSPI,60400.0,0.0,1,2,,,,0.0%,,0.4x,,✅,2.7%
243880,레버리지,KOSPI,168375.0,0.0,1,2,,,,0.0%,,0.3x,,✅,26.8%
243890,에너지화학레버리지,KOSPI,8745.0,0.0,1,2,,,,0.0%,,1.1x,,✅,11.8%
244580,바이오,KOSPI,13470.0,0.0,1,2,,,,0.0%,,0.8x,,✅,4.3%
244620,모멘텀Plus,KOSPI,19145.0,0.0,1,2,,,,0.0%,,0.1x,,✅,4.4%
244660,퀄리티Plus,KOSPI,9680.0,0.0,1,2,,,,0.0%,,0.0x,,✅,1.8%
244670,밸류Plus,KOSPI,11745.0,0.0,1,2,,,,0.0%,,0.2x,,✅,3.9%
244920,에이플러스에셋,KOSPI,12600.0,0.0,1,2,,,,0.0%,,0.5x,,✅,11.6%
245340,미국다우존스30,KOSPI,34035.0,0.0,1,2,,,,0.0%,,0.4x,,✅,2.0%
245350,유로스탁스배당30,KOSPI,18495.0,0.0,1,2,,,,0.0%,,0.3x,,✅,2.3%
245360,차이나HSCEI,KOSPI,13630.0,0.0,1,2,,,,0.0%,,0.5x,,✅,1.1%
245710,베트남VN30,KOSPI,29880.0,0.0,1,2,,,,0.0%,,0.6x,,✅,3.6%
248270,글로벌헬스케어,KOSPI,25650.0,0.0,1,2,,,,0.0%,,0.1x,,✅,1.7%
249420,일동제약,KOSPI,32650.0,0.0,1,2,,,,0.0%,,0.5x,,✅,9.2%
251270,넷마블,KOSPI,54800.0,0.0,1,2,,,,0.0%,,1.2x,,✅,1.4%
251350,선진국,KOSPI,37115.0,0.0,1,2,,,,0.0%,,0.3x,,✅,2.3%
251590,고배당저변동50,KOSPI,17650.0,0.0,1,2,,,,0.0%,,0.3x,,✅,3.3%
252000,동일가중,KOSPI,19200.0,0.0,1,2,,,,0.0%,,0.2x,,✅,5.2%
252400,선물레버리지,KOSPI,73100.0,0.0,1,2,,,,0.0%,,0.1x,,✅,20.5%
252650,동일가중,KOSPI,18195.0,0.0,1,2,,,,0.0%,,0.1x,,✅,5.1%
253150,선물레버리지,KOSPI,146530.0,0.0,1,2,,,,0.0%,,0.0x,,✅,20.4%
253250,선물레버리지,KOSPI,72015.0,0.0,1,2,,,,0.0%,,0.0x,,✅,20.4%
253280,헬스케어,KOSPI,18100.0,0.0,1,2,,,,0.0%,,1.0x,,✅,3.1%
256450,심천차이넥스트,KOSPI,15105.0,0.0,1,2,,,,0.0%,,0.1x,,✅,5.0%
256750,차이나심천ChiNext,KOSPI,15965.0,0.0,1,2,,,,0.0%,,0.6x,,✅,5.3%
261060,코스닥150IT,KOSPI,25095.0,0.0,1,2,,,,0.0%,,0.2x,,✅,7.8%
261070,코스닥150바이오테크,KOSPI,20850.0,0.0,1,2,,,,0.0%,,0.7x,,✅,3.9%
261140,우선주,KOSPI,23770.0,0.0,1,2,,,,0.0%,,0.4x,,✅,8.3%
261220,원유선물,KOSPI,22735.0,0.0,1,2,,,,0.0%,,1.8x,,✅,2.9%
266160,고배당,KOSPI,28290.0,0.0,1,2,,,,0.0%,,0.3x,,✅,8.8%
266360,콘텐츠,KOSPI,12880.0,0.0,1,2,,,,0.0%,,0.4x,,✅,1.3%
266390,경기소비재,KOSPI,10800.0,0.0,1,2,,,,0.0%,,0.1x,,✅,3.3%
266410,필수소비재,KOSPI,9040.0,0.0,1,2,,,,0.0%,,0.4x,,✅,2.6%
266420,헬스케어,KOSPI,23140.0,0.0,1,2,,,,0.0%,,0.6x,,✅,3.5%
266550,중형주저변동50,KOSPI,17630.0,0.0,1,2,,,,0.0%,,0.0x,,✅,3.6%
267250,현대,KOSPI,262500.0,0.0,1,2,,,,0.0%,,0.6x,,✅,11.9%
267260,현대일렉트릭,KOSPI,929000.0,0.0,1,2,,,,0.0%,,0.8x,,✅,10.2%
267270,건설기계,KOSPI,131800.0,0.0,1,2,,,,0.0%,,0.8x,,✅,7.0%
267290,경동도시가스,KOSPI,22000.0,0.0,1,2,,,,0.0%,,0.2x,,✅,2.3%
267770,선물레버리지,KOSPI,60790.0,0.0,1,2,,,,0.0%,,0.3x,,✅,20.4%
269370,글로벌인프라,KOSPI,18865.0,0.0,1,2,,,,0.0%,,2.2x,,✅,2.4%
269420,글로벌인프라,KOSPI,24365.0,0.0,1,2,,,,0.0%,,0.5x,,✅,2.3%
269530,글로벌인프라,KOSPI,22200.0,0.0,1,2,,,,0.0%,,0.4x,,✅,2.4%
269540,미국S,KOSPI,26535.0,0.0,1,2,,,,0.0%,,0.3x,,✅,1.8%
270800,고배당,KOSPI,16445.0,0.0,1,2,,,,0.0%,,0.2x,,✅,3.7%
270810,코스닥150,KOSPI,19785.0,0.0,1,2,,,,0.0%,,0.4x,,✅,5.4%
271940,일진하이솔루스,KOSPI,18040.0,0.0,1,2,,,,0.0%,,2.2x,,✅,1.6%
271980,제일약품,KOSPI,14950.0,0.0,1,2,,,,0.0%,,0.2x,,✅,1.7%
272210,한화시스템,KOSPI,144400.0,0.0,1,2,,,,0.0%,,0.4x,,✅,14.2%
275280,모멘텀주,KOSPI,31815.0,0.0,1,2,,,,0.0%,,0.4x,,✅,8.4%
275290,가치주,KOSPI,24000.0,0.0,1,2,,,,0.0%,,0.4x,,✅,9.5%
275300,우량주,KOSPI,21545.0,0.0,1,2,,,,0.0%,,0.4x,,✅,10.3%
275980,글로벌4차산업혁신기술,KOSPI,20480.0,0.0,1,2,,,,0.0%,,1.3x,,✅,2.5%
276000,글로벌자원생산기업,KOSPI,20740.0,0.0,1,2,,,,0.0%,,1.3x,,✅,3.8%
276650,글로벌테크놀로지,KOSPI,37175.0,0.0,1,2,,,,0.0%,,0.6x,,✅,2.7%
276990,글로벌로봇,KOSPI,24500.0,0.0,1,2,,,,0.0%,,0.2x,,✅,3.8%
277540,아시아TOP50,KOSPI,26990.0,0.0,1,2,,,,0.0%,,0.2x,,✅,5.1%
277630,코스피,KOSPI,57380.0,0.0,1,2,,,,0.0%,,0.3x,,✅,8.4%
277640,코스피대형주,KOSPI,29300.0,0.0,1,2,,,,0.0%,,0.3x,,✅,9.1%
277650,코스피중형주,KOSPI,21820.0,0.0,1,2,,,,0.0%,,0.5x,,✅,4.3%
278240,코스닥150선물레버리지,KOSPI,19390.0,0.0,1,2,,,,0.0%,,0.4x,,✅,10.2%
278470,에이피알,KOSPI,342500.0,0.0,1,2,,,,0.0%,,0.9x,,✅,10.1%
279530,고배당주,KOSPI,17245.0,0.0,1,2,,,,0.0%,,0.4x,,✅,5.7%
279540,최소변동성,KOSPI,18985.0,0.0,1,2,,,,0.0%,,0.5x,,✅,6.7%
280920,주도업종,KOSPI,21115.0,0.0,1,2,,,,0.0%,,0.8x,,✅,7.3%
280930,미국러셀2000,KOSPI,14335.0,0.0,1,2,,,,0.0%,,0.3x,,✅,2.2%
281820,케이씨텍,KOSPI,44800.0,0.0,1,2,,,,0.0%,,0.6x,,✅,5.6%
281990,중소형고배당,KOSPI,18235.0,0.0,1,2,,,,0.0%,,0.0x,,✅,4.5%
282330,리테일,KOSPI,117600.0,0.0,1,2,,,,0.0%,,0.4x,,✅,1.9%
283580,차이나CSI300,KOSPI,16310.0,0.0,1,2,,,,0.0%,,0.6x,,✅,2.9%
284430,미국채혼합,KOSPI,19515.0,0.0,1,2,,,,0.0%,,0.4x,,✅,4.2%
284980,금융,KOSPI,21245.0,0.0,1,2,,,,0.0%,,0.2x,,✅,6.7%
285130,케미칼,KOSPI,57400.0,0.0,1,2,,,,0.0%,,0.4x,,✅,2.9%
285690,리더스,KOSPI,18795.0,0.0,1,2,,,,0.0%,,0.1x,,✅,5.7%
286940,롯데이노베이트,KOSPI,23100.0,0.0,1,2,,,,0.0%,,1.2x,,✅,1.9%
287180,미국나스닥테크,KOSPI,41595.0,0.0,1,2,,,,0.0%,,1.1x,,✅,2.3%
289040,유니버설,KOSPI,23860.0,0.0,1,2,,,,0.0%,,0.0x,,✅,9.9%
289250,유니버설,KOSPI,24175.0,0.0,1,2,,,,0.0%,,0.0x,,✅,9.9%
289260,리더스,KOSPI,20010.0,0.0,1,2,,,,0.0%,,0.0x,,✅,9.1%
289480,커버드콜,KOSPI,10275.0,0.0,1,2,,,,0.0%,,0.8x,,✅,2.5%
290130,사회책임투자,KOSPI,32540.0,0.0,1,2,,,,0.0%,,0.3x,,✅,10.9%
291130,멕시코,KOSPI,18545.0,0.0,1,2,,,,0.0%,,0.5x,,✅,3.4%
291630,코스닥150선물레버리지,KOSPI,8610.0,0.0,1,2,,,,0.0%,,0.3x,,✅,10.3%
291890,선물,KOSPI,10660.0,0.0,1,2,,,,0.0%,,0.4x,,✅,2.8%
292150,코리아TOP10,KOSPI,29770.0,0.0,1,2,,,,0.0%,,0.6x,,✅,12.0%
298020,효성티앤씨,KOSPI,345500.0,0.0,1,2,,,,0.0%,,0.4x,,✅,5.6%
298040,효성중공업,KOSPI,2593000.0,0.0,1,2,,,,0.0%,,0.8x,,✅,13.9%
298050,효성첨단소재,KOSPI,218000.0,0.0,1,2,,,,0.0%,,0.5x,,✅,2.5%
298770,한국대만IT프리미어,KOSPI,54220.0,0.0,1,2,,,,0.0%,,0.7x,,✅,9.0%
301400,코스닥150,KOSPI,20110.0,0.0,1,2,,,,0.0%,,0.5x,,✅,5.4%
302440,바이오사이언스,KOSPI,43700.0,0.0,1,2,,,,0.0%,,0.7x,,✅,1.4%
302450,코스피,KOSPI,57105.0,0.0,1,2,,,,0.0%,,0.0x,,✅,8.5%
304770,코스닥150,KOSPI,19900.0,0.0,1,2,,,,0.0%,,0.3x,,✅,5.4%
304780,선물레버리지,KOSPI,88300.0,0.0,1,2,,,,0.0%,,0.0x,,✅,20.4%
304940,미국나스닥100선물,KOSPI,27300.0,0.0,1,2,,,,0.0%,,0.4x,,✅,1.9%
305050,코스피,KOSPI,57575.0,0.0,1,2,,,,0.0%,,0.2x,,✅,8.5%
305540,차전지테마,KOSPI,19775.0,0.0,1,2,,,,0.0%,,0.3x,,✅,4.9%
305720,차전지산업,KOSPI,16185.0,0.0,1,2,,,,0.0%,,0.7x,,✅,5.0%
306530,코스닥150선물레버리지,KOSPI,17330.0,0.0,1,2,,,,0.0%,,0.1x,,✅,10.3%
306950,레버리지,KOSPI,60140.0,0.0,1,2,,,,0.0%,,0.3x,,✅,19.7%
307510,의료기기,KOSPI,18650.0,0.0,1,2,,,,0.0%,,0.7x,,✅,2.1%
307520,지주회사,KOSPI,19505.0,0.0,1,2,,,,0.0%,,0.5x,,✅,6.8%
307950,현대오토에버,KOSPI,412500.0,0.0,1,2,,,,0.0%,,0.4x,,✅,13.9%
309230,미국WideMoat동일가중,KOSPI,30050.0,0.0,1,2,,,,0.0%,,1.5x,,✅,2.2%
314250,미국빅테크10,KOSPI,50570.0,0.0,1,2,,,,0.0%,,0.7x,,✅,1.2%
314700,농업융복합산업,KOSPI,11230.0,0.0,1,2,,,,0.0%,,2.9x,,✅,2.5%
315270,커뮤니케이션서비스,KOSPI,22270.0,0.0,1,2,,,,0.0%,,0.4x,,✅,2.1%
315960,대형고배당10TR,KOSPI,55650.0,0.0,1,2,,,,0.0%,,0.7x,,✅,12.6%
316140,우리금융지주,KOSPI,32200.0,0.0,1,2,,,,0.0%,,0.7x,,✅,7.1%
316670,코스닥150,KOSPI,9935.0,0.0,1,2,,,,0.0%,,0.5x,,✅,5.4%
317400,자이에스앤디,KOSPI,4455.0,0.0,1,2,,,,0.0%,,0.6x,,✅,2.9%
319640,골드선물,KOSPI,30610.0,0.0,1,2,,,,0.0%,,1.5x,,✅,4.1%
322000,현대에너지솔루션,KOSPI,122100.0,0.0,1,2,,,,0.0%,,0.9x,,✅,12.3%
322400,커머스,KOSPI,11930.0,0.0,1,2,,,,0.0%,,0.1x,,✅,2.3%
322410,고배당,KOSPI,22270.0,0.0,1,2,,,,0.0%,,0.3x,,✅,5.5%
323410,카카오뱅크,KOSPI,23850.0,0.0,1,2,,,,0.0%,,0.4x,,✅,1.5%
325010,성장주,KOSPI,32500.0,0.0,1,2,,,,0.0%,,0.1x,,✅,9.0%
325020,배당가치,KOSPI,24965.0,0.0,1,2,,,,0.0%,,1.2x,,✅,7.1%
326230,내수주플러스,KOSPI,11920.0,0.0,1,2,,,,0.0%,,0.0x,,✅,3.6%
326240,플러스,KOSPI,32700.0,0.0,1,2,,,,0.0%,,0.1x,,✅,9.1%
328370,코스피TR,KOSPI,30540.0,0.0,1,2,,,,0.0%,,0.0x,,✅,8.4%
329180,현대중공업,KOSPI,596000.0,0.0,1,2,,,,0.0%,,0.7x,,✅,3.5%
334690,팔라듐선물,KOSPI,7600.0,0.0,1,2,,,,0.0%,,0.2x,,✅,4.9%
336260,두산퓨얼셀,KOSPI,46050.0,0.0,1,2,,,,0.0%,,1.7x,,✅,8.0%
337120,멀티팩터,KOSPI,27235.0,0.0,1,2,,,,0.0%,,0.2x,,✅,8.8%
337140,코스피대형주,KOSPI,28215.0,0.0,1,2,,,,0.0%,,0.3x,,✅,9.2%
352820,하이브,KOSPI,361500.0,0.0,1,2,,,,0.0%,,0.7x,,✅,3.9%
353200,대덕전자,KOSPI,63300.0,0.0,1,2,,,,0.0%,,0.5x,,✅,14.1%
354350,글로벌럭셔리S,KOSPI,20240.0,0.0,1,2,,,,0.0%,,0.4x,,✅,1.4%
354500,코스닥150,KOSPI,20050.0,0.0,1,2,,,,0.0%,,0.5x,,✅,5.4%
359210,코스피TR,KOSPI,28290.0,0.0,1,2,,,,0.0%,,0.7x,,✅,8.5%
360140,롱코스닥150숏선물,KOSPI,12565.0,0.0,1,2,,,,0.0%,,0.3x,,✅,3.3%
360200,미국S,KOSPI,25030.0,0.0,1,2,,,,0.0%,,0.7x,,✅,2.2%
360750,미국S,KOSPI,24760.0,0.0,1,2,,,,0.0%,,0.5x,,✅,2.2%
363280,티와이홀딩스,KOSPI,2795.0,0.0,1,2,,,,0.0%,,0.2x,,✅,1.6%
364690,혁신기술테마액티브,KOSPI,30265.0,0.0,1,2,,,,0.0%,,0.2x,,✅,8.7%
364970,바이오TOP10,KOSPI,8300.0,0.0,1,2,,,,0.0%,,0.6x,,✅,1.9%
364980,차전지TOP10,KOSPI,9990.0,0.0,1,2,,,,0.0%,,0.8x,,✅,4.0%
365000,인터넷TOP10,KOSPI,4980.0,0.0,1,2,,,,0.0%,,0.5x,,✅,2.8%
365040,코리아그로스액티브,KOSPI,27770.0,0.0,1,2,,,,0.0%,,0.3x,,✅,8.4%
367380,미국나스닥100,KOSPI,27915.0,0.0,1,2,,,,0.0%,,0.7x,,✅,2.4%
367740,산업,KOSPI,28670.0,0.0,1,2,,,,0.0%,,0.5x,,✅,9.3%
367760,네트워크인프라,KOSPI,32185.0,0.0,1,2,,,,0.0%,,0.4x,,✅,12.8%
367770,수소경제테마,KOSPI,24965.0,0.0,1,2,,,,0.0%,,0.6x,,✅,8.2%
368190,뉴딜디지털플러스,KOSPI,8410.0,0.0,1,2,,,,0.0%,,0.0x,,✅,2.6%
368590,미국나스닥100,KOSPI,27055.0,0.0,1,2,,,,0.0%,,1.2x,,✅,2.4%
368680,뉴딜디지털플러스,KOSPI,8485.0,0.0,1,2,,,,0.0%,,0.1x,,✅,2.6%
371460,차이나전기차SOLACTIVE,KOSPI,13500.0,0.0,1,2,,,,0.0%,,1.0x,,✅,2.7%
371470,차이나바이오테크SOLACTIVE,KOSPI,8300.0,0.0,1,2,,,,0.0%,,0.7x,,✅,2.5%
373220,에너지솔루션,KOSPI,369000.0,0.0,1,2,,,,0.0%,,0.9x,,✅,1.6%
373490,코리아혁신성장액티브,KOSPI,24110.0,0.0,1,2,,,,0.0%,,0.1x,,✅,8.3%
373790,미국방어배당성장나스닥,KOSPI,16880.0,0.0,1,2,,,,0.0%,,1.9x,,✅,1.3%
375500,이앤씨,KOSPI,49050.0,0.0,1,2,,,,0.0%,,1.1x,,✅,1.3%
375760,탄소효율그린뉴딜,KOSPI,19080.0,0.0,1,2,,,,0.0%,,0.1x,,✅,9.2%
375770,탄소효율그린뉴딜,KOSPI,19460.0,0.0,1,2,,,,0.0%,,0.0x,,✅,9.2%
376410,탄소효율그린뉴딜,KOSPI,19330.0,0.0,1,2,,,,0.0%,,0.3x,,✅,9.2%
377300,카카오페이,KOSPI,58200.0,0.0,1,2,,,,0.0%,,0.3x,,✅,5.6%
377740,바이오노트,KOSPI,5440.0,0.0,1,2,,,,0.0%,,0.8x,,✅,1.9%
377990,신재생에너지,KOSPI,25455.0,0.0,1,2,,,,0.0%,,1.3x,,✅,9.5%
378850,화승알앤에이,KOSPI,3580.0,0.0,1,2,,,,0.0%,,0.2x,,✅,1.3%
379780,미국S,KOSPI,21620.0,0.0,1,2,,,,0.0%,,0.5x,,✅,2.2%
379790,유로스탁스50,KOSPI,15505.0,0.0,1,2,,,,0.0%,,0.4x,,✅,1.4%
379800,미국S,KOSPI,22625.0,0.0,1,2,,,,0.0%,,0.5x,,✅,2.2%
379810,미국나스닥100,KOSPI,24330.0,0.0,1,2,,,,0.0%,,0.6x,,✅,2.4%
380340,코리아AI테크핵심산업,KOSPI,17855.0,0.0,1,2,,,,0.0%,,0.7x,,✅,7.4%
381170,미국테크TOP10,KOSPI,29460.0,0.0,1,2,,,,0.0%,,1.7x,,✅,2.8%
381180,미국필라델피아반도체나스닥,KOSPI,30010.0,0.0,1,2,,,,0.0%,,1.1x,,✅,6.0%
381560,전기,KOSPI,12950.0,0.0,1,2,,,,0.0%,,0.3x,,✅,7.4%
381570,친환경에너지,KOSPI,11300.0,0.0,1,2,,,,0.0%,,0.7x,,✅,5.8%
383800,홀딩스,KOSPI,8190.0,0.0,1,2,,,,0.0%,,0.2x,,✅,2.5%
385510,신재생에너지액티브,KOSPI,41560.0,0.0,1,2,,,,0.0%,,1.4x,,✅,7.9%
385520,자율주행액티브,KOSPI,14295.0,0.0,1,2,,,,0.0%,,0.5x,,✅,8.2%
385590,액티브,KOSPI,17350.0,0.0,1,2,,,,0.0%,,0.1x,,✅,9.1%
385600,차전지,KOSPI,10005.0,0.0,1,2,,,,0.0%,,0.5x,,✅,6.3%
385710,이노베이션액티브,KOSPI,13150.0,0.0,1,2,,,,0.0%,,0.6x,,✅,5.5%
385720,코스피액티브,KOSPI,20230.0,0.0,1,2,,,,0.0%,,0.6x,,✅,8.1%
387270,글로벌이노베이션액티브,KOSPI,21600.0,0.0,1,2,,,,0.0%,,0.2x,,✅,3.1%
387280,퓨처모빌리티액티브,KOSPI,11815.0,0.0,1,2,,,,0.0%,,0.6x,,✅,6.6%
388280,엔터,KOSPI,7930.0,0.0,1,2,,,,0.0%,,0.1x,,✅,2.4%
388420,비메모리반도체액티브,KOSPI,20885.0,0.0,1,2,,,,0.0%,,0.3x,,✅,8.2%
390390,미국반도체,KOSPI,39745.0,0.0,1,2,,,,0.0%,,1.7x,,✅,6.1%
390400,미국스마트모빌리티S,KOSPI,7095.0,0.0,1,2,,,,0.0%,,4.2x,,✅,2.9%
391600,미국친환경그린테마,KOSPI,11865.0,0.0,1,2,,,,0.0%,,0.1x,,✅,3.3%
391670,베스트일레븐액티브,KOSPI,20495.0,0.0,1,2,,,,0.0%,,0.1x,,✅,8.4%
394350,글로벌퓨처모빌리티,KOSPI,15225.0,0.0,1,2,,,,0.0%,,0.2x,,✅,3.2%
394660,글로벌자율주행,KOSPI,14995.0,0.0,1,2,,,,0.0%,,0.5x,,✅,4.3%
394670,글로벌리튬,KOSPI,11780.0,0.0,1,2,,,,0.0%,,0.4x,,✅,6.9%
395160,반도체,KOSPI,26560.0,0.0,1,2,,,,0.0%,,0.5x,,✅,12.6%
395170,동일가중,KOSPI,14865.0,0.0,1,2,,,,0.0%,,0.2x,,✅,8.0%
395270,반도체,KOSPI,32825.0,0.0,1,2,,,,0.0%,,0.3x,,✅,14.4%
395750,가치주액티브,KOSPI,16165.0,0.0,1,2,,,,0.0%,,0.0x,,✅,7.7%
395760,성장주액티브,KOSPI,17605.0,0.0,1,2,,,,0.0%,,0.0x,,✅,7.6%
396510,차이나클린에너지SOLACTIVE,KOSPI,9900.0,0.0,1,2,,,,0.0%,,1.1x,,✅,5.1%
396520,차이나반도체FACTSET,KOSPI,10740.0,0.0,1,2,,,,0.0%,,0.9x,,✅,4.7%
399110,미국S,KOSPI,19600.0,0.0,1,2,,,,0.0%,,0.4x,,✅,2.4%
399580,글로벌클린에너지,KOSPI,10420.0,0.0,1,2,,,,0.0%,,1.7x,,✅,4.9%
400970,메타버스,KOSPI,8045.0,0.0,1,2,,,,0.0%,,0.4x,,✅,1.9%
401170,메타버스,KOSPI,8000.0,0.0,1,2,,,,0.0%,,0.2x,,✅,3.1%
401470,메타버스액티브,KOSPI,8950.0,0.0,1,2,,,,0.0%,,0.4x,,✅,2.3%
402340,스퀘어,KOSPI,534000.0,0.0,1,2,,,,0.0%,,0.7x,,✅,19.7%
402460,메타버스MZ,KOSPI,9835.0,0.0,1,2,,,,0.0%,,0.0x,,✅,3.9%
402970,미국배당다우존스,KOSPI,14790.0,0.0,1,2,,,,0.0%,,0.7x,,✅,2.5%
403790,마이다스,KOSPI,45800.0,0.0,1,2,,,,0.0%,,0.1x,,✅,8.6%
404120,신재생에너지액티브,KOSPI,24020.0,0.0,1,2,,,,0.0%,,0.6x,,✅,7.6%
404260,기후변화솔루션,KOSPI,21255.0,0.0,1,2,,,,0.0%,,1.2x,,✅,8.5%
404540,기후변화솔루션,KOSPI,21315.0,0.0,1,2,,,,0.0%,,0.9x,,✅,8.4%
404650,기후변화솔루션,KOSPI,21115.0,0.0,1,2,,,,0.0%,,0.2x,,✅,8.4%
407300,골프테마,KOSPI,11180.0,0.0,1,2,,,,0.0%,,0.1x,,✅,6.1%
407820,에셋플러스,KOSPI,8740.0,0.0,1,2,,,,0.0%,,0.0x,,✅,2.4%
407830,에셋플러스,KOSPI,14955.0,0.0,1,2,,,,0.0%,,0.1x,,✅,1.6%
409820,미국나스닥100레버리지,KOSPI,14490.0,0.0,1,2,,,,0.0%,,0.9x,,✅,3.4%
410870,컬처액티브,KOSPI,11925.0,0.0,1,2,,,,0.0%,,0.4x,,✅,1.0%
411060,금현물,KOSPI,33950.0,0.0,1,2,,,,0.0%,,0.4x,,✅,4.7%
411420,미국나스닥AI테크액티브,KOSPI,21770.0,0.0,1,2,,,,0.0%,,1.2x,,✅,4.4%
411860,독일DAX,KOSPI,17135.0,0.0,1,2,,,,0.0%,,0.2x,,✅,1.2%
412560,레버리지,KOSPI,2360.0,0.0,1,2,,,,0.0%,,0.5x,,✅,4.0%
412570,차전지TOP10레버리지,KOSPI,1464.0,0.0,1,2,,,,0.0%,,0.5x,,✅,6.3%
413220,차이나태양광CSI,KOSPI,6835.0,0.0,1,2,,,,0.0%,,0.8x,,✅,5.9%
413930,액티브,KOSPI,21490.0,0.0,1,2,,,,0.0%,,0.1x,,✅,9.2%
414270,글로벌자율주행액티브,KOSPI,12930.0,0.0,1,2,,,,0.0%,,0.4x,,✅,2.1%
414780,차이나과창판STAR50,KOSPI,12200.0,0.0,1,2,,,,0.0%,,0.3x,,✅,4.3%
415340,차이나과창판STAR50,KOSPI,12500.0,0.0,1,2,,,,0.0%,,1.4x,,✅,4.2%
415640,발해인프라,KOSPI,10030.0,0.0,1,2,,,,0.0%,,1.0x,,✅,2.5%
415760,차이나육성산업액티브,KOSPI,11535.0,0.0,1,2,,,,0.0%,,1.3x,,✅,4.1%
415920,글로벌희토류,KOSPI,9510.0,0.0,1,2,,,,0.0%,,0.5x,,✅,8.7%
416090,중국과창판STAR50,KOSPI,11435.0,0.0,1,2,,,,0.0%,,0.4x,,✅,4.0%
417450,글로벌수소경제,KOSPI,14540.0,0.0,1,2,,,,0.0%,,2.2x,,✅,7.1%
417630,혁신기업ESG30,KOSPI,17630.0,0.0,1,2,,,,0.0%,,0.2x,,✅,5.9%
418660,미국나스닥100레버리지,KOSPI,33750.0,0.0,1,2,,,,0.0%,,0.5x,,✅,4.1%
419420,미국클린에너지나스닥,KOSPI,9155.0,0.0,1,2,,,,0.0%,,0.3x,,✅,5.2%
419430,차이나2차전지MSCI,KOSPI,12330.0,0.0,1,2,,,,0.0%,,0.7x,,✅,5.4%
419650,글로벌수소,KOSPI,5005.0,0.0,1,2,,,,0.0%,,1.1x,,✅,4.5%
421320,우주항공,KOSPI,48400.0,0.0,1,2,,,,0.0%,,0.5x,,✅,9.9%
422260,소비액티브,KOSPI,9980.0,0.0,1,2,,,,0.0%,,0.0x,,✅,1.0%
422420,차전지액티브,KOSPI,8240.0,0.0,1,2,,,,0.0%,,0.5x,,✅,4.8%
423170,한국형글로벌반도체액티브,KOSPI,39970.0,0.0,1,2,,,,0.0%,,0.7x,,✅,9.0%
423920,미국필라델피아반도체레버리지,KOSPI,48520.0,0.0,1,2,,,,0.0%,,0.9x,,✅,10.8%
424460,글로벌워터MSCI,KOSPI,16100.0,0.0,1,2,,,,0.0%,,0.5x,,✅,1.5%
426020,미국S,KOSPI,28855.0,0.0,1,2,,,,0.0%,,0.9x,,✅,3.7%
426030,미국나스닥100액티브,KOSPI,37565.0,0.0,1,2,,,,0.0%,,0.9x,,✅,4.4%
428510,차이나AI테크액티브,KOSPI,20570.0,0.0,1,2,,,,0.0%,,0.3x,,✅,5.5%
429000,미국S,KOSPI,13550.0,0.0,1,2,,,,0.0%,,0.8x,,✅,1.7%
429010,미국나스닥넥스트100,KOSPI,16935.0,0.0,1,2,,,,0.0%,,0.4x,,✅,2.7%
429760,미국S,KOSPI,18430.0,0.0,1,2,,,,0.0%,,0.2x,,✅,2.2%
429980,한국형글로벌전기차,KOSPI,15920.0,0.0,1,2,,,,0.0%,,0.1x,,✅,4.0%
432840,미국S,KOSPI,18615.0,0.0,1,2,,,,0.0%,,0.4x,,✅,2.2%
433220,에셋플러스,KOSPI,28595.0,0.0,1,2,,,,0.0%,,0.1x,,✅,4.9%
433250,액티브,KOSPI,21425.0,0.0,1,2,,,,0.0%,,2.1x,,✅,6.5%
433330,미국S,KOSPI,20700.0,0.0,1,2,,,,0.0%,,0.4x,,✅,2.2%
433500,원자력TOP10,KOSPI,69565.0,0.0,1,2,,,,0.0%,,1.6x,,✅,11.4%
433880,액티브,KOSPI,17565.0,0.0,1,2,,,,0.0%,,0.5x,,✅,2.0%
433980,액티브,KOSPI,15280.0,0.0,1,2,,,,0.0%,,0.5x,,✅,1.4%
434060,액티브,KOSPI,16445.0,0.0,1,2,,,,0.0%,,0.4x,,✅,1.7%
434730,원자력iSelect,KOSPI,68170.0,0.0,1,2,,,,0.0%,,0.8x,,✅,10.7%
435040,글로벌브랜드TOP10,KOSPI,19270.0,0.0,1,2,,,,0.0%,,0.4x,,✅,1.6%
435530,액티브,KOSPI,15115.0,0.0,1,2,,,,0.0%,,0.2x,,✅,1.6%
435540,액티브,KOSPI,16670.0,0.0,1,2,,,,0.0%,,1.1x,,✅,2.0%
435550,액티브,KOSPI,17090.0,0.0,1,2,,,,0.0%,,0.8x,,✅,2.2%
437370,글로벌농업경제,KOSPI,11895.0,0.0,1,2,,,,0.0%,,3.9x,,✅,2.6%
438080,미국S,KOSPI,14060.0,0.0,1,2,,,,0.0%,,0.5x,,✅,1.1%
438100,미국나스닥100미국채혼합50액티브,KOSPI,14865.0,0.0,1,2,,,,0.0%,,0.5x,,✅,1.2%
438740,마이다스,KOSPI,36040.0,0.0,1,2,,,,0.0%,,0.5x,,✅,4.9%
440340,글로벌멀티에셋TIF액티브,KOSPI,12505.0,0.0,1,2,,,,0.0%,,0.2x,,✅,1.5%
440910,미국우주항공방산,KOSPI,27130.0,0.0,1,2,,,,0.0%,,0.4x,,✅,4.7%
441330,차이나A50커넥트MSCI,KOSPI,12740.0,0.0,1,2,,,,0.0%,,0.0x,,✅,2.8%
441540,조선해운,KOSPI,32925.0,0.0,1,2,,,,0.0%,,0.3x,,✅,3.9%
441640,미국배당커버드콜액티브,KOSPI,12835.0,0.0,1,2,,,,0.0%,,0.5x,,✅,2.1%
441680,미국나스닥100커버드콜,KOSPI,11180.0,0.0,1,2,,,,0.0%,,0.3x,,✅,1.9%
441800,플러스배당액티브,KOSPI,26655.0,0.0,1,2,,,,0.0%,,0.4x,,✅,9.1%
442090,에셋플러스,KOSPI,24295.0,0.0,1,2,,,,0.0%,,0.1x,,✅,7.1%
442260,마이티,KOSPI,28650.0,0.0,1,2,,,,0.0%,,1.5x,,✅,9.6%
442320,글로벌원자력,KOSPI,44675.0,0.0,1,2,,,,0.0%,,0.6x,,✅,6.8%
442550,액티브,KOSPI,14120.0,0.0,1,2,,,,0.0%,,0.6x,,✅,1.3%
442560,액티브,KOSPI,15280.0,0.0,1,2,,,,0.0%,,0.8x,,✅,1.9%
442570,액티브,KOSPI,16090.0,0.0,1,2,,,,0.0%,,0.9x,,✅,2.2%
442580,글로벌HBM반도체,KOSPI,59930.0,0.0,1,2,,,,0.0%,,1.3x,,✅,14.5%
444200,코리아메가테크액티브,KOSPI,43245.0,0.0,1,2,,,,0.0%,,0.4x,,✅,9.5%
444490,미국S,KOSPI,18925.0,0.0,1,2,,,,0.0%,,0.4x,,✅,2.2%
445150,친환경조선해운액티브,KOSPI,35570.0,0.0,1,2,,,,0.0%,,0.7x,,✅,5.2%
445290,로봇액티브,KOSPI,32640.0,0.0,1,2,,,,0.0%,,0.4x,,✅,9.6%
445690,주주가치액티브,KOSPI,27320.0,0.0,1,2,,,,0.0%,,0.1x,,✅,6.9%
445910,배당귀족,KOSPI,20145.0,0.0,1,2,,,,0.0%,,0.4x,,✅,4.8%
446690,아시아AI반도체exChina액티브,KOSPI,42650.0,0.0,1,2,,,,0.0%,,0.3x,,✅,11.2%
446700,배터리,KOSPI,12240.0,0.0,1,2,,,,0.0%,,0.6x,,✅,5.1%
446720,미국배당다우존스,KOSPI,13355.0,0.0,1,2,,,,0.0%,,0.8x,,✅,2.5%
446770,글로벌반도체TOP4,KOSPI,57585.0,0.0,1,2,,,,0.0%,,0.6x,,✅,9.2%
447430,주주환원가치주액티브,KOSPI,16805.0,0.0,1,2,,,,0.0%,,0.4x,,✅,2.1%
448290,미국S,KOSPI,15640.0,0.0,1,2,,,,0.0%,,0.6x,,✅,1.8%
448300,미국나스닥100,KOSPI,19280.0,0.0,1,2,,,,0.0%,,0.7x,,✅,2.0%
448570,코리아액티브,KOSPI,25485.0,0.0,1,2,,,,0.0%,,0.0x,,✅,8.0%
449180,미국S,KOSPI,15065.0,0.0,1,2,,,,0.0%,,0.8x,,✅,1.7%
449190,미국나스닥100,KOSPI,18665.0,0.0,1,2,,,,0.0%,,0.6x,,✅,1.9%
449450,방산,KOSPI,76050.0,0.0,1,2,,,,0.0%,,0.4x,,✅,6.4%
449680,한중전기차,KOSPI,13025.0,0.0,1,2,,,,0.0%,,0.2x,,✅,5.3%
449690,한중반도체,KOSPI,35825.0,0.0,1,2,,,,0.0%,,1.8x,,✅,9.1%
449770,미국S,KOSPI,19870.0,0.0,1,2,,,,0.0%,,0.3x,,✅,2.2%
449780,미국S,KOSPI,16435.0,0.0,1,2,,,,0.0%,,0.6x,,✅,1.8%
450080,에코프로머티,KOSPI,63500.0,0.0,1,2,,,,0.0%,,0.9x,,✅,2.4%
450180,한중전기차,KOSPI,13400.0,0.0,1,2,,,,0.0%,,0.1x,,✅,5.3%
450190,한중반도체,KOSPI,36130.0,0.0,1,2,,,,0.0%,,1.1x,,✅,9.0%
450910,코스닥150,KOSPI,19480.0,0.0,1,2,,,,0.0%,,0.6x,,✅,5.4%
451060,액티브,KOSPI,26380.0,0.0,1,2,,,,0.0%,,0.5x,,✅,9.8%
451150,에셋플러스,KOSPI,18215.0,0.0,1,2,,,,0.0%,,0.0x,,✅,1.3%
452260,한화갤러리아,KOSPI,2700.0,0.0,1,2,,,,0.0%,,0.1x,,✅,12.0%
452360,미국배당다우존스,KOSPI,12175.0,0.0,1,2,,,,0.0%,,0.8x,,✅,2.0%
452440,밸류알파액티브,KOSPI,18030.0,0.0,1,2,,,,0.0%,,0.0x,,✅,3.4%
453080,미국나스닥100,KOSPI,19310.0,0.0,1,2,,,,0.0%,,0.4x,,✅,1.9%
453330,미국S,KOSPI,15865.0,0.0,1,2,,,,0.0%,,0.9x,,✅,1.8%
453630,미국S,KOSPI,13285.0,0.0,1,2,,,,0.0%,,2.0x,,✅,1.1%
453640,미국S,KOSPI,13510.0,0.0,1,2,,,,0.0%,,0.4x,,✅,1.6%
453660,미국S,KOSPI,17895.0,0.0,1,2,,,,0.0%,,0.3x,,✅,1.7%
453950,파운드리밸류체인,KOSPI,26890.0,0.0,1,2,,,,0.0%,,0.3x,,✅,7.0%
454320,설비투자iSelect,KOSPI,42820.0,0.0,1,2,,,,0.0%,,0.4x,,✅,9.2%
454910,두산로보틱스,KOSPI,89500.0,0.0,1,2,,,,0.0%,,0.6x,,✅,6.4%
455850,반도체소부장,KOSPI,25855.0,0.0,1,2,,,,0.0%,,0.5x,,✅,9.5%
455860,차전지소부장Fn,KOSPI,5820.0,0.0,1,2,,,,0.0%,,0.6x,,✅,6.3%
456600,글로벌AI인공지능액티브,KOSPI,41170.0,0.0,1,2,,,,0.0%,,0.9x,,✅,5.4%
456680,차이나전기차레버리지,KOSPI,10950.0,0.0,1,2,,,,0.0%,,2.4x,,✅,4.8%
457190,이수스페셜티케미컬,KOSPI,92900.0,0.0,1,2,,,,0.0%,,0.7x,,✅,10.2%
457480,테슬라밸류체인액티브,KOSPI,21025.0,0.0,1,2,,,,0.0%,,0.6x,,✅,4.5%
457930,미래전략기술액티브,KOSPI,27480.0,0.0,1,2,,,,0.0%,,0.5x,,✅,9.1%
457990,태양광,KOSPI,32760.0,0.0,1,2,,,,0.0%,,1.2x,,✅,10.2%
458730,미국배당다우존스,KOSPI,14600.0,0.0,1,2,,,,0.0%,,0.6x,,✅,2.5%
459560,테슬라밸류체인FactSet,KOSPI,19540.0,0.0,1,2,,,,0.0%,,0.3x,,✅,3.8%
459750,글로벌주식분산액티브,KOSPI,17010.0,0.0,1,2,,,,0.0%,,0.3x,,✅,2.5%
459790,미국성장기업30액티브,KOSPI,18940.0,0.0,1,2,,,,0.0%,,0.1x,,✅,3.0%
460280,유전자혁신기술,KOSPI,14450.0,0.0,1,2,,,,0.0%,,0.3x,,✅,3.9%
460660,미국S,KOSPI,11845.0,0.0,1,2,,,,0.0%,,1.1x,,✅,1.5%
460960,글로벌인컴TOP10,KOSPI,11715.0,0.0,1,2,,,,0.0%,,0.5x,,✅,1.5%
461340,글로벌생성형AI액티브,KOSPI,30010.0,0.0,1,2,,,,0.0%,,0.2x,,✅,4.6%
461450,코스닥글로벌,KOSPI,18130.0,0.0,1,2,,,,0.0%,,0.4x,,✅,5.3%
461490,글로벌자산배분액티브,KOSPI,15035.0,0.0,1,2,,,,0.0%,,0.7x,,✅,1.4%
461580,코스닥글로벌,KOSPI,18400.0,0.0,1,2,,,,0.0%,,0.2x,,✅,5.3%
461900,미국테크TOP10,KOSPI,21295.0,0.0,1,2,,,,0.0%,,0.4x,,✅,2.5%
461910,미국테크TOP10레버리지,KOSPI,34735.0,0.0,1,2,,,,0.0%,,1.5x,,✅,4.0%
461950,차전지핵심소재10,KOSPI,6170.0,0.0,1,2,,,,0.0%,,0.8x,,✅,6.4%
462010,차전지소재Fn,KOSPI,6390.0,0.0,1,2,,,,0.0%,,0.7x,,✅,7.2%
462330,차전지산업레버리지,KOSPI,1572.0,0.0,1,2,,,,0.0%,,0.7x,,✅,7.9%
462340,에셋플러스,KOSPI,15885.0,0.0,1,2,,,,0.0%,,0.1x,,✅,1.1%
462900,바이오헬스케어액티브,KOSPI,24175.0,0.0,1,2,,,,0.0%,,1.1x,,✅,4.8%
463050,바이오액티브,KOSPI,20700.0,0.0,1,2,,,,0.0%,,0.8x,,✅,4.9%
463250,방산,KOSPI,48300.0,0.0,1,2,,,,0.0%,,0.3x,,✅,7.6%
463300,중국본토CSI300,KOSPI,13895.0,0.0,1,2,,,,0.0%,,0.3x,,✅,2.7%
463640,미국S,KOSPI,15960.0,0.0,1,2,,,,0.0%,,0.3x,,✅,1.9%
463680,미국S,KOSPI,17745.0,0.0,1,2,,,,0.0%,,0.3x,,✅,2.7%
463690,미국S,KOSPI,19735.0,0.0,1,2,,,,0.0%,,0.3x,,✅,2.2%
464310,글로벌AI,KOSPI,14935.0,0.0,1,2,,,,0.0%,,0.2x,,✅,2.7%
464600,자동차소부장Fn,KOSPI,16445.0,0.0,1,2,,,,0.0%,,0.4x,,✅,7.8%
464920,일본반도체소부장,KOSPI,22190.0,0.0,1,2,,,,0.0%,,0.2x,,✅,7.2%
464930,글로벌혁신블루칩TOP10,KOSPI,19455.0,0.0,1,2,,,,0.0%,,1.1x,,✅,2.7%
465330,차전지TOP10,KOSPI,12125.0,0.0,1,2,,,,0.0%,,0.5x,,✅,5.9%
465580,미국빅테크TOP7,KOSPI,22045.0,0.0,1,2,,,,0.0%,,2.1x,,✅,2.8%
465610,미국빅테크TOP7,KOSPI,36655.0,0.0,1,2,,,,0.0%,,0.5x,,✅,4.5%
465660,일본반도체FACTSET,KOSPI,20790.0,0.0,1,2,,,,0.0%,,0.3x,,✅,7.3%
465670,미국캐시카우100,KOSPI,14590.0,0.0,1,2,,,,0.0%,,0.8x,,✅,2.3%
466810,차전지양극재,KOSPI,6650.0,0.0,1,2,,,,0.0%,,0.5x,,✅,5.4%
466920,조선TOP3플러스,KOSPI,37950.0,0.0,1,2,,,,0.0%,,0.6x,,✅,4.4%
466930,자동차TOP3플러스,KOSPI,20965.0,0.0,1,2,,,,0.0%,,0.4x,,✅,9.1%
466940,은행고배당플러스TOP10,KOSPI,24925.0,0.0,1,2,,,,0.0%,,0.4x,,✅,6.3%
466950,글로벌AI액티브,KOSPI,24515.0,0.0,1,2,,,,0.0%,,0.4x,,✅,4.4%
469050,미국반도체NYSE,KOSPI,20200.0,0.0,1,2,,,,0.0%,,1.4x,,✅,5.5%
469060,미국반도체NYSE,KOSPI,23815.0,0.0,1,2,,,,0.0%,,1.4x,,✅,6.1%
469070,로봇,KOSPI,15470.0,0.0,1,2,,,,0.0%,,0.4x,,✅,6.1%
469150,반도체TOP3,KOSPI,45240.0,0.0,1,2,,,,0.0%,,0.6x,,✅,14.4%
469160,일본반도체,KOSPI,20845.0,0.0,1,2,,,,0.0%,,0.1x,,✅,7.5%
469170,포스코그룹포커스,KOSPI,6890.0,0.0,1,2,,,,0.0%,,1.2x,,✅,4.7%
469790,테크TOP10,KOSPI,26945.0,0.0,1,2,,,,0.0%,,0.1x,,✅,11.0%
470310,생성형AI강소기업액티브,KOSPI,14110.0,0.0,1,2,,,,0.0%,,0.4x,,✅,6.4%
471040,글로벌AI,KOSPI,24195.0,0.0,1,2,,,,0.0%,,0.6x,,✅,5.8%
471760,반도체핵심공정,KOSPI,19155.0,0.0,1,2,,,,0.0%,,0.4x,,✅,9.6%
471780,코리아테크액티브,KOSPI,23735.0,0.0,1,2,,,,0.0%,,0.5x,,✅,11.2%
471990,반도체핵심장비,KOSPI,24570.0,0.0,1,2,,,,0.0%,,0.6x,,✅,11.4%
472150,배당커버드콜액티브,KOSPI,17175.0,0.0,1,2,,,,0.0%,,0.9x,,✅,7.6%
472160,미국테크TOP10,KOSPI,16790.0,0.0,1,2,,,,0.0%,,2.8x,,✅,2.3%
472350,차이나H,KOSPI,16235.0,0.0,1,2,,,,0.0%,,0.0x,,✅,1.3%
472720,주주가치액티브,KOSPI,22620.0,0.0,1,2,,,,0.0%,,0.1x,,✅,6.9%
472830,미국30년국채커버드콜,KOSPI,9250.0,0.0,1,2,,,,0.0%,,0.4x,,✅,1.0%
473330,미국30년국채커버드콜,KOSPI,9320.0,0.0,1,2,,,,0.0%,,0.5x,,✅,1.3%
473460,미국서학개미,KOSPI,22290.0,0.0,1,2,,,,0.0%,,0.2x,,✅,2.6%
473490,글로벌AI반도체,KOSPI,22170.0,0.0,1,2,,,,0.0%,,1.3x,,✅,4.5%
473590,미국주식베스트셀러,KOSPI,19890.0,0.0,1,2,,,,0.0%,,0.3x,,✅,1.6%
473640,글로벌금채굴기업,KOSPI,38645.0,0.0,1,2,,,,0.0%,,0.2x,,✅,8.4%
474220,미국테크TOP10타겟커버드콜,KOSPI,15145.0,0.0,1,2,,,,0.0%,,0.7x,,✅,2.7%
474590,반도체밸류체인액티브,KOSPI,28195.0,0.0,1,2,,,,0.0%,,0.8x,,✅,12.7%
474800,미국원유에너지기업,KOSPI,15695.0,0.0,1,2,,,,0.0%,,1.1x,,✅,3.7%
474920,에셋플러스,KOSPI,16405.0,0.0,1,2,,,,0.0%,,0.7x,,✅,1.5%
475070,글로벌친환경전력인프라액티브,KOSPI,31360.0,0.0,1,2,,,,0.0%,,0.8x,,✅,7.4%
475300,반도체전공정,KOSPI,17530.0,0.0,1,2,,,,0.0%,,0.3x,,✅,9.7%
475310,반도체후공정,KOSPI,29165.0,0.0,1,2,,,,0.0%,,0.4x,,✅,11.6%
475350,버크셔포트폴리오TOP10,KOSPI,14120.0,0.0,1,2,,,,0.0%,,0.7x,,✅,1.4%
475380,글로벌리얼티인컴,KOSPI,11350.0,0.0,1,2,,,,0.0%,,0.7x,,✅,1.2%
475720,위클리커버드콜,KOSPI,12065.0,0.0,1,2,,,,0.0%,,0.4x,,✅,5.9%
476000,포스트IPO액티브,KOSPI,13610.0,0.0,1,2,,,,0.0%,,1.4x,,✅,5.4%
476030,미국나스닥100,KOSPI,15365.0,0.0,1,2,,,,0.0%,,0.5x,,✅,2.4%
476070,글로벌비만치료제TOP2,KOSPI,10585.0,0.0,1,2,,,,0.0%,,0.4x,,✅,1.8%
476260,반도체핵심공정주도주,KOSPI,12145.0,0.0,1,2,,,,0.0%,,0.3x,,✅,7.9%
476690,글로벌비만치료제TOP2Plus,KOSPI,10250.0,0.0,1,2,,,,0.0%,,0.2x,,✅,1.6%
476850,배당성장액티브,KOSPI,18095.0,0.0,1,2,,,,0.0%,,0.5x,,✅,7.6%
477490,에셋플러스,KOSPI,18490.0,0.0,1,2,,,,0.0%,,0.1x,,✅,2.2%
478150,글로벌우주테크,KOSPI,22665.0,0.0,1,2,,,,0.0%,,0.5x,,✅,3.9%
479620,미국AI반도체칩메이커,KOSPI,15800.0,0.0,1,2,,,,0.0%,,0.3x,,✅,5.1%
479850,뷰티,KOSPI,15150.0,0.0,1,2,,,,0.0%,,0.3x,,✅,1.5%
480020,미국빅테크7,KOSPI,12025.0,0.0,1,2,,,,0.0%,,0.7x,,✅,3.1%
480030,미국500데일리타겟커버드콜,KOSPI,10500.0,0.0,1,2,,,,0.0%,,0.6x,,✅,2.1%
480040,미국반도체데일리타겟커버드콜,KOSPI,13495.0,0.0,1,2,,,,0.0%,,0.4x,,✅,6.3%
480310,글로벌온디바이스AI,KOSPI,13235.0,0.0,1,2,,,,0.0%,,0.3x,,✅,3.1%
480460,한국부동산TOP3플러스,KOSPI,10410.0,0.0,1,2,,,,0.0%,,0.5x,,✅,1.0%
481190,미국테크TOP10,KOSPI,15985.0,0.0,1,2,,,,0.0%,,1.5x,,✅,2.8%
482030,반도체,KOSPI,11875.0,0.0,1,2,,,,0.0%,,0.5x,,✅,7.0%
482730,미국S,KOSPI,11660.0,0.0,1,2,,,,0.0%,,0.4x,,✅,2.2%
483020,의료AI,KOSPI,14195.0,0.0,1,2,,,,0.0%,,0.5x,,✅,3.7%
483030,미국블록버스터바이오테크의약품,KOSPI,11420.0,0.0,1,2,,,,0.0%,,0.5x,,✅,2.6%
483280,미국AI테크TOP10타겟커버드콜,KOSPI,12125.0,0.0,1,2,,,,0.0%,,0.9x,,✅,3.0%
483290,미국배당다우존스타겟커버드콜,KOSPI,10735.0,0.0,1,2,,,,0.0%,,0.8x,,✅,2.3%
483320,엔비디아밸류체인액티브,KOSPI,17465.0,0.0,1,2,,,,0.0%,,0.2x,,✅,7.9%
483340,구글밸류체인액티브,KOSPI,17100.0,0.0,1,2,,,,0.0%,,0.8x,,✅,6.0%
483420,애플밸류체인액티브,KOSPI,16760.0,0.0,1,2,,,,0.0%,,0.5x,,✅,6.1%
483570,미국S,KOSPI,14810.0,0.0,1,2,,,,0.0%,,0.6x,,✅,2.7%
484870,엠앤씨솔루션,KOSPI,128300.0,0.0,1,2,,,,0.0%,,2.6x,,✅,2.1%
484880,금융지주플러스고배당,KOSPI,20810.0,0.0,1,2,,,,0.0%,,0.4x,,✅,6.7%
485540,미국AI테크TOP10,KOSPI,14285.0,0.0,1,2,,,,0.0%,,1.2x,,✅,3.1%
485690,미국AI밸류체인TOP3Plus,KOSPI,17590.0,0.0,1,2,,,,0.0%,,0.3x,,✅,4.1%
485810,글로벌바이오액티브,KOSPI,10450.0,0.0,1,2,,,,0.0%,,0.4x,,✅,2.4%
486240,반도체,KOSPI,21195.0,0.0,1,2,,,,0.0%,,0.3x,,✅,11.1%
486290,미국나스닥100타겟데일리커버드콜,KOSPI,10330.0,0.0,1,2,,,,0.0%,,0.4x,,✅,2.4%
486450,미국AI전력인프라,KOSPI,21430.0,0.0,1,2,,,,0.0%,,2.5x,,✅,4.4%
487130,인프라액티브,KOSPI,22080.0,0.0,1,2,,,,0.0%,,1.0x,,✅,10.3%
487230,미국AI전력핵심인프라,KOSPI,20380.0,0.0,1,2,,,,0.0%,,0.6x,,✅,4.7%
487240,전력핵심설비,KOSPI,31330.0,0.0,1,2,,,,0.0%,,0.6x,,✅,10.9%
487570,효성,KOSPI,57500.0,0.0,1,2,,,,0.0%,,0.5x,,✅,3.3%
487750,온디바이스AI,KOSPI,20790.0,0.0,1,2,,,,0.0%,,0.2x,,✅,12.1%
487950,대만테크고배당다우존스,KOSPI,10540.0,0.0,1,2,,,,0.0%,,0.8x,,✅,1.9%
488080,반도체TOP10레버리지,KOSPI,40720.0,0.0,1,2,,,,0.0%,,0.5x,,✅,29.8%
488200,차전지북미공급망,KOSPI,13020.0,0.0,1,2,,,,0.0%,,0.2x,,✅,7.7%
488210,반도체북미공급망,KOSPI,20055.0,0.0,1,2,,,,0.0%,,0.5x,,✅,10.4%
488290,마이다스,KOSPI,34660.0,0.0,1,2,,,,0.0%,,0.3x,,✅,5.0%
488480,일본섹터TOP4Plus,KOSPI,12995.0,0.0,1,2,,,,0.0%,,0.5x,,✅,2.9%
488500,미국S,KOSPI,12185.0,0.0,1,2,,,,0.0%,,0.4x,,✅,2.0%
489010,글로벌AI인프라,KOSPI,17630.0,0.0,1,2,,,,0.0%,,0.2x,,✅,4.4%
489030,고배당주위클리커버드콜,KOSPI,8835.0,0.0,1,2,,,,0.0%,,0.6x,,✅,1.5%
489250,미국배당다우존스,KOSPI,12525.0,0.0,1,2,,,,0.0%,,1.0x,,✅,2.5%
489290,미국빌리어네어,KOSPI,14950.0,0.0,1,2,,,,0.0%,,0.3x,,✅,2.3%
489790,한화비전,KOSPI,76700.0,0.0,1,2,,,,0.0%,,0.2x,,✅,2.6%
489860,글로벌전력GRID인프라,KOSPI,15100.0,0.0,1,2,,,,0.0%,,0.3x,,✅,3.8%
490090,미국AI빅테크10,KOSPI,14635.0,0.0,1,2,,,,0.0%,,0.7x,,✅,3.2%
490330,미국치매,KOSPI,12320.0,0.0,1,2,,,,0.0%,,0.5x,,✅,3.6%
490480,방산,KOSPI,39320.0,0.0,1,2,,,,0.0%,,0.4x,,✅,6.7%
490490,미국배당미국채혼합50,KOSPI,11485.0,0.0,1,2,,,,0.0%,,0.5x,,✅,1.6%
490590,미국AI밸류체인데일리고정커버드콜,KOSPI,12960.0,0.0,1,2,,,,0.0%,,0.4x,,✅,4.0%
490600,미국배당100데일리고정커버드콜,KOSPI,9330.0,0.0,1,2,,,,0.0%,,0.6x,,✅,1.9%
491010,글로벌AI전력인프라액티브,KOSPI,23525.0,0.0,1,2,,,,0.0%,,0.3x,,✅,6.5%
491090,미국테크TOP3플러스,KOSPI,16070.0,0.0,1,2,,,,0.0%,,0.1x,,✅,3.3%
491510,파워,KOSPI,17015.0,0.0,1,2,,,,0.0%,,0.2x,,✅,5.5%
491620,미국테크100데일리고정커버드콜,KOSPI,10505.0,0.0,1,2,,,,0.0%,,0.4x,,✅,2.5%
491820,전력설비투자,KOSPI,38025.0,0.0,1,2,,,,0.0%,,0.3x,,✅,10.8%
491830,미국AI반도체팹리스,KOSPI,14290.0,0.0,1,2,,,,0.0%,,1.1x,,✅,3.3%
493810,미국AI빅테크10타겟데일리커버드콜,KOSPI,11390.0,0.0,1,2,,,,0.0%,,0.6x,,✅,3.2%
494180,글로벌소비트렌드액티브,KOSPI,13575.0,0.0,1,2,,,,0.0%,,0.3x,,✅,3.0%
494210,미국500타겟데일리커버드콜액티브,KOSPI,10740.0,0.0,1,2,,,,0.0%,,0.3x,,✅,2.2%
494220,하이닉스밸류체인액티브,KOSPI,31670.0,0.0,1,2,,,,0.0%,,0.3x,,✅,13.3%
494300,미국나스닥100데일리커버드콜OTM,KOSPI,9910.0,0.0,1,2,,,,0.0%,,0.5x,,✅,2.3%
494310,반도체레버리지,KOSPI,65000.0,0.0,1,2,,,,0.0%,,0.8x,,✅,27.6%
494330,라이프자산주주가치액티브,KOSPI,20790.0,0.0,1,2,,,,0.0%,,0.2x,,✅,7.3%
494340,글로벌AI맞춤형반도체,KOSPI,12980.0,0.0,1,2,,,,0.0%,,0.1x,,✅,2.8%
494410,미국S,KOSPI,12950.0,0.0,1,2,,,,0.0%,,0.1x,,✅,2.4%
494420,미국배당증가성장주데일리커버드콜,KOSPI,9440.0,0.0,1,2,,,,0.0%,,0.6x,,✅,1.7%
494670,조선TOP10,KOSPI,30210.0,0.0,1,2,,,,0.0%,,0.6x,,✅,4.4%
494840,미국방산TOP10,KOSPI,15450.0,0.0,1,2,,,,0.0%,,0.5x,,✅,4.4%
494890,액티브,KOSPI,23600.0,0.0,1,2,,,,0.0%,,0.3x,,✅,9.8%
495040,코리아밸류업,KOSPI,24235.0,0.0,1,2,,,,0.0%,,0.1x,,✅,10.1%
495050,코리아밸류업,KOSPI,24400.0,0.0,1,2,,,,0.0%,,0.3x,,✅,10.1%
495060,코리아밸류업액티브,KOSPI,22440.0,0.0,1,2,,,,0.0%,,0.4x,,✅,9.7%
495230,코리아밸류업액티브,KOSPI,24765.0,0.0,1,2,,,,0.0%,,0.5x,,✅,10.2%
495330,코리아밸류업,KOSPI,24310.0,0.0,1,2,,,,0.0%,,0.2x,,✅,10.1%
495550,코리아밸류업TR,KOSPI,24950.0,0.0,1,2,,,,0.0%,,0.7x,,✅,10.1%
495750,코리아밸류업,KOSPI,24165.0,0.0,1,2,,,,0.0%,,0.2x,,✅,10.0%
495850,코리아밸류업,KOSPI,24260.0,0.0,1,2,,,,0.0%,,0.4x,,✅,10.0%
495940,미국AI테크액티브,KOSPI,14725.0,0.0,1,2,,,,0.0%,,0.1x,,✅,4.6%
496080,코리아밸류업,KOSPI,24400.0,0.0,1,2,,,,0.0%,,0.6x,,✅,10.0%
496090,코리아밸류업,KOSPI,24345.0,0.0,1,2,,,,0.0%,,0.2x,,✅,10.0%
496120,코리아밸류업,KOSPI,24575.0,0.0,1,2,,,,0.0%,,0.3x,,✅,10.0%
496130,코리아밸류업액티브,KOSPI,20340.0,0.0,1,2,,,,0.0%,,0.4x,,✅,8.0%
496770,글로벌방산,KOSPI,21235.0,0.0,1,2,,,,0.0%,,0.4x,,✅,3.5%
497510,글로벌빅파마,KOSPI,12895.0,0.0,1,2,,,,0.0%,,0.2x,,✅,3.0%
497520,일라이릴리밸류체인,KOSPI,12105.0,0.0,1,2,,,,0.0%,,0.1x,,✅,2.1%
497570,미국필라델피아AI반도체나스닥,KOSPI,16825.0,0.0,1,2,,,,0.0%,,1.8x,,✅,5.5%
497780,미국천연가스인프라액티브,KOSPI,11645.0,0.0,1,2,,,,0.0%,,0.9x,,✅,2.8%
498050,바이오코리아액티브,KOSPI,16500.0,0.0,1,2,,,,0.0%,,1.0x,,✅,4.1%
498270,미국양자컴퓨팅,KOSPI,12350.0,0.0,1,2,,,,0.0%,,0.3x,,✅,3.4%
498400,타겟위클리커버드콜,KOSPI,17025.0,0.0,1,2,,,,0.0%,,0.5x,,✅,8.1%
498410,금융고배당TOP10타겟위클리커버드콜,KOSPI,12775.0,0.0,1,2,,,,0.0%,,0.5x,,✅,4.2%
498860,코리아금융고배당,KOSPI,19430.0,0.0,1,2,,,,0.0%,,0.3x,,✅,7.6%
499150,미국S,KOSPI,10320.0,0.0,1,2,,,,0.0%,,0.6x,,✅,1.1%
499790,피앤엘,KOSPI,51100.0,0.0,1,2,,,,0.0%,,1.0x,,✅,7.3%
