symbol,success,name,per,pbr,bps,sector
900270,True,�����⑷렇猷�,130.0,0.01,2025,肄���ㅻ��
008600,True,���鍮����,4044.0,0.04,2025,肄���ㅽ��
900120,True,��⑥����ㅼ�����,1.07,0.07,2025,肄���ㅻ��
000540,True,��κ뎅������,4.46,0.08,2025,肄���ㅽ��
000545,True,��κ뎅�����ъ��,6.72,0.08,2025,肄���ㅽ��
085620,True,誘몃�����������紐�,17.17,0.09,2025,肄���ㅽ��
009415,True,������嫄댁�ㅼ��,224.0,0.1,2025,肄���ㅽ��
009410,True,������嫄댁��,224.0,0.1,2025,肄���ㅽ��
377460,True,��������������대��,17.97,0.1,2025,肄���ㅻ��
012630,True,HDC,6.6,0.12,2025,肄���ㅽ��
088350,True,���������紐�,5.56,0.12,2025,肄���ㅽ��
004960,True,������怨듭��,9.46,0.13,2025,肄���ㅽ��
900300,True,��ㅺ�������곗����ㅻ�����,841.0,0.13,2025,肄���ㅻ��
071320,True,吏�������諛⑷났���,3.12,0.14,180,肄���ㅽ��
000300,True,DH��ㅽ����μ��,1.16,0.15,2025,肄���ㅽ��
003240,True,���愿���곗��,8.42,0.16,2025,肄���ㅽ��
082640,True,���������紐�,8.0,0.16,2025,肄���ㅽ��
003830,True,������������,17.27,0.17,638,肄���ㅽ��
021820,True,��몄�����怨�,3.75,0.17,2025,肄���ㅽ��
040610,True,SG&G,2.78,0.17,2025,肄���ㅻ��
016610,True,DB利�沅�,7.4,0.18,2025,肄���ㅽ��
017940,True,E1,6.55,0.18,249,肄���ㅽ��
139480,True,��대�����,20.02,0.18,427,肄���ㅽ��
005720,True,��μ��,4.25,0.19,2025,肄���ㅽ��
005725,True,��μ�쇱��,2.78,0.19,2025,肄���ㅽ��
024800,True,�����깊�곗��������,3.56,0.19,2025,肄���ㅻ��
071840,True,濡���고����대�����,103.0,0.19,2025,肄���ㅽ��
900110,True,��댁�ㅽ�몄�������������⑹��,2.77,0.19,2025,肄���ㅻ��
000070,True,��쇱�������⑹��,14.99,0.2,231,肄���ㅽ��
000180,True,��깆갹湲곗��吏�二�,153.0,0.2,2025,肄���ㅽ��
000850,True,���泥�湲곌났,7.4,0.2,157,肄���ㅽ��
043220,True,��곗����ㅻ�μ�ㅼ��,1728.0,0.2,2025,肄���ㅻ��
058650,True,��몄�������⑹��,25.08,0.2,530,肄���ㅽ��
067830,True,��몄�대��議�I&C,12.73,0.2,2025,肄���ㅽ��
487570,True,HS��⑥��,10.94,0.2,148,肄���ㅽ��
001130,True,���������遺�,14949.0,0.21,603,肄���ㅽ��
001810,True,臾대┝SP,78.0,0.21,2025,肄���ㅻ��
001940,True,KISCO�����⑹��,208.0,0.21,2025,肄���ㅽ��
004690,True,��쇱��由�,5.56,0.21,443,肄���ㅽ��
005440,True,������吏������������⑹��,4.27,0.21,2025,肄���ㅽ��
014790,True,HL D&I,10.62,0.21,2025,肄���ㅽ��
030610,True,援�蹂댁��沅�,12.1,0.21,2025,肄���ㅽ��
043370,True,��쇱����댁��������,5.45,0.21,2025,肄���ㅻ��
138930,True,BNK湲���듭��二�,7.41,0.21,2025,肄���ㅽ��
139130,True,iM湲���듭��二�,7.18,0.21,2025,肄���ㅽ��
000860,True,媛���⑥��鍮���ㅼ��,207.0,0.22,2025,肄���ㅽ��
001200,True,���吏���ъ��利�沅�,7.76,0.22,2025,肄���ㅽ��
004020,True,���������泥�,168.0,0.22,142,肄���ㅽ��
004840,True,DRB������,9.34,0.22,2025,肄���ㅽ��
013580,True,怨�猷↔굔���,3.16,0.22,2025,肄���ㅽ��
021320,True,KCC嫄댁��,3.26,0.22,2025,肄���ㅻ��
023530,True,濡���곗�쇳��,61.09,0.22,335,肄���ㅽ��
027410,True,BGF,7.32,0.22,2025,肄���ㅽ��
036460,True,���援�媛���ㅺ났���,24.98,0.22,112,肄���ㅽ��
092230,True,KPX�����⑹��,4.35,0.22,236,肄���ㅽ��
101330,True,紐⑤����댁��,6.09,0.22,2025,肄���ㅻ��
121440,True,怨⑦��議댄����⑹��,8.98,0.22,2025,肄���ㅻ��
460850,True,���援���⑥��,1770.0,0.22,2025,肄���ㅽ��
900260,True,濡���ㅼ��,5.22,0.22,2025,肄���ㅻ��
000370,True,�����������대낫���,4.25,0.23,2025,肄���ㅽ��
000880,True,������,29.63,0.23,111,肄���ㅽ��
00088K,True,������3���B,11.88,0.23,111,肄���ㅽ��
001270,True,遺�援�利�沅�,22.79,0.23,2025,肄���ㅽ��
001275,True,遺�援�利�沅����,11.37,0.23,2025,肄���ㅽ��
002920,True,�����깃린���,20.36,0.23,2025,肄���ㅽ��
003300,True,�����쇳����⑹��,12.81,0.23,2025,肄���ㅽ��
005800,True,���������肄�猷�,22.74,0.23,2025,肄���ㅽ��
005960,True,���遺�嫄댁��,4.01,0.23,2025,肄���ㅽ��
005965,True,���遺�嫄댁�ㅼ��,8.55,0.23,2025,肄���ㅽ��
009200,True,臾대┝�����댄��,369.0,0.23,2025,肄���ㅽ��
036530,True,SNT�����⑹��,7.87,0.23,2025,肄���ㅽ��
900250,True,��щ━��ㅽ�����������,4.48,0.23,2025,肄���ㅻ��
000400,True,濡���곗����대낫���,12.15,0.24,2025,肄���ㅽ��
000590,True,CS�����⑹��,3.28,0.24,242,肄���ㅽ��
000670,True,������,422.0,0.24,206,肄���ㅽ��
000950,True,���諛�,2.03,0.24,184,肄���ㅽ��
001450,True,��������댁��,2.73,0.24,121,肄���ㅽ��
001750,True,������利�沅�,6.43,0.24,2025,肄���ㅽ��
001755,True,������利�沅����,6.39,0.24,2025,肄���ㅽ��
002030,True,�����몄��,13.58,0.24,548,肄���ㅽ��
002820,True,SUN&L,303.0,0.24,2025,肄���ㅽ��
004150,True,�����������⑹��,19.3,0.24,2025,肄���ㅽ��
030530,True,�����듯����⑹��,163.0,0.24,2025,肄���ㅻ��
050110,True,罹�������,1914.0,0.24,2025,肄���ㅻ��
057050,True,�����������쇳��,10.05,0.24,179,肄���ㅽ��
128820,True,�����깆�곗��,196.0,0.24,2025,肄���ㅽ��
001520,True,������,326.0,0.25,2025,肄���ㅽ��
001525,True,���������,326.0,0.25,2025,肄���ㅽ��
001527,True,������2���B,326.0,0.25,2025,肄���ㅽ��
002320,True,���吏�,103.0,0.25,2025,肄���ㅽ��
003480,True,���吏�以�怨듭�������⑹��,2.52,0.25,2025,肄���ㅽ��
004890,True,�����쇱�곗��,5321.0,0.25,189,肄���ㅽ��
012620,True,�����쇳�밴��,4.96,0.25,2025,肄���ㅻ��
037350,True,��깅����댁��吏�,8.07,0.25,2025,肄���ㅻ��
363280,True,��곗����댄����⑹��,1031.0,0.25,2025,肄���ㅽ��
36328K,True,��곗����댄����⑹�ㅼ��,1031.0,0.25,2025,肄���ㅽ��
002690,True,�����쇱��媛�,4.39,0.26,2025,肄���ㅽ��
003200,True,��쇱��諛⑹��,11.45,0.26,2025,肄���ㅽ��
003380,True,���由쇱��二�,14.34,0.26,2025,肄���ㅻ��
005710,True,��������곗��,3.5,0.26,2025,肄���ㅻ��
006120,True,SK�����ㅼ빱踰�由�,9.09,0.26,150,肄���ㅽ��
006125,True,SK�����ㅼ빱踰�由ъ��,6.19,0.26,150,肄���ㅽ��
129260,True,��명�곗�����,7.49,0.26,2025,肄���ㅽ��
002020,True,肄���ㅻ”,8727.0,0.27,2025,肄���ㅽ��
002025,True,肄���ㅻ”���,8727.0,0.27,2025,肄���ㅽ��
002460,True,HS������,4.6,0.27,2025,肄���ㅽ��
003460,True,������利�沅�,21.02,0.27,2025,肄���ㅽ��
003465,True,������利�沅����,20.79,0.27,2025,肄���ㅽ��
004440,True,��쇱�쇱�⑥��������,50.0,0.27,2025,肄���ㅽ��
007680,True,������,741.0,0.27,2025,肄���ㅻ��
024110,True,湲곗��������,6.9,0.27,2025,肄���ㅽ��
024830,True,��몄��臾쇱��,4.24,0.27,2025,肄���ㅻ��
030210,True,��ㅼ�ы�ъ��利�沅�,22.79,0.27,2025,肄���ㅽ��
033920,True,臾댄��,,0.27,2025,肄���ㅽ��
104480,True,��곗����댁��誘몄뭡,1115.0,0.27,2025,肄���ㅻ��
241820,True,��쇱�⑥��,16917.0,0.27,2025,肄���ㅻ��
267290,True,寃쎈��������媛����,4.03,0.27,2025,肄���ㅽ��
001230,True,���援������⑹��,20.55,0.28,2025,肄���ㅽ��
003120,True,��쇱�깆����댁�����,134.86,0.28,2025,肄���ㅽ��
004990,True,濡���곗��二�,6125.0,0.28,2025,肄���ㅽ��
00499K,True,濡���곗��二쇱��,6125.0,0.28,2025,肄���ㅽ��
006980,True,��곗��,5.06,0.28,2025,肄���ㅽ��
007860,True,������,2.33,0.28,2025,肄���ㅽ��
010100,True,���援�臾대����μ��,4.75,0.28,2025,肄���ㅽ��
016250,True,SGC E&C,12847.0,0.28,2025,肄���ㅻ��
019010,True,踰���댁��,5.28,0.28,2025,肄���ㅻ��
023410,True,���吏�湲곗��,16.63,0.28,2025,肄���ㅻ��
029530,True,������由ъ��,27.77,0.28,114,肄���ㅽ��
032940,True,������,6.41,0.28,2025,肄���ㅻ��
052330,True,肄����,6.31,0.28,2025,肄���ㅻ��
069960,True,������諛깊�����,9.45,0.28,209,肄���ㅽ��
000320,True,��몃（�����⑹��,9.48,0.29,2025,肄���ㅽ��
000325,True,��몃（�����⑹�ㅼ��,12.99,0.29,2025,肄���ㅽ��
011370,True,������,2.36,0.29,2025,肄���ㅻ��
012160,True,������,474.0,0.29,2025,肄���ㅽ��
014710,True,��ъ“��⑦�몃��,1637.0,0.29,2025,肄���ㅽ��
029460,True,耳���댁��,10.26,0.29,2025,肄���ㅽ��
032830,True,��쇱�깆��紐�,19.76,0.29,236,肄���ㅽ��
034830,True,���援����吏�������,2.0,0.29,2025,肄���ㅽ��
037710,True,愿�二쇱����멸��,7.0,0.29,102,肄���ㅽ��
072710,True,�����ы����⑹��,4.25,0.29,231,肄���ㅽ��
094840,True,������由щ�������댁�����,4.84,0.29,2025,肄���ㅻ��
200880,True,�����곗�댄��,3.47,0.29,2025,肄���ㅽ��
316140,True,��곕━湲���듭��二�,7.6,0.29,2025,肄���ㅽ��
900340,True,��������몃��,4.84,0.29,2025,肄���ㅻ��
000050,True,寃쎈갑,5.62,0.3,2025,肄���ㅽ��
001500,True,������李⑥��沅�,11.58,0.3,2025,肄���ㅽ��
001720,True,������利�沅�,24.33,0.3,188,肄���ㅽ��
002240,True,怨���ㅼ��媛�,11.43,0.3,2025,肄���ㅽ��
006360,True,GS嫄댁��,25.07,0.3,2025,肄���ㅽ��
006660,True,��쇱�깃났議�,7.96,0.3,2025,肄���ㅽ��
009770,True,��쇱��������,3.02,0.3,2025,肄���ㅽ��
015360,True,INVENI,5.41,0.3,109,肄���ㅽ��
020000,True,������,12.98,0.3,2025,肄���ㅽ��
060980,True,HL�����⑹��,40.99,0.3,102,肄���ㅽ��
104700,True,���援�泥�媛�,82.0,0.3,2025,肄���ㅽ��
127710,True,���������寃쎌��,1386.0,0.3,2025,肄���ㅻ��
145995,True,��쇱����ъ��,29380.0,0.3,149,肄���ㅽ��
145990,True,��쇱�����,29380.0,0.3,149,肄���ㅽ��
375500,True,DL��댁�ㅼ��,8.03,0.3,118,肄���ㅽ��
37550K,True,DL��댁�ㅼ�⑥��,3.39,0.3,118,肄���ㅽ��
37550L,True,DL��댁�ㅼ��2���(������),5.11,0.3,118,肄���ㅽ��
002170,True,��쇱����듭��,7.36,0.31,155,肄���ㅽ��
005010,True,��댁�ㅽ��,10.37,0.31,2025,肄���ㅽ��
005990,True,留ㅼ�쇳����⑹��,7.33,0.31,2025,肄���ㅻ��
006200,True,���援������������⑹��,27.58,0.31,2025,肄���ㅽ��
013120,True,������媛�諛�,32.39,0.31,2025,肄���ㅻ��
017650,True,���由쇱��吏�,5.98,0.31,2025,肄���ㅻ��
025530,True,SJM�����⑹��,5.19,0.31,2025,肄���ㅽ��
081580,True,��깆�곗�����,3.68,0.31,2025,肄���ㅻ��
093050,True,LF,8.14,0.31,2025,肄���ㅽ��
121800,True,鍮���댄��,2.84,0.31,2025,肄���ㅻ��
294870,True,HDC��������곗��媛�諛�,9.31,0.31,2025,肄���ㅽ��
000680,True,LS��ㅽ�몄�����,278.0,0.32,2025,肄���ㅽ��
000760,True,��댄����곗��,339.0,0.32,2025,肄���ㅽ��
002380,True,KCC,3.08,0.32,704,肄���ㅽ��
003470,True,���������利�沅�,14.74,0.32,2025,肄���ㅽ��
003475,True,���������利�沅����,13.73,0.32,2025,肄���ㅽ��
003540,True,������利�沅�,15.84,0.32,2025,肄���ㅽ��
003545,True,������利�沅����,10.78,0.32,2025,肄���ㅽ��
003547,True,������利�沅�2���B,10.22,0.32,2025,肄���ㅽ��
003690,True,肄�由ъ��由�,7.64,0.32,2025,肄���ㅽ��
004970,True,�����쇨�����,33.59,0.32,2025,肄���ㅽ��
008110,True,������������,451.0,0.32,2025,肄���ㅽ��
009580,True,臾대┝P&P,544.0,0.32,2025,肄���ㅽ��
015750,True,��깆�고����댄��,4.02,0.32,2025,肄���ㅻ��
025000,True,KPX耳�誘몄뭡,4.75,0.32,133,肄���ㅽ��
035810,True,��댁�������⑹��,11.53,0.32,2025,肄���ㅻ��
084010,True,���������媛�,,0.32,2025,肄���ㅽ��
086790,True,������湲���듭��二�,7.7,0.32,136,肄���ㅽ��
088790,True,吏����,14.46,0.32,2025,肄���ㅽ��
452260,True,������媛ㅻ�щ━���,157.35,0.32,2025,肄���ㅽ��
45226K,True,������媛ㅻ�щ━������,419.41,0.32,2025,肄���ㅽ��
900310,True,而щ�щ�����,37.0,0.32,2025,肄���ㅻ��
003535,True,��������ъ��利�沅����,37.14,0.33,2025,肄���ㅽ��
003530,True,��������ъ��利�沅�,24.98,0.33,2025,肄���ㅽ��
005830,True,DB�����대낫���,8.64,0.33,200,肄���ㅽ��
008420,True,臾몃같泥�媛�,8.3,0.33,2025,肄���ㅽ��
010960,True,��쇳�멸��諛�,5.42,0.33,2025,肄���ㅽ��
013870,True,吏����鍮�肄�由ъ��,5.69,0.33,2025,肄���ㅽ��
023600,True,��쇰낫���吏�,6.5,0.33,2025,肄���ㅻ��
037400,True,��곕━�����고����쇱�댁��,157.0,0.33,2025,肄���ㅻ��
078930,True,GS,,0.33,131,肄���ㅽ��
078935,True,GS���,,0.33,131,肄���ㅽ��
000210,True,DL,3887.0,0.34,173,肄���ㅽ��
000215,True,DL���,3887.0,0.34,173,肄���ㅽ��
000240,True,���援���ㅼ뺨��쇰��,7.55,0.34,2025,肄���ㅽ��
001620,True,耳���대�������대��援���ㅼ��,2.28,0.34,2025,肄���ㅽ��
002220,True,�����쇱��媛�,21.0,0.34,2025,肄���ㅽ��
003650,True,誘몄갹������,3.97,0.34,212,肄���ㅽ��
005740,True,��щ�쇱�댄�댄�������⑹��,5.84,0.34,2025,肄���ㅽ��
005745,True,��щ�쇱�댄�댄�������⑹�ㅼ��,6.31,0.34,2025,肄���ㅽ��
006800,True,誘몃��������利�沅�,38.86,0.34,2025,肄���ㅽ��
006805,True,誘몃��������利�沅����,13.42,0.34,2025,肄���ㅽ��
00680K,True,誘몃��������利�沅�2���B,12.15,0.34,2025,肄���ㅽ��
015760,True,���援�������,3.49,0.34,2025,肄���ㅽ��
031310,True,�����댁��鍮����,51.0,0.34,2025,肄���ㅻ��
03481K,True,��댁�깆�곗��1���,82.0,0.34,2025,肄���ㅻ��
034810,True,��댁�깆�곗��,82.0,0.34,2025,肄���ㅻ��
035890,True,�����ш굔���,3.18,0.34,2025,肄���ㅻ��
036000,True,���由쇰��,0.58,0.34,2025,肄���ㅻ��
041650,True,������釉������댄��,554.0,0.34,2025,肄���ㅽ��
053620,True,������,5.12,0.34,2025,肄���ㅻ��
097780,True,���肄�蹂쇳��,305.0,0.34,2025,肄���ㅻ��
175330,True,JB湲���듭��二�,8.29,0.34,2025,肄���ㅽ��
001390,True,KG耳�誘몄뭡,4.7,0.35,2025,肄���ㅽ��
004590,True,���援�媛�援�,5.24,0.35,2025,肄���ㅻ��
004870,True,��곗�⑥�댄����⑹��,704.0,0.35,2025,肄���ㅽ��
005810,True,�����고����⑹��,7.08,0.35,2025,肄���ㅽ��
006370,True,���援щ갚������,2770.0,0.35,2025,肄���ㅽ��
009970,True,������臾댁�������⑹��,9.23,0.35,176,肄���ㅽ��
032080,True,���利����WB,4.0,0.35,2025,肄���ㅻ��
032560,True,��⑷�������ㅽ��,5.93,0.35,2025,肄���ㅽ��
053700,True,��쇰낫紐⑦�곗��,4.8,0.35,2025,肄���ㅻ��
213500,True,���������吏�,53.25,0.35,2025,肄���ㅽ��
460860,True,���援����媛�,56.69,0.35,2025,肄���ㅽ��
000480,True,CR�����⑹��,434.0,0.36,2025,肄���ㅽ��
001290,True,��������몄��沅�,179.0,0.36,2025,肄���ㅽ��
005680,True,��쇱��������,27.67,0.36,2025,肄���ㅽ��
013310,True,���吏���곗��,7.46,0.36,2025,肄���ㅻ��
023590,True,��ㅼ�곌린���,4.96,0.36,2025,肄���ㅽ��
028080,True,��대㎘��ㅽ����⑹��,2057.0,0.36,2025,肄���ㅻ��
088910,True,�����고����ы����대��,7.05,0.36,2025,肄���ㅻ��
100220,True,鍮����援����,12.59,0.36,2025,肄���ㅽ��
105560,True,KB湲����,10.01,0.36,135,肄���ㅽ��
106240,True,�����명����щ�����,855.0,0.36,2025,肄���ㅻ��
004060,True,SG��멸��臾쇱��,133.75,0.37,2025,肄���ㅽ��
005820,True,���由�,9.64,0.37,2025,肄���ㅽ��
006090,True,��ъ“��ㅼ��,7.36,0.37,2025,肄���ㅽ��
008060,True,������,147.13,0.37,2025,肄���ㅽ��
00806K,True,������1���,120.0,0.37,2025,肄���ㅽ��
010400,True,��곗�������댁��������,1012.0,0.37,2025,肄���ㅽ��
012800,True,���李�,57.78,0.37,2025,肄���ㅽ��
013520,True,�����뱀����쇰����댁��,4.04,0.37,2025,肄���ㅽ��
024070,True,WISCOM,1315.0,0.37,2025,肄���ㅽ��
035080,True,洹몃�������명��,1978.0,0.37,2025,肄���ㅻ��
039560,True,��ㅼ�곕�ㅽ�몄�����,15.52,0.37,2025,肄���ㅻ��
055550,True,������吏�二�,9.42,0.37,2025,肄���ㅽ��
078020,True,LS利�沅�,19.75,0.37,2025,肄���ㅻ��
089470,True,HDC������EP,5.54,0.37,2025,肄���ㅽ��
123700,True,SJM,2.62,0.37,2025,肄���ㅽ��
136490,True,���吏�,2.11,0.37,2025,肄���ㅽ��
183190,True,�����몄�����硫����,9.92,0.37,2025,肄���ㅽ��
000140,True,�����댄�몄��濡������⑹��,5.07,0.38,2025,肄���ㅽ��
000145,True,�����댄�몄��濡������⑹�ㅼ��,6.39,0.38,2025,肄���ㅽ��
002200,True,���援����異���ъ��,97.0,0.38,2025,肄���ㅽ��
008250,True,��닿굔��곗��,554.0,0.38,2025,肄���ㅽ��
009440,True,KC洹몃┛�����⑹��,1522.0,0.38,2025,肄���ㅽ��
037330,True,��몄�������ㅽ�����,31.09,0.38,2025,肄���ㅻ��
037460,True,��쇱��������,5.83,0.38,2025,肄���ㅻ��
054800,True,�����대����ㅽ����⑹��,4.34,0.38,2025,肄���ㅻ��
066900,True,��������댄��,2619.0,0.38,2025,肄���ㅻ��
069730,True,DSR���媛�,3.09,0.38,2025,肄���ㅽ��
080520,True,��ㅻ�����,615.0,0.38,2025,肄���ㅻ��
002070,True,鍮�鍮����,259.0,0.39,2025,肄���ㅽ��
004170,True,�����멸��,234.03,0.39,445,肄���ㅽ��
004800,True,��⑥��,7.87,0.39,123,肄���ㅽ��
007980,True,TP,2.96,0.39,2025,肄���ㅽ��
009140,True,寃쎌�몄�����,9.25,0.39,2025,肄���ㅽ��
033530,True,SJG��몄��,3.23,0.39,2025,肄���ㅽ��
033560,True,釉�猷⑥숴,3.67,0.39,2025,肄���ㅻ��
079430,True,������由щ�����,19.94,0.39,2025,肄���ㅽ��
084695,True,�����������⑹�ㅼ��,23.82,0.39,2025,肄���ㅽ��
084690,True,�����������⑹��,15.25,0.39,2025,肄���ㅽ��
091340,True,S&K��대━���,9.28,0.39,2025,肄���ㅻ��
109960,True,��깊����щ＼,336.0,0.39,2025,肄���ㅻ��
123890,True,���援������곗�����,5.95,0.39,2025,肄���ㅽ��
140520,True,���李쎌�ㅽ��,34.43,0.39,2025,肄���ㅻ��
143210,True,��몄��肄���쇰����댁��,4196.0,0.39,2025,肄���ㅽ��
306200,True,��몄�����媛�,13.16,0.39,356,肄���ㅽ��
900070,True,湲�濡�踰������ㅼ��,9.93,0.39,2025,肄���ㅻ��
002350,True,��μ�쇳����댁��,4.8,0.4,2025,肄���ㅽ��
002355,True,��μ�쇳����댁��1���B,2.92,0.4,2025,肄���ㅽ��
002450,True,��쇱�듭��湲�,5.43,0.4,2025,肄���ㅽ��
002870,True,������,418.0,0.4,2025,肄���ㅽ��
002990,True,湲���멸굔���,3.02,0.4,2025,肄���ㅽ��
002995,True,湲���멸굔��ㅼ��,8.28,0.4,2025,肄���ㅽ��
003610,True,諛⑸┝,46.81,0.4,2025,肄���ㅽ��
003960,True,��ъ“���由�,5.56,0.4,2025,肄���ㅽ��
005750,True,���由쇰�����,10.16,0.4,2025,肄���ㅽ��
009680,True,紐⑦�����,11.53,0.4,2025,肄���ㅽ��
014285,True,湲�媛�怨듭�����,1494.0,0.4,2025,肄���ㅽ��
014280,True,湲�媛�怨듭��,1494.0,0.4,2025,肄���ㅽ��
015860,True,��쇱�������⑹��,10.32,0.4,2025,肄���ㅽ��
016090,True,������,12.15,0.4,2025,肄���ㅽ��
017480,True,��쇳��泥�媛�,11.62,0.4,2025,肄���ㅻ��
019540,True,��쇱��������,1.89,0.4,2025,肄���ㅻ��
031510,True,��ㅼ�ㅽ��,843.0,0.4,2025,肄���ㅻ��
049430,True,肄�硫�濡�,7.3,0.4,2025,肄���ㅻ��
051390,True,YW,9.62,0.4,2025,肄���ㅻ��
053210,True,��ㅼ뭅��대�쇱�댄��,35.34,0.4,2025,肄���ㅽ��
071850,True,罹���ㅽ��肄�由ъ��,252.0,0.4,2025,肄���ㅻ��
073110,True,������������,1357.0,0.4,2025,肄���ㅻ��
088130,True,������������,2.87,0.4,2025,肄���ㅻ��
151860,True,KG���肄����猷⑥��,4.08,0.4,33700,肄���ㅻ��
163560,True,�����쇨��臾대꺼���,,0.4,2025,肄���ㅽ��
001510,True,SK利�沅�,275.62,0.41,2025,肄���ㅽ��
001515,True,SK利�沅����,885.0,0.41,2025,肄���ㅽ��
007690,True,援����������,15.29,0.41,2025,肄���ㅽ��
011560,True,��몃낫�����댁��,8.53,0.41,2025,肄���ㅻ��
013570,True,���������,9.49,0.41,2025,肄���ㅽ��
021050,True,������,221.0,0.41,2025,肄���ㅽ��
024090,True,�����⑥��,11.73,0.41,2025,肄���ㅽ��
044490,True,������,66.33,0.41,2025,肄���ㅻ��
052790,True,��≫��利����������,3.74,0.41,2025,肄���ㅻ��
071055,True,���援�湲���듭��二쇱��,5.79,0.41,131,肄���ㅽ��
071050,True,���援�湲���듭��二�,7.64,0.41,131,肄���ㅽ��
072870,True,硫�媛���ㅽ�곕��,7.85,0.41,2025,肄���ㅻ��
092440,True,湲곗�����湲�,16.0,0.41,2025,肄���ㅽ��
114630,True,��대�쇰━��ㅼ�곕��,17.17,0.41,2025,肄���ㅻ��
145170,True,��몃��������,116.0,0.41,2025,肄���ㅻ��
227840,True,������肄���쇰����댁�������⑹��,3.29,0.41,2025,肄���ㅽ��
383800,True,LX�����⑹��,4.42,0.41,2025,肄���ㅽ��
38380K,True,LX�����⑹��1���,4.36,0.41,2025,肄���ㅽ��
000970,True,���援�二쇱��愿�,9.15,0.42,2025,肄���ㅽ��
005940,True,NH��ъ��利�沅�,13.99,0.42,2025,肄���ㅽ��
005945,True,NH��ъ��利�沅����,11.09,0.42,2025,肄���ㅽ��
006840,True,AK�����⑹��,9553.0,0.42,2025,肄���ㅽ��
009160,True,SIMPAC,26.61,0.42,2025,肄���ㅽ��
011170,True,濡���곗��誘몄뭡,47624.0,0.42,368,肄���ㅽ��
014100,True,硫����������,1073.0,0.42,2025,肄���ㅻ��
016740,True,������,4.43,0.42,2025,肄���ㅽ��
024120,True,KB��ㅽ��������,10.08,0.42,2025,肄���ㅻ��
029780,True,��쇱�깆뭅���,10.12,0.42,2025,肄���ㅽ��
035510,True,�����멸�� I&C,10.7,0.42,2025,肄���ㅽ��
049830,True,��뱀��,18.51,0.42,2025,肄���ㅻ��
056360,True,肄����踰�,20.99,0.42,2025,肄���ㅻ��
073560,True,��곕━�����������ㅼ��,4.89,0.42,2025,肄���ㅻ��
075180,True,���濡���ㅽ��紐⑦�곕��,15.3,0.42,2025,肄���ㅽ��
079960,True,��������댁�����,3.25,0.42,2025,肄���ㅻ��
000430,True,������媛����,23.64,0.43,2025,肄���ㅽ��
001800,True,��ㅻ━��⑦����⑹��,12.87,0.43,2025,肄���ㅽ��
003800,True,�����댁�ㅼ묠���,6.81,0.43,2025,肄���ㅻ��
005430,True,���援�怨듯��,4.48,0.43,113,肄���ㅽ��
024840,True,KBI硫����,,0.43,2025,肄���ㅻ��
036830,True,���釉������명����⑹��,13.25,0.43,2025,肄���ㅻ��
038950,True,�����몃��吏����,112.0,0.43,2025,肄���ㅻ��
065130,True,������吏������대��,1015.0,0.43,2025,肄���ㅻ��
078860,True,��ㅽ����댁�����������,307.0,0.43,2025,肄���ㅻ��
115310,True,��명�щ�����,30.7,0.43,2025,肄���ㅻ��
192440,True,�����쇨��肄�由ъ��,5.19,0.43,2025,肄���ㅻ��
002310,True,�����몄�����吏�,19.14,0.44,2025,肄���ㅽ��
004540,True,源⑤�����������,1263.0,0.44,2025,肄���ㅽ��
004545,True,源⑤����������쇱��,1263.0,0.44,2025,肄���ㅽ��
005880,True,��������댁��,5.41,0.44,2025,肄���ㅽ��
007160,True,��ъ“��곗��,5820.0,0.44,102,肄���ㅽ��
012200,True,怨�������湲�,1299.0,0.44,2025,肄���ㅽ��
012205,True,怨�������湲곗��,1299.0,0.44,2025,肄���ㅽ��
012700,True,由щ��肄����,6.49,0.44,2025,肄���ㅻ��
016450,True,�����몄�����24�����⑹��,1027.0,0.44,2025,肄���ㅽ��
039020,True,��닿굔�����⑹��,173.0,0.44,2025,肄���ㅻ��
044820,True,肄���ㅻ㎘��ㅻ����곗�����,5.23,0.44,2025,肄���ㅽ��
066670,True,�����곗��,18.55,0.44,2025,肄���ㅻ��
071090,True,�����댁�ㅽ��,227.0,0.44,2025,肄���ㅽ��
137940,True,��μ�ㅽ�몄�����,174.0,0.44,2025,肄���ㅻ��
155660,True,DSR,4.94,0.44,2025,肄���ㅽ��
344820,True,KCC湲���쇱��,5237.0,0.44,2025,肄���ㅽ��
004560,True,������鍮���ㅼ����ㅽ��,16.91,0.45,2025,肄���ㅽ��
004910,True,議곌�������명��,4970.0,0.45,2025,肄���ㅽ��
010770,True,�����������⑹��,1.65,0.45,2025,肄���ㅽ��
011760,True,������肄���쇰����댁��,3.99,0.45,2025,肄���ㅽ��
014440,True,���蹂댄�����,5.58,0.45,2025,肄���ㅽ��
016360,True,��쇱�깆��沅�,9.29,0.45,2025,肄���ㅽ��
017890,True,���援����肄�,7.53,0.45,2025,肄���ㅻ��
058860,True,KTis,2.74,0.45,2025,肄���ㅽ��
070960,True,紐⑤����⑺��,19.71,0.45,2025,肄���ㅽ��
080010,True,��댁����ㅽ�몄�����,3.87,0.45,2025,肄���ㅻ��
000500,True,媛���⑥�����,34.88,0.46,2025,肄���ㅽ��
001430,True,��몄��踰���ㅽ�몄��二�,46.27,0.46,2025,肄���ㅽ��
003570,True,SNT��ㅼ�대�대�뱀��,27.43,0.46,2025,肄���ㅽ��
004490,True,��몃갑���吏�,6.47,0.46,2025,肄���ㅽ��
004700,True,議곌����쇳��,36.17,0.46,106,肄���ㅽ��
004780,True,���瑜����愿�,6.73,0.46,2025,肄���ㅻ��
024880,True,耳���댄�쇱�����,7.14,0.46,2025,肄���ㅻ��
036090,True,���吏����,58.0,0.46,2025,肄���ㅻ��
041520,True,��댁�����,13.32,0.46,2025,肄���ㅻ��
043650,True,援�������,19.45,0.46,2025,肄���ㅻ��
050860,True,�����몄�����,9.81,0.46,2025,肄���ㅻ��
065690,True,���而ㅼ��,3.33,0.46,2025,肄���ㅻ��
079650,True,������,49.0,0.46,2025,肄���ㅻ��
096690,True,�����대（���,1188.0,0.46,2025,肄���ㅻ��
123410,True,肄�由ъ�����������,4.37,0.46,2025,肄���ㅻ��
446070,True,���������鍮���고����ъ��,,0.46,2025,肄���ㅽ��
475430,True,��ㅼ�ㅽ�몃��,6.83,0.46,2025,肄���ㅻ��
000700,True,�����������⑹��,11.47,0.47,2025,肄���ㅽ��
001120,True,LX��명�곕�댁�����,12.74,0.47,2025,肄���ㅽ��
002810,True,��쇱��臾댁��,6.41,0.47,2025,肄���ㅽ��
003080,True,SB��깅낫,1.28,0.47,2025,肄���ㅽ��
005160,True,���援���곗��,426.0,0.47,2025,肄���ㅻ��
007210,True,踰쎌��,7.12,0.47,2025,肄���ㅽ��
009290,True,愿����������,16.18,0.47,2025,肄���ㅽ��
016380,True,KG��ㅽ��,4.33,0.47,2025,肄���ㅽ��
023350,True,���援�醫���⑷린���,6.06,0.47,2025,肄���ㅽ��
036190,True,湲������쇱����ㅼ��,7.86,0.47,2025,肄���ㅻ��
036220,True,��ㅼ����ъ�ㅼ�����,26.19,0.47,2025,肄���ㅻ��
038540,True,���������,2650.0,0.47,2025,肄���ㅻ��
049520,True,��������댁��,6.15,0.47,2025,肄���ㅻ��
063760,True,��댁�����,20.44,0.47,2025,肄���ㅻ��
078890,True,媛���④렇猷�,17.35,0.47,2025,肄���ㅻ��
126560,True,��������⑥�����,48.09,0.47,2025,肄���ㅽ��
192400,True,荑�荑������⑹��,6.95,0.47,2025,肄���ㅽ��
402340,True,SK��ㅽ�����,9.1,0.47,112,肄���ㅽ��
000720,True,������嫄댁��,47.56,0.48,2025,肄���ㅽ��
000725,True,������嫄댁�ㅼ��,21.08,0.48,2025,肄���ㅽ��
007330,True,��몃Ⅸ���異�������,9.82,0.48,2025,肄���ㅻ��
007770,True,�����쇳�����,1670.0,0.48,2025,肄���ㅻ��
012320,True,寃쎈����몃����ㅽ��,5.95,0.48,205,肄���ㅽ��
012860,True,紐⑤����댁�ㅼ�����,15.54,0.48,2025,肄���ㅻ��
017900,True,愿�������,46.51,0.48,2025,肄���ㅽ��
031820,True,�����댄�곗�쇱�⑦�곗�����,5.13,0.48,2025,肄���ㅽ��
03473K,True,SK���,11.8,0.48,373,肄���ㅽ��
034730,True,SK,15.83,0.48,373,肄���ㅽ��
038500,True,��쇳�����硫����,45.63,0.48,2025,肄���ㅻ��
054940,True,�����ъ�댁�����,35.63,0.48,2025,肄���ㅻ��
068790,True,DMS,0.93,0.48,2025,肄���ㅻ��
069510,True,�����ㅽ��,3.91,0.48,2025,肄���ㅻ��
084670,True,������怨����,4111.0,0.48,2025,肄���ㅽ��
100250,True,吏���������⑹��,9.6,0.48,2025,肄���ㅽ��
120110,True,肄���ㅻ”��몃��,24.69,0.48,2025,肄���ㅽ��
120115,True,肄���ㅻ”��몃�����,9.04,0.48,2025,肄���ㅽ��
317400,True,�����댁����ㅼ�ㅻ��,5.98,0.48,2025,肄���ㅽ��
405920,True,�����쇱�����,66.0,0.48,2025,肄���ㅻ��
001380,True,SG湲�濡�踰�,22.26,0.49,2025,肄���ㅽ��
002230,True,��쇱����ㅽ��,18.22,0.49,2025,肄���ㅻ��
008470,True,遺���ㅽ��,20.32,0.49,2025,肄���ㅻ��
018500,True,������湲����,2.04,0.49,2025,肄���ㅽ��
024720,True,肄�留������⑹��,6.95,0.49,2025,肄���ㅽ��
027970,True,���援����吏�,176.0,0.49,2025,肄���ㅽ��
031980,True,��쇱����ㅼ����댄����⑹��,19.54,0.49,2025,肄���ㅻ��
045100,True,��������댁��吏�,14.78,0.49,2025,肄���ㅻ��
045060,True,��ㅺ났,6.85,0.49,2025,肄���ㅻ��
060380,True,�����������ㅽ��,9.83,0.49,2025,肄���ㅻ��
067990,True,�����댁��紐⑦�곗��,34.43,0.49,2025,肄���ㅻ��
078000,True,���肄���⑥��,26.15,0.49,2025,肄���ㅽ��
079000,True,��������ㅼ��由ъ��,63.2,0.49,2025,肄���ㅻ��
084110,True,��댁�⑥�ㅺ��濡�踰�,36.37,0.49,2025,肄���ㅻ��
101680,True,���援����諛�湲곌��,560.0,0.49,2025,肄���ㅻ��
237750,True,��쇱�ㅼ�⑦�����,29.51,0.49,2025,肄���ㅻ��
001250,True,GS湲�濡�踰�,10.81,0.5,2025,肄���ㅽ��
001630,True,醫�洹쇰�뱁����⑹��,6.21,0.5,118,肄���ㅽ��
001770,True,SHD,10.67,0.5,2025,肄���ㅽ��
005870,True,��대�����,707.0,0.5,2025,肄���ㅽ��
007070,True,GS由ы�����,39.69,0.5,2025,肄���ㅽ��
007540,True,������,16.35,0.5,2025,肄���ㅽ��
007590,True,���諛⑹��洹몃��,8.21,0.5,2025,肄���ㅽ��
014830,True,���������,8.81,0.5,136,肄���ㅽ��
018310,True,��쇰ぉ�����ㅽ��,9.01,0.5,2025,肄���ㅻ��
023000,True,��쇱��媛����,8.79,0.5,2025,肄���ㅽ��
025750,True,�����������곗��,277.0,0.5,2025,肄���ㅽ��
034590,True,��몄��������媛����,6.19,0.5,2025,肄���ㅽ��
036170,True,�����댁�������μ��,63.16,0.5,2025,肄���ㅻ��
042420,True,��ㅼ�ㅼ��利������⑹��,7.95,0.5,2025,肄���ㅻ��
079980,True,��대�����,40.0,0.5,2025,肄���ㅽ��
093190,True,鍮����濡�,8.25,0.5,2025,肄���ㅻ��
094970,True,�����댁�����,7.01,0.5,2025,肄���ㅻ��
119850,True,吏������⑥�����吏�,14.62,0.5,2025,肄���ㅻ��
228340,True,������������,410.0,0.5,2025,肄���ㅻ��
000390,True,��쇳�������명��,34.08,0.51,2025,肄���ㅽ��
001530,True,DI������,526.0,0.51,2025,肄���ㅽ��
003555,True,LG���,15.08,0.51,167,肄���ㅽ��
003550,True,LG,19.19,0.51,167,肄���ㅽ��
004270,True,��⑥��,6.19,0.51,2025,肄���ㅽ��
004720,True,��������ъ�댁�몄��,15.44,0.51,2025,肄���ㅽ��
011210,True,������������,22.69,0.51,127,肄���ㅽ��
018670,True,SK媛����,9.7,0.51,287,肄���ㅽ��
023760,True,���援�罹���쇳��,3.39,0.51,2025,肄���ㅻ��
030200,True,KT,8.75,0.51,2025,肄���ㅽ��
032280,True,��쇱��,21.2,0.51,2025,肄���ㅻ��
038060,True,猷⑤�����,15.0,0.51,2025,肄���ㅻ��
039490,True,��ㅼ��利�沅�,11.84,0.51,164,肄���ㅽ��
044450,True,KSS��댁��,4.49,0.51,2025,肄���ㅽ��
072950,True,鍮����������,8.61,0.51,2025,肄���ㅻ��
079950,True,��몃��������,1445.0,0.51,2025,肄���ㅻ��
081000,True,��쇱����ㅼ�댁��,28.94,0.51,2025,肄���ㅽ��
083550,True,耳���댁��,66.96,0.51,2025,肄���ㅻ��
090350,True,��몃（�����명��,11.39,0.51,2025,肄���ㅽ��
090355,True,��몃（�����명�몄��,16.65,0.51,2025,肄���ㅽ��
108380,True,���������湲곌났���,9.57,0.51,2025,肄���ㅻ��
115160,True,��대㎘���,1512.0,0.51,2025,肄���ㅻ��
115570,True,��ㅽ�����������,6.73,0.51,2025,肄���ㅻ��
126640,True,���������怨�,5.32,0.51,2025,肄���ㅻ��
181710,True,NHN,1355.0,0.51,2025,肄���ㅽ��
198080,True,罹����,3.2,0.51,2025,肄���ㅻ��
214330,True,湲���몄����댁�����,63.0,0.51,2025,肄���ㅽ��
393970,True,���吏�泥⑤�⑥�����,803.0,0.51,2025,肄���ㅻ��
006650,True,������������,27.82,0.52,295,肄���ㅽ��
010040,True,���援���댄��,531.0,0.52,2025,肄���ㅽ��
017000,True,������醫���⑷��諛�,10.21,0.52,2025,肄���ㅻ��
023800,True,��몄��而⑦�몃·���,6.13,0.52,2025,肄���ㅽ��
025560,True,誘몃����곗��,4.95,0.52,2025,肄���ㅽ��
032640,True,LG��������ъ��,12.91,0.52,2025,肄���ㅽ��
036580,True,�����ㅼ��,896.0,0.52,2025,肄���ㅽ��
044180,True,KD,396.0,0.52,2025,肄���ㅻ��
050120,True,ES���釉�,6.16,0.52,2025,肄���ㅻ��
054040,True,���援�而댄�⑦��,4.14,0.52,2025,肄���ㅻ��
058730,True,��ㅼ�ㅼ��,256.0,0.52,2025,肄���ㅽ��
092780,True,DYP,8.01,0.52,2025,肄���ㅽ��
108670,True,LX�����곗�����,4387.0,0.52,2025,肄���ㅽ��
108675,True,LX�����곗����ㅼ��,4387.0,0.52,2025,肄���ㅽ��
210540,True,��������댄�����,6.01,0.52,2025,肄���ㅽ��
215790,True,��대�몄�몄�ㅽ�몃（癒쇳��,656.0,0.52,2025,肄���ㅻ��
221980,True,耳���대��耳�,8.66,0.52,2025,肄���ㅻ��
900290,True,GRT,5.79,0.52,2025,肄���ㅻ��
007120,True,誘몃�������댁�ㅼ��,435.0,0.53,2025,肄���ㅽ��
012330,True,������紐⑤�����,10.13,0.53,448,肄���ㅽ��
013890,True,吏�������,832.0,0.53,2025,肄���ㅽ��
016600,True,���罹���쇳��,14.0,0.53,730,肄���ㅻ��
031440,True,�����멸����몃��,2.47,0.53,2025,肄���ㅽ��
032750,True,��쇱��,4.82,0.53,2025,肄���ㅻ��
039310,True,��몄��,67.29,0.53,2025,肄���ㅻ��
093380,True,���媛�,12.07,0.53,2025,肄���ㅻ��
187220,True,�����곗�ㅼ��,15.56,0.53,2025,肄���ㅻ��
210980,True,SK�����ㅻ��,34.54,0.53,2025,肄���ㅽ��
240600,True,���吏������щ��濡�吏�,855.0,0.53,2025,肄���ㅻ��
248170,True,������������,6.53,0.53,2025,肄���ㅽ��
280360,True,濡���곗�고�몃��,14.84,0.53,232,肄���ㅽ��
499790,True,GS��쇱�ㅼ��,47.39,0.53,2025,肄���ㅽ��
001040,True,CJ,52.25,0.54,154,肄���ㅽ��
001045,True,CJ���,22.74,0.54,154,肄���ㅽ��
00104K,True,CJ4���(������),45.61,0.54,154,肄���ㅽ��
001740,True,SK��ㅽ�몄�����,24.04,0.54,2025,肄���ㅽ��
003030,True,��몄�����媛�吏�二�,12.23,0.54,445,肄���ㅽ��
006060,True,�����뱀�몃��,9.27,0.54,2025,肄���ㅽ��
006260,True,LS,33.52,0.54,172,肄���ㅽ��
009070,True,KCTC,8.41,0.54,2025,肄���ㅽ��
009270,True,������,22.0,0.54,2025,肄���ㅽ��
009310,True,李몄��吏������대��,1236.0,0.54,2025,肄���ㅽ��
012030,True,DB,4.86,0.54,2025,肄���ㅽ��
019680,True,���援�,116.0,0.54,2025,肄���ㅽ��
019685,True,���援����B,116.0,0.54,2025,肄���ㅽ��
021650,True,���援����鍮�,8.19,0.54,2025,肄���ㅻ��
037560,True,LG��щ��鍮����,1329.0,0.54,2025,肄���ㅽ��
060540,True,�����ㅼ����댄��,15.37,0.54,2025,肄���ㅻ��
075130,True,��������곕��,13.73,0.54,2025,肄���ㅻ��
093920,True,��������명��,6.53,0.54,2025,肄���ㅻ��
103140,True,������,18.7,0.54,2025,肄���ㅽ��
212560,True,��ㅼ�ㅼ�ㅽ��,5.28,0.54,2025,肄���ㅻ��
001790,True,������������,628.0,0.55,2025,肄���ㅽ��
001795,True,�����������뱀��,628.0,0.55,2025,肄���ㅽ��
005090,True,SGC������吏�,4259.0,0.55,2025,肄���ㅽ��
007340,True,DN��ㅽ��紐⑦�곕��,8.15,0.55,2025,肄���ㅽ��
008040,True,��ъ“���������,5.91,0.55,2025,肄���ㅽ��
035000,True,HS������,8.24,0.55,2025,肄���ㅽ��
065680,True,��곗＜��쇰����몃��,12.73,0.55,2025,肄���ㅻ��
067770,True,��몄����곗�����,26.12,0.55,2025,肄���ㅻ��
130740,True,��고�쇱�④��濡�踰�,42.0,0.55,2025,肄���ㅻ��
241770,True,硫�移대��,24.39,0.55,2025,肄���ㅻ��
267980,True,留ㅼ�쇱�����,5.09,0.55,2025,肄���ㅻ��
377740,True,諛���댁�ㅻ�명��,4.76,0.55,2025,肄���ㅽ��
003680,True,�����깃린���,56.0,0.56,2025,肄���ㅽ��
003920,True,��⑥��������,60.28,0.56,2025,肄���ㅽ��
003925,True,��⑥�����������,47.19,0.56,2025,肄���ㅽ��
004430,True,��≪����곗��,96.6,0.56,2025,肄���ㅽ��
004450,True,��쇳�����愿�,14.06,0.56,2025,肄���ㅽ��
009300,True,��쇱��������,7.72,0.56,2025,肄���ㅻ��
010060,True,OCI�����⑹��,4772.0,0.56,190,肄���ㅽ��
016590,True,������������吏�,16.12,0.56,2025,肄���ㅽ��
017370,True,��곗�������ㅽ��,4.12,0.56,2025,肄���ㅽ��
025620,True,李�AI��ъ�ㅼ�����,1239.0,0.56,2025,肄���ㅽ��
037760,True,���������,156.0,0.56,2025,肄���ㅻ��
048470,True,��������ㅽ��,115.18,0.56,2025,肄���ㅻ��
050760,True,�����ㅽ�대━���,25.0,0.56,2025,肄���ㅻ��
053350,True,��대�����,3.19,0.56,2025,肄���ㅻ��
054050,True,�����곕����댁��,9.85,0.56,2025,肄���ㅻ��
080420,True,紐⑤�ㅼ�대�몄묩,58.0,0.56,2025,肄���ㅻ��
111110,True,��몄����ㅼ��,,0.56,2025,肄���ㅽ��
300720,True,�����쇱��硫����,16.03,0.56,2025,肄���ㅽ��
001080,True,留���몄��媛�,45.0,0.57,2025,肄���ㅽ��
002620,True,�����쇳��留������⑹��,9.43,0.57,2025,肄���ㅽ��
005670,True,��몃�����,7.16,0.57,2025,肄���ㅻ��
017510,True,��몃�����湲�,11.92,0.57,2025,肄���ㅻ��
036630,True,��몄��������肄�,257.0,0.57,2025,肄���ㅻ��
038110,True,���肄������쇱�ㅽ��,,0.57,2025,肄���ㅻ��
039010,True,�����������댁�����,5.66,0.57,2025,肄���ㅻ��
042040,True,耳���댄�쇱��������,217.0,0.57,613,肄���ㅻ��
046940,True,��곗��媛�諛�,2.82,0.57,2025,肄���ㅻ��
052420,True,��ㅼ�깆꺼��⑥�����,4.26,0.57,2025,肄���ㅻ��
081150,True,��고��������,24.21,0.57,2025,肄���ㅻ��
084870,True,TBH湲�濡�踰�,26.0,0.57,2025,肄���ㅽ��
100840,True,SNT������吏�,11.84,0.57,2025,肄���ㅽ��
190650,True,肄�由ъ����������ъ��利�沅�,10.14,0.57,2025,肄���ㅻ��
264900,True,��щ�쇱�댁��怨�,,0.57,2025,肄���ㅽ��
26490K,True,��щ�쇱�댁��怨쇱��,,0.57,2025,肄���ㅽ��
002390,True,������,156.0,0.58,2025,肄���ㅽ��
005360,True,紐⑤��誘�,343.0,0.58,2025,肄���ㅽ��
005380,True,������李�,14.18,0.58,351,肄���ㅽ��
005385,True,������李⑥��,7.26,0.58,351,肄���ㅽ��
005387,True,������李�2���B,7.27,0.58,351,肄���ㅽ��
005389,True,������李�3���B,6.96,0.58,351,肄���ㅽ��
007700,True,F&F�����⑹��,7.61,0.58,2025,肄���ㅽ��
009180,True,������濡�吏���ㅽ�깆��,5.26,0.58,2025,肄���ㅽ��
011280,True,���由쇳�ъ��,208.0,0.58,2025,肄���ㅽ��
016800,True,��쇱�����,12.45,0.58,2025,肄���ㅽ��
023810,True,��명��,15.94,0.58,2025,肄���ㅽ��
033540,True,�����쇳��,223.0,0.58,2025,肄���ㅻ��
052900,True,KX�����댄��,12.9,0.58,2025,肄���ㅻ��
054920,True,���而댁�����,78.31,0.58,2025,肄���ㅻ��
073540,True,������������,11.25,0.58,2025,肄���ㅻ��
087600,True,��쎌�������ъ��,92.0,0.58,2025,肄���ㅻ��
109670,True,��⑥�몄�댄��,187.0,0.58,2025,肄���ㅻ��
118000,True,硫����耳����,80.33,0.58,688,肄���ㅽ��
161390,True,���援������댁�댁�ㅽ����щ��濡�吏�,6.61,0.58,2025,肄���ㅽ��
001460,True,BYC,20.78,0.59,2025,肄���ㅽ��
001465,True,BYC���,12.48,0.59,2025,肄���ㅽ��
005320,True,��⑦����대��,50.0,0.59,2025,肄���ㅽ��
007280,True,���援���밴��,15.45,0.59,2025,肄���ㅽ��
024910,True,寃쎌갹��곗��,48.48,0.59,2025,肄���ㅻ��
036800,True,�����댁�ㅼ��蹂댄�듭��,6.05,0.59,2025,肄���ㅻ��
045300,True,��깆�고����щ��,6.7,0.59,2025,肄���ㅻ��
046440,True,KG紐⑤��由ъ�몄��,8.18,0.59,2025,肄���ㅻ��
111380,True,�����멸린���,,0.59,2025,肄���ㅽ��
123420,True,���硫���대�����������,4.16,0.59,2025,肄���ㅻ��
138070,True,���吏������ㅼ��,45.0,0.59,2025,肄���ㅻ��
141000,True,鍮������몃��,11.7,0.59,2025,肄���ㅻ��
308100,True,���吏�湲�濡�踰�,2857.0,0.59,2025,肄���ㅻ��
003010,True,������,6.74,0.6,2025,肄���ㅽ��
004980,True,��깆��������,13.23,0.6,2025,肄���ㅽ��
004985,True,��깆�����������,14.83,0.6,2025,肄���ㅽ��
011780,True,湲���몄�����������,13.21,0.6,221,肄���ㅽ��
011785,True,湲���몄��������������,6.09,0.6,221,肄���ㅽ��
025880,True,耳���댁�⑦�쇰��,4.79,0.6,2025,肄���ㅻ��
033160,True,���耳���댁�����,527.0,0.6,2025,肄���ㅻ��
036560,True,KZ���諛�,22.47,0.6,2025,肄���ㅻ��
042500,True,留���ㅽ��,8.16,0.6,2025,肄���ㅻ��
044780,True,�����댁��耳����,12.0,0.6,2025,肄���ㅻ��
085310,True,���耳����,29.0,0.6,2025,肄���ㅽ��
131030,True,��듯�ъ�ㅼ�����,25.31,0.6,2025,肄���ㅻ��
131180,True,���由�,14.29,0.6,2025,肄���ㅻ��
267270,True,HD嫄댁�ㅺ린怨�,24.35,0.6,2025,肄���ㅽ��
